
=== verilator --lint-only -Wall --top-module rtl_to_pixels_top_pipelined -GIMG_WIDTH=3 -GIMG_HEIGHT=3 /Users/Dilan/Projects/from-rtl-to-pixels/rtl/pixel_pkg.sv /Users/Dilan/Projects/from-rtl-to-pixels/rtl/rgb_to_gray.sv /Users/Dilan/Projects/from-rtl-to-pixels/rtl/elastic_stage.sv /Users/Dilan/Projects/from-rtl-to-pixels/rtl/apb_regs.sv /Users/Dilan/Projects/from-rtl-to-pixels/rtl/pixel_control.sv /Users/Dilan/Projects/from-rtl-to-pixels/rtl/line_buffer.sv /Users/Dilan/Projects/from-rtl-to-pixels/rtl/window_3x3.sv /Users/Dilan/Projects/from-rtl-to-pixels/rtl/sobel_compact.sv /Users/Dilan/Projects/from-rtl-to-pixels/rtl/magnitude_clamp.sv /Users/Dilan/Projects/from-rtl-to-pixels/rtl/threshold_stage.sv /Users/Dilan/Projects/from-rtl-to-pixels/rtl/output_control.sv /Users/Dilan/Projects/from-rtl-to-pixels/rtl/rtl_to_pixels_top_pipelined.sv ===
- V e r i l a t i o n   R e p o r t: Verilator 5.052 2026-09-05 rev vUNKNOWN-built20260905
- Verilator: Built from 0.404 MB sources in 13 modules, into 0.107 MB in 3 C++ files needing 0.000 MB
- Verilator: Walltime 0.051 s (elab=0.011, cvt=0.020, bld=0.000); cpu 0.031 s on 1 threads; allocated 12.938 MB

=== verilator --lint-only -Wall --top-module rtl_to_pixels_top_pipelined -GIMG_WIDTH=5 -GIMG_HEIGHT=4 /Users/Dilan/Projects/from-rtl-to-pixels/rtl/pixel_pkg.sv /Users/Dilan/Projects/from-rtl-to-pixels/rtl/rgb_to_gray.sv /Users/Dilan/Projects/from-rtl-to-pixels/rtl/elastic_stage.sv /Users/Dilan/Projects/from-rtl-to-pixels/rtl/apb_regs.sv /Users/Dilan/Projects/from-rtl-to-pixels/rtl/pixel_control.sv /Users/Dilan/Projects/from-rtl-to-pixels/rtl/line_buffer.sv /Users/Dilan/Projects/from-rtl-to-pixels/rtl/window_3x3.sv /Users/Dilan/Projects/from-rtl-to-pixels/rtl/sobel_compact.sv /Users/Dilan/Projects/from-rtl-to-pixels/rtl/magnitude_clamp.sv /Users/Dilan/Projects/from-rtl-to-pixels/rtl/threshold_stage.sv /Users/Dilan/Projects/from-rtl-to-pixels/rtl/output_control.sv /Users/Dilan/Projects/from-rtl-to-pixels/rtl/rtl_to_pixels_top_pipelined.sv ===
- V e r i l a t i o n   R e p o r t: Verilator 5.052 2026-09-05 rev vUNKNOWN-built20260905
- Verilator: Built from 0.404 MB sources in 13 modules, into 0.107 MB in 3 C++ files needing 0.000 MB
- Verilator: Walltime 0.023 s (elab=0.004, cvt=0.012, bld=0.000); cpu 0.023 s on 1 threads; allocated 12.953 MB

=== verilator --lint-only -Wall --top-module rtl_to_pixels_top_pipelined -GIMG_WIDTH=8 -GIMG_HEIGHT=5 /Users/Dilan/Projects/from-rtl-to-pixels/rtl/pixel_pkg.sv /Users/Dilan/Projects/from-rtl-to-pixels/rtl/rgb_to_gray.sv /Users/Dilan/Projects/from-rtl-to-pixels/rtl/elastic_stage.sv /Users/Dilan/Projects/from-rtl-to-pixels/rtl/apb_regs.sv /Users/Dilan/Projects/from-rtl-to-pixels/rtl/pixel_control.sv /Users/Dilan/Projects/from-rtl-to-pixels/rtl/line_buffer.sv /Users/Dilan/Projects/from-rtl-to-pixels/rtl/window_3x3.sv /Users/Dilan/Projects/from-rtl-to-pixels/rtl/sobel_compact.sv /Users/Dilan/Projects/from-rtl-to-pixels/rtl/magnitude_clamp.sv /Users/Dilan/Projects/from-rtl-to-pixels/rtl/threshold_stage.sv /Users/Dilan/Projects/from-rtl-to-pixels/rtl/output_control.sv /Users/Dilan/Projects/from-rtl-to-pixels/rtl/rtl_to_pixels_top_pipelined.sv ===
- V e r i l a t i o n   R e p o r t: Verilator 5.052 2026-09-05 rev vUNKNOWN-built20260905
- Verilator: Built from 0.404 MB sources in 13 modules, into 0.105 MB in 3 C++ files needing 0.000 MB
- Verilator: Walltime 0.023 s (elab=0.004, cvt=0.011, bld=0.000); cpu 0.023 s on 1 threads; allocated 12.844 MB

=== verilator --lint-only -Wall --top-module rtl_to_pixels_top_pipelined -GIMG_WIDTH=640 -GIMG_HEIGHT=480 /Users/Dilan/Projects/from-rtl-to-pixels/rtl/pixel_pkg.sv /Users/Dilan/Projects/from-rtl-to-pixels/rtl/rgb_to_gray.sv /Users/Dilan/Projects/from-rtl-to-pixels/rtl/elastic_stage.sv /Users/Dilan/Projects/from-rtl-to-pixels/rtl/apb_regs.sv /Users/Dilan/Projects/from-rtl-to-pixels/rtl/pixel_control.sv /Users/Dilan/Projects/from-rtl-to-pixels/rtl/line_buffer.sv /Users/Dilan/Projects/from-rtl-to-pixels/rtl/window_3x3.sv /Users/Dilan/Projects/from-rtl-to-pixels/rtl/sobel_compact.sv /Users/Dilan/Projects/from-rtl-to-pixels/rtl/magnitude_clamp.sv /Users/Dilan/Projects/from-rtl-to-pixels/rtl/threshold_stage.sv /Users/Dilan/Projects/from-rtl-to-pixels/rtl/output_control.sv /Users/Dilan/Projects/from-rtl-to-pixels/rtl/rtl_to_pixels_top_pipelined.sv ===
- V e r i l a t i o n   R e p o r t: Verilator 5.052 2026-09-05 rev vUNKNOWN-built20260905
- Verilator: Built from 0.404 MB sources in 13 modules, into 0.107 MB in 3 C++ files needing 0.000 MB
- Verilator: Walltime 0.023 s (elab=0.003, cvt=0.012, bld=0.000); cpu 0.023 s on 1 threads; allocated 12.859 MB
=== elastic_stage DATA_WIDTH=28 ===
rm -f /var/folders/78/xn7s20w54m75pf1x_198zh980000gn/T/tmp.FwHdLlupIt/results.xml
/opt/homebrew/bin/verilator -cc --exe -Mdir /var/folders/78/xn7s20w54m75pf1x_198zh980000gn/T/tmp.FwHdLlupIt --top-module elastic_stage -GDATA_WIDTH=28 --timescale 1ns/1ps --vpi --public-flat-rw --prefix Vtop -o Vtop -LDFLAGS "-Wl,-rpath,/Users/Dilan/Projects/from-rtl-to-pixels/.venv/lib/python3.14/site-packages/cocotb/libs -L/Users/Dilan/Projects/from-rtl-to-pixels/.venv/lib/python3.14/site-packages/cocotb/libs -lcocotbvpi_verilator"  /Users/Dilan/Projects/from-rtl-to-pixels/rtl/elastic_stage.sv /Users/Dilan/Projects/from-rtl-to-pixels/.venv/lib/python3.14/site-packages/cocotb/share/lib/verilator/verilator.cpp
- V e r i l a t i o n   R e p o r t: Verilator 5.052 2026-09-05 rev vUNKNOWN-built20260905
- Verilator: Built from 0.032 MB sources in 2 modules, into 0.040 MB in 6 C++ files needing 0.000 MB
- Verilator: Walltime 0.010 s (elab=0.000, cvt=0.006, bld=0.000); cpu 0.008 s on 1 threads; allocated 9.938 MB
/Applications/Xcode.app/Contents/Developer/usr/bin/make -C /var/folders/78/xn7s20w54m75pf1x_198zh980000gn/T/tmp.FwHdLlupIt  -f Vtop.mk
c++  -I.  -MMD -I/opt/homebrew/Cellar/verilator/5.052/share/verilator/include -I/opt/homebrew/Cellar/verilator/5.052/share/verilator/include/vltstd -DVERILATOR=1 -DVM_COVERAGE=0 -DVM_SC=0 -DVM_TIMING=0 -DVM_TRACE=0 -DVM_TRACE_FST=0 -DVM_TRACE_VCD=0 -DVM_TRACE_SAIF=0 -DVM_VPI=1 -faligned-new -fbracket-depth=4096 -fcf-protection=none -Xclang -fno-pch-timestamp -Qunused-arguments -Wno-bool-operation -Wno-c++11-narrowing -Wno-constant-logical-operand -Wno-int-in-bool-context -Wno-non-pod-varargs -Wno-parentheses-equality -Wno-shadow -Wno-sign-compare -Wno-tautological-bitwise-compare -Wno-tautological-compare -Wno-uninitialized -Wno-unnecessary-virtual-specifier -Wno-unused-but-set-parameter -Wno-unused-but-set-variable -Wno-unused-parameter -Wno-unused-variable -Wno-vla-cxx-extension      -Os  -c -o verilator.o /Users/Dilan/Projects/from-rtl-to-pixels/.venv/lib/python3.14/site-packages/cocotb/share/lib/verilator/verilator.cpp
c++ -Os  -I.  -MMD -I/opt/homebrew/Cellar/verilator/5.052/share/verilator/include -I/opt/homebrew/Cellar/verilator/5.052/share/verilator/include/vltstd -DVERILATOR=1 -DVM_COVERAGE=0 -DVM_SC=0 -DVM_TIMING=0 -DVM_TRACE=0 -DVM_TRACE_FST=0 -DVM_TRACE_VCD=0 -DVM_TRACE_SAIF=0 -DVM_VPI=1 -faligned-new -fbracket-depth=4096 -fcf-protection=none -Xclang -fno-pch-timestamp -Qunused-arguments -Wno-bool-operation -Wno-c++11-narrowing -Wno-constant-logical-operand -Wno-int-in-bool-context -Wno-non-pod-varargs -Wno-parentheses-equality -Wno-shadow -Wno-sign-compare -Wno-tautological-bitwise-compare -Wno-tautological-compare -Wno-uninitialized -Wno-unnecessary-virtual-specifier -Wno-unused-but-set-parameter -Wno-unused-but-set-variable -Wno-unused-parameter -Wno-unused-variable -Wno-vla-cxx-extension      -c -o verilated.o /opt/homebrew/Cellar/verilator/5.052/share/verilator/include/verilated.cpp
c++ -Os  -I.  -MMD -I/opt/homebrew/Cellar/verilator/5.052/share/verilator/include -I/opt/homebrew/Cellar/verilator/5.052/share/verilator/include/vltstd -DVERILATOR=1 -DVM_COVERAGE=0 -DVM_SC=0 -DVM_TIMING=0 -DVM_TRACE=0 -DVM_TRACE_FST=0 -DVM_TRACE_VCD=0 -DVM_TRACE_SAIF=0 -DVM_VPI=1 -faligned-new -fbracket-depth=4096 -fcf-protection=none -Xclang -fno-pch-timestamp -Qunused-arguments -Wno-bool-operation -Wno-c++11-narrowing -Wno-constant-logical-operand -Wno-int-in-bool-context -Wno-non-pod-varargs -Wno-parentheses-equality -Wno-shadow -Wno-sign-compare -Wno-tautological-bitwise-compare -Wno-tautological-compare -Wno-uninitialized -Wno-unnecessary-virtual-specifier -Wno-unused-but-set-parameter -Wno-unused-but-set-variable -Wno-unused-parameter -Wno-unused-variable -Wno-vla-cxx-extension      -c -o verilated_dpi.o /opt/homebrew/Cellar/verilator/5.052/share/verilator/include/verilated_dpi.cpp
c++ -Os  -I.  -MMD -I/opt/homebrew/Cellar/verilator/5.052/share/verilator/include -I/opt/homebrew/Cellar/verilator/5.052/share/verilator/include/vltstd -DVERILATOR=1 -DVM_COVERAGE=0 -DVM_SC=0 -DVM_TIMING=0 -DVM_TRACE=0 -DVM_TRACE_FST=0 -DVM_TRACE_VCD=0 -DVM_TRACE_SAIF=0 -DVM_VPI=1 -faligned-new -fbracket-depth=4096 -fcf-protection=none -Xclang -fno-pch-timestamp -Qunused-arguments -Wno-bool-operation -Wno-c++11-narrowing -Wno-constant-logical-operand -Wno-int-in-bool-context -Wno-non-pod-varargs -Wno-parentheses-equality -Wno-shadow -Wno-sign-compare -Wno-tautological-bitwise-compare -Wno-tautological-compare -Wno-uninitialized -Wno-unnecessary-virtual-specifier -Wno-unused-but-set-parameter -Wno-unused-but-set-variable -Wno-unused-parameter -Wno-unused-variable -Wno-vla-cxx-extension      -c -o verilated_vpi.o /opt/homebrew/Cellar/verilator/5.052/share/verilator/include/verilated_vpi.cpp
c++ -Os  -I.  -MMD -I/opt/homebrew/Cellar/verilator/5.052/share/verilator/include -I/opt/homebrew/Cellar/verilator/5.052/share/verilator/include/vltstd -DVERILATOR=1 -DVM_COVERAGE=0 -DVM_SC=0 -DVM_TIMING=0 -DVM_TRACE=0 -DVM_TRACE_FST=0 -DVM_TRACE_VCD=0 -DVM_TRACE_SAIF=0 -DVM_VPI=1 -faligned-new -fbracket-depth=4096 -fcf-protection=none -Xclang -fno-pch-timestamp -Qunused-arguments -Wno-bool-operation -Wno-c++11-narrowing -Wno-constant-logical-operand -Wno-int-in-bool-context -Wno-non-pod-varargs -Wno-parentheses-equality -Wno-shadow -Wno-sign-compare -Wno-tautological-bitwise-compare -Wno-tautological-compare -Wno-uninitialized -Wno-unnecessary-virtual-specifier -Wno-unused-but-set-parameter -Wno-unused-but-set-variable -Wno-unused-parameter -Wno-unused-variable -Wno-vla-cxx-extension      -c -o verilated_threads.o /opt/homebrew/Cellar/verilator/5.052/share/verilator/include/verilated_threads.cpp
python3 /opt/homebrew/Cellar/verilator/5.052/share/verilator/bin/verilator_includer -DVL_INCLUDE_OPT=include Vtop.cpp Vtop___024root__0.cpp Vtop__Dpi.cpp Vtop___024root__Slow.cpp Vtop___024root__0__Slow.cpp Vtop__Syms__Slow.cpp > Vtop__ALL.cpp
c++ -Os  -I.  -MMD -I/opt/homebrew/Cellar/verilator/5.052/share/verilator/include -I/opt/homebrew/Cellar/verilator/5.052/share/verilator/include/vltstd -DVERILATOR=1 -DVM_COVERAGE=0 -DVM_SC=0 -DVM_TIMING=0 -DVM_TRACE=0 -DVM_TRACE_FST=0 -DVM_TRACE_VCD=0 -DVM_TRACE_SAIF=0 -DVM_VPI=1 -faligned-new -fbracket-depth=4096 -fcf-protection=none -Xclang -fno-pch-timestamp -Qunused-arguments -Wno-bool-operation -Wno-c++11-narrowing -Wno-constant-logical-operand -Wno-int-in-bool-context -Wno-non-pod-varargs -Wno-parentheses-equality -Wno-shadow -Wno-sign-compare -Wno-tautological-bitwise-compare -Wno-tautological-compare -Wno-uninitialized -Wno-unnecessary-virtual-specifier -Wno-unused-but-set-parameter -Wno-unused-but-set-variable -Wno-unused-parameter -Wno-unused-variable -Wno-vla-cxx-extension      -c -o Vtop__ALL.o Vtop__ALL.cpp
c++  -Wl,-U,__Z15vl_time_stamp64v,-U,__Z13sc_time_stampv,-U,_vlog_startup_routines   -rdynamic verilator.o verilated.o verilated_dpi.o verilated_vpi.o verilated_threads.o Vtop__ALL.a   -Wl,-rpath,/Users/Dilan/Projects/from-rtl-to-pixels/.venv/lib/python3.14/site-packages/cocotb/libs -L/Users/Dilan/Projects/from-rtl-to-pixels/.venv/lib/python3.14/site-packages/cocotb/libs -lcocotbvpi_verilator  -pthread -lpthread -ldl   -o Vtop
rm Vtop__ALL.verilator_deplist.tmp
rm -f /var/folders/78/xn7s20w54m75pf1x_198zh980000gn/T/tmp.FwHdLlupIt/results.xml
COCOTB_TEST_MODULES=test_elastic_stage COCOTB_TESTCASE=  COCOTB_TOPLEVEL=elastic_stage TOPLEVEL_LANG=verilog       \
         /var/folders/78/xn7s20w54m75pf1x_198zh980000gn/T/tmp.FwHdLlupIt/Vtop
     -.--ns INFO     gpi                                ../gpi/GpiCommon.cpp:242  in gpi_load_users                  Loaded entry library: '/Library/Frameworks/Python.framework/Versions/3.14/Python'
     -.--ns INFO     gpi                                ../gpi/GpiCommon.cpp:234  in gpi_load_users                  Running entry func 'initialize' from loaded library '/Users/Dilan/Projects/from-rtl-to-pixels/.venv/lib/python3.14/site-packages/cocotb/simulator.cpython-314-darwin.so'
     -.--ns INFO     pygpi                              ..ib/pygpi/embed.cpp:115  in initialize                      Using Python 3.14.6 interpreter at /Users/Dilan/Projects/from-rtl-to-pixels/.venv/bin/python
     -.--ns INFO     gpi                                ../gpi/GpiCommon.cpp:74   in gpi_print_registered_impl       GPI: VPI support registered
     0.00ns INFO     cocotb.initialize                  Seeding Python random module with 1790116914
     0.00ns INFO     cocotb.initialize                  Initialized cocotb v2.1.0 from /Users/Dilan/Projects/from-rtl-to-pixels/.venv/lib/python3.14/site-packages/cocotb
     0.00ns INFO     cocotb.initialize                  Running on Verilator version 5.052 2026-09-05
     0.00ns INFO     cocotb.regression                  Running tests
     0.00ns INFO     cocotb.regression                  running test_elastic_stage.pass_through_no_stall (1/6)
    31.00ns INFO     cocotb.regression                  test_elastic_stage.pass_through_no_stall passed
    31.00ns INFO     cocotb.regression                  running test_elastic_stage.backpressure_holds_output_stable (2/6)
   102.00ns INFO     cocotb.regression                  test_elastic_stage.backpressure_holds_output_stable passed
   102.00ns INFO     cocotb.regression                  running test_elastic_stage.source_gaps_leave_stage_empty (3/6)
   173.00ns INFO     cocotb.regression                  test_elastic_stage.source_gaps_leave_stage_empty passed
   173.00ns INFO     cocotb.regression                  running test_elastic_stage.replacement_on_consume (4/6)
   214.00ns INFO     cocotb.regression                  test_elastic_stage.replacement_on_consume passed
   214.00ns INFO     cocotb.regression                  running test_elastic_stage.synchronous_reset_discards_stored_token (5/6)
   265.00ns INFO     cocotb.regression                  test_elastic_stage.synchronous_reset_discards_stored_token passed
   265.00ns INFO     cocotb.regression                  running test_elastic_stage.randomized_no_loss_or_duplication (6/6)
  2297.01ns INFO     cocotb.regression                  test_elastic_stage.randomized_no_loss_or_duplication passed
  2297.01ns INFO     cocotb.regression                  ********************************************************************************************************************
                                                        ** TEST                                                        STATUS  SIM TIME (ns)  REAL TIME (s)  RATIO (ns/s) **
                                                        ********************************************************************************************************************
                                                        ** test_elastic_stage.pass_through_no_stall                     PASS          31.00           0.00      89541.29  **
                                                        ** test_elastic_stage.backpressure_holds_output_stable          PASS          71.00           0.00     413391.49  **
                                                        ** test_elastic_stage.source_gaps_leave_stage_empty             PASS          71.00           0.00     618289.14  **
                                                        ** test_elastic_stage.replacement_on_consume                    PASS          41.00           0.00     474443.93  **
                                                        ** test_elastic_stage.synchronous_reset_discards_stored_token   PASS          51.00           0.00     565359.93  **
                                                        ** test_elastic_stage.randomized_no_loss_or_duplication         PASS        2032.00           0.00     745129.99  **
                                                        ********************************************************************************************************************
                                                        ** TESTS=6 PASS=6 FAIL=0 SKIP=0                                             2297.01           0.00     490913.53  **
                                                        ********************************************************************************************************************
- :0: Verilog $finish

=== ARCH_A_RECOVERY_REVALIDATION 3x3 ===
rm -f /var/folders/78/xn7s20w54m75pf1x_198zh980000gn/T/tmp.r998JV3oC3/results.xml
/opt/homebrew/bin/verilator -cc --exe -Mdir /var/folders/78/xn7s20w54m75pf1x_198zh980000gn/T/tmp.r998JV3oC3 --top-module rtl_to_pixels_top -GIMG_WIDTH=3 -GIMG_HEIGHT=3 --timescale 1ns/1ps --vpi --public-flat-rw --prefix Vtop -o Vtop -LDFLAGS "-Wl,-rpath,/Users/Dilan/Projects/from-rtl-to-pixels/.venv/lib/python3.14/site-packages/cocotb/libs -L/Users/Dilan/Projects/from-rtl-to-pixels/.venv/lib/python3.14/site-packages/cocotb/libs -lcocotbvpi_verilator"  /Users/Dilan/Projects/from-rtl-to-pixels/rtl/pixel_pkg.sv /Users/Dilan/Projects/from-rtl-to-pixels/rtl/rgb_to_gray.sv /Users/Dilan/Projects/from-rtl-to-pixels/rtl/elastic_stage.sv /Users/Dilan/Projects/from-rtl-to-pixels/rtl/apb_regs.sv /Users/Dilan/Projects/from-rtl-to-pixels/rtl/pixel_control.sv /Users/Dilan/Projects/from-rtl-to-pixels/rtl/line_buffer.sv /Users/Dilan/Projects/from-rtl-to-pixels/rtl/window_3x3.sv /Users/Dilan/Projects/from-rtl-to-pixels/rtl/sobel_compact.sv /Users/Dilan/Projects/from-rtl-to-pixels/rtl/magnitude_clamp.sv /Users/Dilan/Projects/from-rtl-to-pixels/rtl/threshold_stage.sv /Users/Dilan/Projects/from-rtl-to-pixels/rtl/output_control.sv /Users/Dilan/Projects/from-rtl-to-pixels/rtl/rtl_to_pixels_top.sv /Users/Dilan/Projects/from-rtl-to-pixels/.venv/lib/python3.14/site-packages/cocotb/share/lib/verilator/verilator.cpp
- V e r i l a t i o n   R e p o r t: Verilator 5.052 2026-09-05 rev vUNKNOWN-built20260905
- Verilator: Built from 0.388 MB sources in 13 modules, into 0.251 MB in 7 C++ files needing 0.000 MB
- Verilator: Walltime 0.037 s (elab=0.004, cvt=0.020, bld=0.000); cpu 0.033 s on 1 threads; allocated 13.984 MB
/Applications/Xcode.app/Contents/Developer/usr/bin/make -C /var/folders/78/xn7s20w54m75pf1x_198zh980000gn/T/tmp.r998JV3oC3  -f Vtop.mk
c++  -I.  -MMD -I/opt/homebrew/Cellar/verilator/5.052/share/verilator/include -I/opt/homebrew/Cellar/verilator/5.052/share/verilator/include/vltstd -DVERILATOR=1 -DVM_COVERAGE=0 -DVM_SC=0 -DVM_TIMING=0 -DVM_TRACE=0 -DVM_TRACE_FST=0 -DVM_TRACE_VCD=0 -DVM_TRACE_SAIF=0 -DVM_VPI=1 -faligned-new -fbracket-depth=4096 -fcf-protection=none -Xclang -fno-pch-timestamp -Qunused-arguments -Wno-bool-operation -Wno-c++11-narrowing -Wno-constant-logical-operand -Wno-int-in-bool-context -Wno-non-pod-varargs -Wno-parentheses-equality -Wno-shadow -Wno-sign-compare -Wno-tautological-bitwise-compare -Wno-tautological-compare -Wno-uninitialized -Wno-unnecessary-virtual-specifier -Wno-unused-but-set-parameter -Wno-unused-but-set-variable -Wno-unused-parameter -Wno-unused-variable -Wno-vla-cxx-extension      -Os  -c -o verilator.o /Users/Dilan/Projects/from-rtl-to-pixels/.venv/lib/python3.14/site-packages/cocotb/share/lib/verilator/verilator.cpp
c++ -Os  -I.  -MMD -I/opt/homebrew/Cellar/verilator/5.052/share/verilator/include -I/opt/homebrew/Cellar/verilator/5.052/share/verilator/include/vltstd -DVERILATOR=1 -DVM_COVERAGE=0 -DVM_SC=0 -DVM_TIMING=0 -DVM_TRACE=0 -DVM_TRACE_FST=0 -DVM_TRACE_VCD=0 -DVM_TRACE_SAIF=0 -DVM_VPI=1 -faligned-new -fbracket-depth=4096 -fcf-protection=none -Xclang -fno-pch-timestamp -Qunused-arguments -Wno-bool-operation -Wno-c++11-narrowing -Wno-constant-logical-operand -Wno-int-in-bool-context -Wno-non-pod-varargs -Wno-parentheses-equality -Wno-shadow -Wno-sign-compare -Wno-tautological-bitwise-compare -Wno-tautological-compare -Wno-uninitialized -Wno-unnecessary-virtual-specifier -Wno-unused-but-set-parameter -Wno-unused-but-set-variable -Wno-unused-parameter -Wno-unused-variable -Wno-vla-cxx-extension      -c -o verilated.o /opt/homebrew/Cellar/verilator/5.052/share/verilator/include/verilated.cpp
c++ -Os  -I.  -MMD -I/opt/homebrew/Cellar/verilator/5.052/share/verilator/include -I/opt/homebrew/Cellar/verilator/5.052/share/verilator/include/vltstd -DVERILATOR=1 -DVM_COVERAGE=0 -DVM_SC=0 -DVM_TIMING=0 -DVM_TRACE=0 -DVM_TRACE_FST=0 -DVM_TRACE_VCD=0 -DVM_TRACE_SAIF=0 -DVM_VPI=1 -faligned-new -fbracket-depth=4096 -fcf-protection=none -Xclang -fno-pch-timestamp -Qunused-arguments -Wno-bool-operation -Wno-c++11-narrowing -Wno-constant-logical-operand -Wno-int-in-bool-context -Wno-non-pod-varargs -Wno-parentheses-equality -Wno-shadow -Wno-sign-compare -Wno-tautological-bitwise-compare -Wno-tautological-compare -Wno-uninitialized -Wno-unnecessary-virtual-specifier -Wno-unused-but-set-parameter -Wno-unused-but-set-variable -Wno-unused-parameter -Wno-unused-variable -Wno-vla-cxx-extension      -c -o verilated_dpi.o /opt/homebrew/Cellar/verilator/5.052/share/verilator/include/verilated_dpi.cpp
c++ -Os  -I.  -MMD -I/opt/homebrew/Cellar/verilator/5.052/share/verilator/include -I/opt/homebrew/Cellar/verilator/5.052/share/verilator/include/vltstd -DVERILATOR=1 -DVM_COVERAGE=0 -DVM_SC=0 -DVM_TIMING=0 -DVM_TRACE=0 -DVM_TRACE_FST=0 -DVM_TRACE_VCD=0 -DVM_TRACE_SAIF=0 -DVM_VPI=1 -faligned-new -fbracket-depth=4096 -fcf-protection=none -Xclang -fno-pch-timestamp -Qunused-arguments -Wno-bool-operation -Wno-c++11-narrowing -Wno-constant-logical-operand -Wno-int-in-bool-context -Wno-non-pod-varargs -Wno-parentheses-equality -Wno-shadow -Wno-sign-compare -Wno-tautological-bitwise-compare -Wno-tautological-compare -Wno-uninitialized -Wno-unnecessary-virtual-specifier -Wno-unused-but-set-parameter -Wno-unused-but-set-variable -Wno-unused-parameter -Wno-unused-variable -Wno-vla-cxx-extension      -c -o verilated_vpi.o /opt/homebrew/Cellar/verilator/5.052/share/verilator/include/verilated_vpi.cpp
c++ -Os  -I.  -MMD -I/opt/homebrew/Cellar/verilator/5.052/share/verilator/include -I/opt/homebrew/Cellar/verilator/5.052/share/verilator/include/vltstd -DVERILATOR=1 -DVM_COVERAGE=0 -DVM_SC=0 -DVM_TIMING=0 -DVM_TRACE=0 -DVM_TRACE_FST=0 -DVM_TRACE_VCD=0 -DVM_TRACE_SAIF=0 -DVM_VPI=1 -faligned-new -fbracket-depth=4096 -fcf-protection=none -Xclang -fno-pch-timestamp -Qunused-arguments -Wno-bool-operation -Wno-c++11-narrowing -Wno-constant-logical-operand -Wno-int-in-bool-context -Wno-non-pod-varargs -Wno-parentheses-equality -Wno-shadow -Wno-sign-compare -Wno-tautological-bitwise-compare -Wno-tautological-compare -Wno-uninitialized -Wno-unnecessary-virtual-specifier -Wno-unused-but-set-parameter -Wno-unused-but-set-variable -Wno-unused-parameter -Wno-unused-variable -Wno-vla-cxx-extension      -c -o verilated_threads.o /opt/homebrew/Cellar/verilator/5.052/share/verilator/include/verilated_threads.cpp
python3 /opt/homebrew/Cellar/verilator/5.052/share/verilator/bin/verilator_includer -DVL_INCLUDE_OPT=include Vtop.cpp Vtop___024root__0.cpp Vtop__Dpi.cpp Vtop__ConstPool__0__Slow.cpp Vtop___024root__Slow.cpp Vtop___024root__0__Slow.cpp Vtop__Syms__Slow.cpp > Vtop__ALL.cpp
c++ -Os  -I.  -MMD -I/opt/homebrew/Cellar/verilator/5.052/share/verilator/include -I/opt/homebrew/Cellar/verilator/5.052/share/verilator/include/vltstd -DVERILATOR=1 -DVM_COVERAGE=0 -DVM_SC=0 -DVM_TIMING=0 -DVM_TRACE=0 -DVM_TRACE_FST=0 -DVM_TRACE_VCD=0 -DVM_TRACE_SAIF=0 -DVM_VPI=1 -faligned-new -fbracket-depth=4096 -fcf-protection=none -Xclang -fno-pch-timestamp -Qunused-arguments -Wno-bool-operation -Wno-c++11-narrowing -Wno-constant-logical-operand -Wno-int-in-bool-context -Wno-non-pod-varargs -Wno-parentheses-equality -Wno-shadow -Wno-sign-compare -Wno-tautological-bitwise-compare -Wno-tautological-compare -Wno-uninitialized -Wno-unnecessary-virtual-specifier -Wno-unused-but-set-parameter -Wno-unused-but-set-variable -Wno-unused-parameter -Wno-unused-variable -Wno-vla-cxx-extension      -c -o Vtop__ALL.o Vtop__ALL.cpp
c++  -Wl,-U,__Z15vl_time_stamp64v,-U,__Z13sc_time_stampv,-U,_vlog_startup_routines   -rdynamic verilator.o verilated.o verilated_dpi.o verilated_vpi.o verilated_threads.o Vtop__ALL.a   -Wl,-rpath,/Users/Dilan/Projects/from-rtl-to-pixels/.venv/lib/python3.14/site-packages/cocotb/libs -L/Users/Dilan/Projects/from-rtl-to-pixels/.venv/lib/python3.14/site-packages/cocotb/libs -lcocotbvpi_verilator  -pthread -lpthread -ldl   -o Vtop
rm Vtop__ALL.verilator_deplist.tmp
rm -f /var/folders/78/xn7s20w54m75pf1x_198zh980000gn/T/tmp.r998JV3oC3/results.xml
COCOTB_TEST_MODULES=test_rtl_to_pixels_top_recovery COCOTB_TESTCASE=  COCOTB_TOPLEVEL=rtl_to_pixels_top TOPLEVEL_LANG=verilog       \
         /var/folders/78/xn7s20w54m75pf1x_198zh980000gn/T/tmp.r998JV3oC3/Vtop
     -.--ns INFO     gpi                                ../gpi/GpiCommon.cpp:242  in gpi_load_users                  Loaded entry library: '/Library/Frameworks/Python.framework/Versions/3.14/Python'
     -.--ns INFO     gpi                                ../gpi/GpiCommon.cpp:234  in gpi_load_users                  Running entry func 'initialize' from loaded library '/Users/Dilan/Projects/from-rtl-to-pixels/.venv/lib/python3.14/site-packages/cocotb/simulator.cpython-314-darwin.so'
     -.--ns INFO     pygpi                              ..ib/pygpi/embed.cpp:115  in initialize                      Using Python 3.14.6 interpreter at /Users/Dilan/Projects/from-rtl-to-pixels/.venv/bin/python
     -.--ns INFO     gpi                                ../gpi/GpiCommon.cpp:74   in gpi_print_registered_impl       GPI: VPI support registered
     0.00ns INFO     cocotb.initialize                  Seeding Python random module with 1790116922
     0.00ns INFO     cocotb.initialize                  Initialized cocotb v2.1.0 from /Users/Dilan/Projects/from-rtl-to-pixels/.venv/lib/python3.14/site-packages/cocotb
     0.00ns INFO     cocotb.initialize                  Running on Verilator version 5.052 2026-09-05
     0.00ns INFO     cocotb.regression                  Running tests
     0.00ns INFO     cocotb.regression                  running test_rtl_to_pixels_top_recovery.idle_reset_restores_defaults_and_clean_recovery (1/11)
recovery frame: label=idle-reset accepted_input=9 accepted_output=9 mismatch_count=0
   311.00ns INFO     cocotb.regression                  test_rtl_to_pixels_top_recovery.idle_reset_restores_defaults_and_clean_recovery passed
   311.00ns INFO     cocotb.regression                  running test_rtl_to_pixels_top_recovery.reset_immediately_before_frame_blocks_acceptance (2/11)
recovery frame: label=reset-before-frame accepted_input=9 accepted_output=9 mismatch_count=0
   672.00ns INFO     cocotb.regression                  test_rtl_to_pixels_top_recovery.reset_immediately_before_frame_blocks_acceptance passed
   672.00ns INFO     cocotb.regression                  running test_rtl_to_pixels_top_recovery.reset_after_first_accepted_pixel_recovers (3/11)
recovery frame: label=reset-after-first-pixel accepted_input=9 accepted_output=9 mismatch_count=0
  1063.00ns INFO     cocotb.regression                  test_rtl_to_pixels_top_recovery.reset_after_first_accepted_pixel_recovers passed
  1063.00ns INFO     cocotb.regression                  running test_rtl_to_pixels_top_recovery.reset_mid_line_recovers (4/11)
recovery frame: label=reset-mid-line accepted_input=9 accepted_output=9 mismatch_count=0
  1464.00ns INFO     cocotb.regression                  test_rtl_to_pixels_top_recovery.reset_mid_line_recovers passed
  1464.00ns INFO     cocotb.regression                  running test_rtl_to_pixels_top_recovery.reset_after_eol_recovers (5/11)
recovery frame: label=reset-after-eol accepted_input=9 accepted_output=9 mismatch_count=0
  1875.00ns INFO     cocotb.regression                  test_rtl_to_pixels_top_recovery.reset_after_eol_recovers passed
  1875.00ns INFO     cocotb.regression                  running test_rtl_to_pixels_top_recovery.reset_late_frame_recovers (6/11)
recovery frame: label=reset-late-frame accepted_input=9 accepted_output=9 mismatch_count=0
  2336.01ns INFO     cocotb.regression                  test_rtl_to_pixels_top_recovery.reset_late_frame_recovers passed
  2336.01ns INFO     cocotb.regression                  running test_rtl_to_pixels_top_recovery.reset_during_drain_recovers (7/11)
recovery frame: label=reset-during-drain accepted_input=9 accepted_output=9 mismatch_count=0
  2827.01ns INFO     cocotb.regression                  test_rtl_to_pixels_top_recovery.reset_during_drain_recovers passed
  2827.01ns INFO     cocotb.regression                  running test_rtl_to_pixels_top_recovery.early_eol_aborts_and_recovers (8/11)
recovery frame: label=early-eol accepted_input=9 accepted_output=9 mismatch_count=0
metadata abort: label=early-eol bad_index=1 prior_output_transfers=0 aborted_frame_count=0 recovered_frame_count=1
  3178.01ns INFO     cocotb.regression                  test_rtl_to_pixels_top_recovery.early_eol_aborts_and_recovers passed
  3178.01ns INFO     cocotb.regression                  running test_rtl_to_pixels_top_recovery.missing_row_eol_aborts_and_recovers (9/11)
recovery frame: label=missing-row-eol accepted_input=9 accepted_output=9 mismatch_count=0
metadata abort: label=missing-row-eol bad_index=2 prior_output_transfers=0 aborted_frame_count=0 recovered_frame_count=1
  3539.01ns INFO     cocotb.regression                  test_rtl_to_pixels_top_recovery.missing_row_eol_aborts_and_recovers passed
  3539.01ns INFO     cocotb.regression                  running test_rtl_to_pixels_top_recovery.unexpected_sof_after_partial_output_aborts_and_recovers (10/11)
partial-output precondition: label=unexpected-sof extra_idle_cycles=1 prior_output_transfer=1
recovery frame: label=unexpected-sof accepted_input=9 accepted_output=9 mismatch_count=0
metadata abort: label=unexpected-sof bad_index=5 prior_output_transfers=1 aborted_frame_count=0 recovered_frame_count=1
  3940.01ns INFO     cocotb.regression                  test_rtl_to_pixels_top_recovery.unexpected_sof_after_partial_output_aborts_and_recovers passed
  3940.01ns INFO     cocotb.regression                  running test_rtl_to_pixels_top_recovery.missing_final_eol_aborts_without_frame_completion (11/11)
recovery frame: label=missing-final-eol accepted_input=9 accepted_output=9 mismatch_count=0
metadata abort: label=missing-final-eol bad_index=8 prior_output_transfers=4 aborted_frame_count=0 recovered_frame_count=1
  4361.01ns INFO     cocotb.regression                  test_rtl_to_pixels_top_recovery.missing_final_eol_aborts_without_frame_completion passed
  4361.01ns INFO     cocotb.regression                  *************************************************************************************************************************************************
                                                        ** TEST                                                                                     STATUS  SIM TIME (ns)  REAL TIME (s)  RATIO (ns/s) **
                                                        *************************************************************************************************************************************************
                                                        ** test_rtl_to_pixels_top_recovery.idle_reset_restores_defaults_and_clean_recovery           PASS         311.00           0.03      10426.49  **
                                                        ** test_rtl_to_pixels_top_recovery.reset_immediately_before_frame_blocks_acceptance          PASS         361.00           0.00     399041.85  **
                                                        ** test_rtl_to_pixels_top_recovery.reset_after_first_accepted_pixel_recovers                 PASS         391.00           0.00     447091.67  **
                                                        ** test_rtl_to_pixels_top_recovery.reset_mid_line_recovers                                   PASS         401.00           0.00     453983.51  **
                                                        ** test_rtl_to_pixels_top_recovery.reset_after_eol_recovers                                  PASS         411.00           0.00     464888.49  **
                                                        ** test_rtl_to_pixels_top_recovery.reset_late_frame_recovers                                 PASS         461.00           0.00     477349.20  **
                                                        ** test_rtl_to_pixels_top_recovery.reset_during_drain_recovers                               PASS         491.00           0.00     395144.32  **
                                                        ** test_rtl_to_pixels_top_recovery.early_eol_aborts_and_recovers                             PASS         351.00           0.00     454564.88  **
                                                        ** test_rtl_to_pixels_top_recovery.missing_row_eol_aborts_and_recovers                       PASS         361.00           0.00     463712.24  **
                                                        ** test_rtl_to_pixels_top_recovery.unexpected_sof_after_partial_output_aborts_and_recovers   PASS         401.00           0.00     472204.70  **
                                                        ** test_rtl_to_pixels_top_recovery.missing_final_eol_aborts_without_frame_completion         PASS         421.00           0.00     477008.98  **
                                                        *************************************************************************************************************************************************
                                                        ** TESTS=11 PASS=11 FAIL=0 SKIP=0                                                                        4361.01           0.04     107752.98  **
                                                        *************************************************************************************************************************************************
- :0: Verilog $finish

=== GATE2_B 3x3 ===
rm -f /var/folders/78/xn7s20w54m75pf1x_198zh980000gn/T/tmp.Lniuwdt5aB/results.xml
/opt/homebrew/bin/verilator -cc --exe -Mdir /var/folders/78/xn7s20w54m75pf1x_198zh980000gn/T/tmp.Lniuwdt5aB --top-module rtl_to_pixels_top_pipelined -GIMG_WIDTH=3 -GIMG_HEIGHT=3 --timescale 1ns/1ps --vpi --public-flat-rw --prefix Vtop -o Vtop -LDFLAGS "-Wl,-rpath,/Users/Dilan/Projects/from-rtl-to-pixels/.venv/lib/python3.14/site-packages/cocotb/libs -L/Users/Dilan/Projects/from-rtl-to-pixels/.venv/lib/python3.14/site-packages/cocotb/libs -lcocotbvpi_verilator"  /Users/Dilan/Projects/from-rtl-to-pixels/rtl/pixel_pkg.sv /Users/Dilan/Projects/from-rtl-to-pixels/rtl/rgb_to_gray.sv /Users/Dilan/Projects/from-rtl-to-pixels/rtl/elastic_stage.sv /Users/Dilan/Projects/from-rtl-to-pixels/rtl/apb_regs.sv /Users/Dilan/Projects/from-rtl-to-pixels/rtl/pixel_control.sv /Users/Dilan/Projects/from-rtl-to-pixels/rtl/line_buffer.sv /Users/Dilan/Projects/from-rtl-to-pixels/rtl/window_3x3.sv /Users/Dilan/Projects/from-rtl-to-pixels/rtl/sobel_compact.sv /Users/Dilan/Projects/from-rtl-to-pixels/rtl/magnitude_clamp.sv /Users/Dilan/Projects/from-rtl-to-pixels/rtl/threshold_stage.sv /Users/Dilan/Projects/from-rtl-to-pixels/rtl/output_control.sv /Users/Dilan/Projects/from-rtl-to-pixels/rtl/rtl_to_pixels_top_pipelined.sv /Users/Dilan/Projects/from-rtl-to-pixels/.venv/lib/python3.14/site-packages/cocotb/share/lib/verilator/verilator.cpp
- V e r i l a t i o n   R e p o r t: Verilator 5.052 2026-09-05 rev vUNKNOWN-built20260905
- Verilator: Built from 0.389 MB sources in 13 modules, into 0.291 MB in 7 C++ files needing 0.000 MB
- Verilator: Walltime 0.038 s (elab=0.004, cvt=0.021, bld=0.000); cpu 0.036 s on 1 threads; allocated 14.391 MB
/Applications/Xcode.app/Contents/Developer/usr/bin/make -C /var/folders/78/xn7s20w54m75pf1x_198zh980000gn/T/tmp.Lniuwdt5aB  -f Vtop.mk
c++  -I.  -MMD -I/opt/homebrew/Cellar/verilator/5.052/share/verilator/include -I/opt/homebrew/Cellar/verilator/5.052/share/verilator/include/vltstd -DVERILATOR=1 -DVM_COVERAGE=0 -DVM_SC=0 -DVM_TIMING=0 -DVM_TRACE=0 -DVM_TRACE_FST=0 -DVM_TRACE_VCD=0 -DVM_TRACE_SAIF=0 -DVM_VPI=1 -faligned-new -fbracket-depth=4096 -fcf-protection=none -Xclang -fno-pch-timestamp -Qunused-arguments -Wno-bool-operation -Wno-c++11-narrowing -Wno-constant-logical-operand -Wno-int-in-bool-context -Wno-non-pod-varargs -Wno-parentheses-equality -Wno-shadow -Wno-sign-compare -Wno-tautological-bitwise-compare -Wno-tautological-compare -Wno-uninitialized -Wno-unnecessary-virtual-specifier -Wno-unused-but-set-parameter -Wno-unused-but-set-variable -Wno-unused-parameter -Wno-unused-variable -Wno-vla-cxx-extension      -Os  -c -o verilator.o /Users/Dilan/Projects/from-rtl-to-pixels/.venv/lib/python3.14/site-packages/cocotb/share/lib/verilator/verilator.cpp
c++ -Os  -I.  -MMD -I/opt/homebrew/Cellar/verilator/5.052/share/verilator/include -I/opt/homebrew/Cellar/verilator/5.052/share/verilator/include/vltstd -DVERILATOR=1 -DVM_COVERAGE=0 -DVM_SC=0 -DVM_TIMING=0 -DVM_TRACE=0 -DVM_TRACE_FST=0 -DVM_TRACE_VCD=0 -DVM_TRACE_SAIF=0 -DVM_VPI=1 -faligned-new -fbracket-depth=4096 -fcf-protection=none -Xclang -fno-pch-timestamp -Qunused-arguments -Wno-bool-operation -Wno-c++11-narrowing -Wno-constant-logical-operand -Wno-int-in-bool-context -Wno-non-pod-varargs -Wno-parentheses-equality -Wno-shadow -Wno-sign-compare -Wno-tautological-bitwise-compare -Wno-tautological-compare -Wno-uninitialized -Wno-unnecessary-virtual-specifier -Wno-unused-but-set-parameter -Wno-unused-but-set-variable -Wno-unused-parameter -Wno-unused-variable -Wno-vla-cxx-extension      -c -o verilated.o /opt/homebrew/Cellar/verilator/5.052/share/verilator/include/verilated.cpp
c++ -Os  -I.  -MMD -I/opt/homebrew/Cellar/verilator/5.052/share/verilator/include -I/opt/homebrew/Cellar/verilator/5.052/share/verilator/include/vltstd -DVERILATOR=1 -DVM_COVERAGE=0 -DVM_SC=0 -DVM_TIMING=0 -DVM_TRACE=0 -DVM_TRACE_FST=0 -DVM_TRACE_VCD=0 -DVM_TRACE_SAIF=0 -DVM_VPI=1 -faligned-new -fbracket-depth=4096 -fcf-protection=none -Xclang -fno-pch-timestamp -Qunused-arguments -Wno-bool-operation -Wno-c++11-narrowing -Wno-constant-logical-operand -Wno-int-in-bool-context -Wno-non-pod-varargs -Wno-parentheses-equality -Wno-shadow -Wno-sign-compare -Wno-tautological-bitwise-compare -Wno-tautological-compare -Wno-uninitialized -Wno-unnecessary-virtual-specifier -Wno-unused-but-set-parameter -Wno-unused-but-set-variable -Wno-unused-parameter -Wno-unused-variable -Wno-vla-cxx-extension      -c -o verilated_dpi.o /opt/homebrew/Cellar/verilator/5.052/share/verilator/include/verilated_dpi.cpp
c++ -Os  -I.  -MMD -I/opt/homebrew/Cellar/verilator/5.052/share/verilator/include -I/opt/homebrew/Cellar/verilator/5.052/share/verilator/include/vltstd -DVERILATOR=1 -DVM_COVERAGE=0 -DVM_SC=0 -DVM_TIMING=0 -DVM_TRACE=0 -DVM_TRACE_FST=0 -DVM_TRACE_VCD=0 -DVM_TRACE_SAIF=0 -DVM_VPI=1 -faligned-new -fbracket-depth=4096 -fcf-protection=none -Xclang -fno-pch-timestamp -Qunused-arguments -Wno-bool-operation -Wno-c++11-narrowing -Wno-constant-logical-operand -Wno-int-in-bool-context -Wno-non-pod-varargs -Wno-parentheses-equality -Wno-shadow -Wno-sign-compare -Wno-tautological-bitwise-compare -Wno-tautological-compare -Wno-uninitialized -Wno-unnecessary-virtual-specifier -Wno-unused-but-set-parameter -Wno-unused-but-set-variable -Wno-unused-parameter -Wno-unused-variable -Wno-vla-cxx-extension      -c -o verilated_vpi.o /opt/homebrew/Cellar/verilator/5.052/share/verilator/include/verilated_vpi.cpp
c++ -Os  -I.  -MMD -I/opt/homebrew/Cellar/verilator/5.052/share/verilator/include -I/opt/homebrew/Cellar/verilator/5.052/share/verilator/include/vltstd -DVERILATOR=1 -DVM_COVERAGE=0 -DVM_SC=0 -DVM_TIMING=0 -DVM_TRACE=0 -DVM_TRACE_FST=0 -DVM_TRACE_VCD=0 -DVM_TRACE_SAIF=0 -DVM_VPI=1 -faligned-new -fbracket-depth=4096 -fcf-protection=none -Xclang -fno-pch-timestamp -Qunused-arguments -Wno-bool-operation -Wno-c++11-narrowing -Wno-constant-logical-operand -Wno-int-in-bool-context -Wno-non-pod-varargs -Wno-parentheses-equality -Wno-shadow -Wno-sign-compare -Wno-tautological-bitwise-compare -Wno-tautological-compare -Wno-uninitialized -Wno-unnecessary-virtual-specifier -Wno-unused-but-set-parameter -Wno-unused-but-set-variable -Wno-unused-parameter -Wno-unused-variable -Wno-vla-cxx-extension      -c -o verilated_threads.o /opt/homebrew/Cellar/verilator/5.052/share/verilator/include/verilated_threads.cpp
python3 /opt/homebrew/Cellar/verilator/5.052/share/verilator/bin/verilator_includer -DVL_INCLUDE_OPT=include Vtop.cpp Vtop___024root__0.cpp Vtop__Dpi.cpp Vtop__ConstPool__0__Slow.cpp Vtop___024root__Slow.cpp Vtop___024root__0__Slow.cpp Vtop__Syms__Slow.cpp > Vtop__ALL.cpp
c++ -Os  -I.  -MMD -I/opt/homebrew/Cellar/verilator/5.052/share/verilator/include -I/opt/homebrew/Cellar/verilator/5.052/share/verilator/include/vltstd -DVERILATOR=1 -DVM_COVERAGE=0 -DVM_SC=0 -DVM_TIMING=0 -DVM_TRACE=0 -DVM_TRACE_FST=0 -DVM_TRACE_VCD=0 -DVM_TRACE_SAIF=0 -DVM_VPI=1 -faligned-new -fbracket-depth=4096 -fcf-protection=none -Xclang -fno-pch-timestamp -Qunused-arguments -Wno-bool-operation -Wno-c++11-narrowing -Wno-constant-logical-operand -Wno-int-in-bool-context -Wno-non-pod-varargs -Wno-parentheses-equality -Wno-shadow -Wno-sign-compare -Wno-tautological-bitwise-compare -Wno-tautological-compare -Wno-uninitialized -Wno-unnecessary-virtual-specifier -Wno-unused-but-set-parameter -Wno-unused-but-set-variable -Wno-unused-parameter -Wno-unused-variable -Wno-vla-cxx-extension      -c -o Vtop__ALL.o Vtop__ALL.cpp
c++  -Wl,-U,__Z15vl_time_stamp64v,-U,__Z13sc_time_stampv,-U,_vlog_startup_routines   -rdynamic verilator.o verilated.o verilated_dpi.o verilated_vpi.o verilated_threads.o Vtop__ALL.a   -Wl,-rpath,/Users/Dilan/Projects/from-rtl-to-pixels/.venv/lib/python3.14/site-packages/cocotb/libs -L/Users/Dilan/Projects/from-rtl-to-pixels/.venv/lib/python3.14/site-packages/cocotb/libs -lcocotbvpi_verilator  -pthread -lpthread -ldl   -o Vtop
rm Vtop__ALL.verilator_deplist.tmp
rm -f /var/folders/78/xn7s20w54m75pf1x_198zh980000gn/T/tmp.Lniuwdt5aB/results.xml
COCOTB_TEST_MODULES=test_rtl_to_pixels_top COCOTB_TESTCASE=  COCOTB_TOPLEVEL=rtl_to_pixels_top_pipelined TOPLEVEL_LANG=verilog       \
         /var/folders/78/xn7s20w54m75pf1x_198zh980000gn/T/tmp.Lniuwdt5aB/Vtop
     -.--ns INFO     gpi                                ../gpi/GpiCommon.cpp:242  in gpi_load_users                  Loaded entry library: '/Library/Frameworks/Python.framework/Versions/3.14/Python'
     -.--ns INFO     gpi                                ../gpi/GpiCommon.cpp:234  in gpi_load_users                  Running entry func 'initialize' from loaded library '/Users/Dilan/Projects/from-rtl-to-pixels/.venv/lib/python3.14/site-packages/cocotb/simulator.cpython-314-darwin.so'
     -.--ns INFO     pygpi                              ..ib/pygpi/embed.cpp:115  in initialize                      Using Python 3.14.6 interpreter at /Users/Dilan/Projects/from-rtl-to-pixels/.venv/bin/python
     -.--ns INFO     gpi                                ../gpi/GpiCommon.cpp:74   in gpi_print_registered_impl       GPI: VPI support registered
     0.00ns INFO     cocotb.initialize                  Seeding Python random module with 1790116931
     0.00ns INFO     cocotb.initialize                  Initialized cocotb v2.1.0 from /Users/Dilan/Projects/from-rtl-to-pixels/.venv/lib/python3.14/site-packages/cocotb
     0.00ns INFO     cocotb.initialize                  Running on Verilator version 5.052 2026-09-05
     0.00ns INFO     cocotb.regression                  Running tests
     0.00ns INFO     cocotb.regression                  running test_rtl_to_pixels_top.run_enable_gates_and_bypass_frame_matches_reference (1/4)
frame compare: threshold=255 bypass=1 accepted_input=9 accepted_output=9 mismatch_count=0
   241.00ns INFO     cocotb.regression                  test_rtl_to_pixels_top.run_enable_gates_and_bypass_frame_matches_reference passed
   241.00ns INFO     cocotb.regression                  running test_rtl_to_pixels_top.thresholded_complete_frame_matches_reference (2/4)
frame compare: threshold=96 bypass=0 accepted_input=9 accepted_output=9 mismatch_count=0
   492.00ns INFO     cocotb.regression                  test_rtl_to_pixels_top.thresholded_complete_frame_matches_reference passed
   492.00ns INFO     cocotb.regression                  running test_rtl_to_pixels_top.final_output_stall_delays_count_and_new_frame_admission (3/4)
frame compare: threshold=128 bypass=1 accepted_input=9 accepted_output=9 mismatch_count=0
   814.00ns INFO     cocotb.regression                  test_rtl_to_pixels_top.final_output_stall_delays_count_and_new_frame_admission passed
   814.00ns INFO     cocotb.regression                  running test_rtl_to_pixels_top.consecutive_frames_with_idle_reconfiguration_match_reference (4/4)
frame compare: threshold=48 bypass=0 accepted_input=9 accepted_output=9 mismatch_count=0
frame compare: threshold=200 bypass=0 accepted_input=9 accepted_output=9 mismatch_count=0
  1275.00ns INFO     cocotb.regression                  test_rtl_to_pixels_top.consecutive_frames_with_idle_reconfiguration_match_reference passed
  1275.00ns INFO     cocotb.regression                  *********************************************************************************************************************************************
                                                        ** TEST                                                                                 STATUS  SIM TIME (ns)  REAL TIME (s)  RATIO (ns/s) **
                                                        *********************************************************************************************************************************************
                                                        ** test_rtl_to_pixels_top.run_enable_gates_and_bypass_frame_matches_reference            PASS         241.00           0.00     229961.83  **
                                                        ** test_rtl_to_pixels_top.thresholded_complete_frame_matches_reference                   PASS         251.00           0.00     421583.02  **
                                                        ** test_rtl_to_pixels_top.final_output_stall_delays_count_and_new_frame_admission        PASS         322.00           0.00     462339.45  **
                                                        ** test_rtl_to_pixels_top.consecutive_frames_with_idle_reconfiguration_match_reference   PASS         461.00           0.00     465774.20  **
                                                        *********************************************************************************************************************************************
                                                        ** TESTS=4 PASS=4 FAIL=0 SKIP=0                                                                      1275.00           0.00     306141.55  **
                                                        *********************************************************************************************************************************************
- :0: Verilog $finish

=== STREAMING_B 3x3 ===
rm -f /var/folders/78/xn7s20w54m75pf1x_198zh980000gn/T/tmp.Vb94yNakLT/results.xml
/opt/homebrew/bin/verilator -cc --exe -Mdir /var/folders/78/xn7s20w54m75pf1x_198zh980000gn/T/tmp.Vb94yNakLT --top-module rtl_to_pixels_top_pipelined -GIMG_WIDTH=3 -GIMG_HEIGHT=3 --timescale 1ns/1ps --vpi --public-flat-rw --prefix Vtop -o Vtop -LDFLAGS "-Wl,-rpath,/Users/Dilan/Projects/from-rtl-to-pixels/.venv/lib/python3.14/site-packages/cocotb/libs -L/Users/Dilan/Projects/from-rtl-to-pixels/.venv/lib/python3.14/site-packages/cocotb/libs -lcocotbvpi_verilator"  /Users/Dilan/Projects/from-rtl-to-pixels/rtl/pixel_pkg.sv /Users/Dilan/Projects/from-rtl-to-pixels/rtl/rgb_to_gray.sv /Users/Dilan/Projects/from-rtl-to-pixels/rtl/elastic_stage.sv /Users/Dilan/Projects/from-rtl-to-pixels/rtl/apb_regs.sv /Users/Dilan/Projects/from-rtl-to-pixels/rtl/pixel_control.sv /Users/Dilan/Projects/from-rtl-to-pixels/rtl/line_buffer.sv /Users/Dilan/Projects/from-rtl-to-pixels/rtl/window_3x3.sv /Users/Dilan/Projects/from-rtl-to-pixels/rtl/sobel_compact.sv /Users/Dilan/Projects/from-rtl-to-pixels/rtl/magnitude_clamp.sv /Users/Dilan/Projects/from-rtl-to-pixels/rtl/threshold_stage.sv /Users/Dilan/Projects/from-rtl-to-pixels/rtl/output_control.sv /Users/Dilan/Projects/from-rtl-to-pixels/rtl/rtl_to_pixels_top_pipelined.sv /Users/Dilan/Projects/from-rtl-to-pixels/.venv/lib/python3.14/site-packages/cocotb/share/lib/verilator/verilator.cpp
- V e r i l a t i o n   R e p o r t: Verilator 5.052 2026-09-05 rev vUNKNOWN-built20260905
- Verilator: Built from 0.389 MB sources in 13 modules, into 0.291 MB in 7 C++ files needing 0.000 MB
- Verilator: Walltime 0.037 s (elab=0.004, cvt=0.021, bld=0.000); cpu 0.034 s on 1 threads; allocated 14.094 MB
/Applications/Xcode.app/Contents/Developer/usr/bin/make -C /var/folders/78/xn7s20w54m75pf1x_198zh980000gn/T/tmp.Vb94yNakLT  -f Vtop.mk
c++  -I.  -MMD -I/opt/homebrew/Cellar/verilator/5.052/share/verilator/include -I/opt/homebrew/Cellar/verilator/5.052/share/verilator/include/vltstd -DVERILATOR=1 -DVM_COVERAGE=0 -DVM_SC=0 -DVM_TIMING=0 -DVM_TRACE=0 -DVM_TRACE_FST=0 -DVM_TRACE_VCD=0 -DVM_TRACE_SAIF=0 -DVM_VPI=1 -faligned-new -fbracket-depth=4096 -fcf-protection=none -Xclang -fno-pch-timestamp -Qunused-arguments -Wno-bool-operation -Wno-c++11-narrowing -Wno-constant-logical-operand -Wno-int-in-bool-context -Wno-non-pod-varargs -Wno-parentheses-equality -Wno-shadow -Wno-sign-compare -Wno-tautological-bitwise-compare -Wno-tautological-compare -Wno-uninitialized -Wno-unnecessary-virtual-specifier -Wno-unused-but-set-parameter -Wno-unused-but-set-variable -Wno-unused-parameter -Wno-unused-variable -Wno-vla-cxx-extension      -Os  -c -o verilator.o /Users/Dilan/Projects/from-rtl-to-pixels/.venv/lib/python3.14/site-packages/cocotb/share/lib/verilator/verilator.cpp
c++ -Os  -I.  -MMD -I/opt/homebrew/Cellar/verilator/5.052/share/verilator/include -I/opt/homebrew/Cellar/verilator/5.052/share/verilator/include/vltstd -DVERILATOR=1 -DVM_COVERAGE=0 -DVM_SC=0 -DVM_TIMING=0 -DVM_TRACE=0 -DVM_TRACE_FST=0 -DVM_TRACE_VCD=0 -DVM_TRACE_SAIF=0 -DVM_VPI=1 -faligned-new -fbracket-depth=4096 -fcf-protection=none -Xclang -fno-pch-timestamp -Qunused-arguments -Wno-bool-operation -Wno-c++11-narrowing -Wno-constant-logical-operand -Wno-int-in-bool-context -Wno-non-pod-varargs -Wno-parentheses-equality -Wno-shadow -Wno-sign-compare -Wno-tautological-bitwise-compare -Wno-tautological-compare -Wno-uninitialized -Wno-unnecessary-virtual-specifier -Wno-unused-but-set-parameter -Wno-unused-but-set-variable -Wno-unused-parameter -Wno-unused-variable -Wno-vla-cxx-extension      -c -o verilated.o /opt/homebrew/Cellar/verilator/5.052/share/verilator/include/verilated.cpp
c++ -Os  -I.  -MMD -I/opt/homebrew/Cellar/verilator/5.052/share/verilator/include -I/opt/homebrew/Cellar/verilator/5.052/share/verilator/include/vltstd -DVERILATOR=1 -DVM_COVERAGE=0 -DVM_SC=0 -DVM_TIMING=0 -DVM_TRACE=0 -DVM_TRACE_FST=0 -DVM_TRACE_VCD=0 -DVM_TRACE_SAIF=0 -DVM_VPI=1 -faligned-new -fbracket-depth=4096 -fcf-protection=none -Xclang -fno-pch-timestamp -Qunused-arguments -Wno-bool-operation -Wno-c++11-narrowing -Wno-constant-logical-operand -Wno-int-in-bool-context -Wno-non-pod-varargs -Wno-parentheses-equality -Wno-shadow -Wno-sign-compare -Wno-tautological-bitwise-compare -Wno-tautological-compare -Wno-uninitialized -Wno-unnecessary-virtual-specifier -Wno-unused-but-set-parameter -Wno-unused-but-set-variable -Wno-unused-parameter -Wno-unused-variable -Wno-vla-cxx-extension      -c -o verilated_dpi.o /opt/homebrew/Cellar/verilator/5.052/share/verilator/include/verilated_dpi.cpp
c++ -Os  -I.  -MMD -I/opt/homebrew/Cellar/verilator/5.052/share/verilator/include -I/opt/homebrew/Cellar/verilator/5.052/share/verilator/include/vltstd -DVERILATOR=1 -DVM_COVERAGE=0 -DVM_SC=0 -DVM_TIMING=0 -DVM_TRACE=0 -DVM_TRACE_FST=0 -DVM_TRACE_VCD=0 -DVM_TRACE_SAIF=0 -DVM_VPI=1 -faligned-new -fbracket-depth=4096 -fcf-protection=none -Xclang -fno-pch-timestamp -Qunused-arguments -Wno-bool-operation -Wno-c++11-narrowing -Wno-constant-logical-operand -Wno-int-in-bool-context -Wno-non-pod-varargs -Wno-parentheses-equality -Wno-shadow -Wno-sign-compare -Wno-tautological-bitwise-compare -Wno-tautological-compare -Wno-uninitialized -Wno-unnecessary-virtual-specifier -Wno-unused-but-set-parameter -Wno-unused-but-set-variable -Wno-unused-parameter -Wno-unused-variable -Wno-vla-cxx-extension      -c -o verilated_vpi.o /opt/homebrew/Cellar/verilator/5.052/share/verilator/include/verilated_vpi.cpp
c++ -Os  -I.  -MMD -I/opt/homebrew/Cellar/verilator/5.052/share/verilator/include -I/opt/homebrew/Cellar/verilator/5.052/share/verilator/include/vltstd -DVERILATOR=1 -DVM_COVERAGE=0 -DVM_SC=0 -DVM_TIMING=0 -DVM_TRACE=0 -DVM_TRACE_FST=0 -DVM_TRACE_VCD=0 -DVM_TRACE_SAIF=0 -DVM_VPI=1 -faligned-new -fbracket-depth=4096 -fcf-protection=none -Xclang -fno-pch-timestamp -Qunused-arguments -Wno-bool-operation -Wno-c++11-narrowing -Wno-constant-logical-operand -Wno-int-in-bool-context -Wno-non-pod-varargs -Wno-parentheses-equality -Wno-shadow -Wno-sign-compare -Wno-tautological-bitwise-compare -Wno-tautological-compare -Wno-uninitialized -Wno-unnecessary-virtual-specifier -Wno-unused-but-set-parameter -Wno-unused-but-set-variable -Wno-unused-parameter -Wno-unused-variable -Wno-vla-cxx-extension      -c -o verilated_threads.o /opt/homebrew/Cellar/verilator/5.052/share/verilator/include/verilated_threads.cpp
python3 /opt/homebrew/Cellar/verilator/5.052/share/verilator/bin/verilator_includer -DVL_INCLUDE_OPT=include Vtop.cpp Vtop___024root__0.cpp Vtop__Dpi.cpp Vtop__ConstPool__0__Slow.cpp Vtop___024root__Slow.cpp Vtop___024root__0__Slow.cpp Vtop__Syms__Slow.cpp > Vtop__ALL.cpp
c++ -Os  -I.  -MMD -I/opt/homebrew/Cellar/verilator/5.052/share/verilator/include -I/opt/homebrew/Cellar/verilator/5.052/share/verilator/include/vltstd -DVERILATOR=1 -DVM_COVERAGE=0 -DVM_SC=0 -DVM_TIMING=0 -DVM_TRACE=0 -DVM_TRACE_FST=0 -DVM_TRACE_VCD=0 -DVM_TRACE_SAIF=0 -DVM_VPI=1 -faligned-new -fbracket-depth=4096 -fcf-protection=none -Xclang -fno-pch-timestamp -Qunused-arguments -Wno-bool-operation -Wno-c++11-narrowing -Wno-constant-logical-operand -Wno-int-in-bool-context -Wno-non-pod-varargs -Wno-parentheses-equality -Wno-shadow -Wno-sign-compare -Wno-tautological-bitwise-compare -Wno-tautological-compare -Wno-uninitialized -Wno-unnecessary-virtual-specifier -Wno-unused-but-set-parameter -Wno-unused-but-set-variable -Wno-unused-parameter -Wno-unused-variable -Wno-vla-cxx-extension      -c -o Vtop__ALL.o Vtop__ALL.cpp
c++  -Wl,-U,__Z15vl_time_stamp64v,-U,__Z13sc_time_stampv,-U,_vlog_startup_routines   -rdynamic verilator.o verilated.o verilated_dpi.o verilated_vpi.o verilated_threads.o Vtop__ALL.a   -Wl,-rpath,/Users/Dilan/Projects/from-rtl-to-pixels/.venv/lib/python3.14/site-packages/cocotb/libs -L/Users/Dilan/Projects/from-rtl-to-pixels/.venv/lib/python3.14/site-packages/cocotb/libs -lcocotbvpi_verilator  -pthread -lpthread -ldl   -o Vtop
rm Vtop__ALL.verilator_deplist.tmp
rm -f /var/folders/78/xn7s20w54m75pf1x_198zh980000gn/T/tmp.Vb94yNakLT/results.xml
COCOTB_TEST_MODULES=test_rtl_to_pixels_top_streaming COCOTB_TESTCASE=  COCOTB_TOPLEVEL=rtl_to_pixels_top_pipelined TOPLEVEL_LANG=verilog       \
         /var/folders/78/xn7s20w54m75pf1x_198zh980000gn/T/tmp.Vb94yNakLT/Vtop
     -.--ns INFO     gpi                                ../gpi/GpiCommon.cpp:242  in gpi_load_users                  Loaded entry library: '/Library/Frameworks/Python.framework/Versions/3.14/Python'
     -.--ns INFO     gpi                                ../gpi/GpiCommon.cpp:234  in gpi_load_users                  Running entry func 'initialize' from loaded library '/Users/Dilan/Projects/from-rtl-to-pixels/.venv/lib/python3.14/site-packages/cocotb/simulator.cpython-314-darwin.so'
     -.--ns INFO     pygpi                              ..ib/pygpi/embed.cpp:115  in initialize                      Using Python 3.14.6 interpreter at /Users/Dilan/Projects/from-rtl-to-pixels/.venv/bin/python
     -.--ns INFO     gpi                                ../gpi/GpiCommon.cpp:74   in gpi_print_registered_impl       GPI: VPI support registered
     0.00ns INFO     cocotb.initialize                  Seeding Python random module with 1790116939
     0.00ns INFO     cocotb.initialize                  Initialized cocotb v2.1.0 from /Users/Dilan/Projects/from-rtl-to-pixels/.venv/lib/python3.14/site-packages/cocotb
     0.00ns INFO     cocotb.initialize                  Running on Verilator version 5.052 2026-09-05
     0.00ns INFO     cocotb.regression                  Running tests
     0.00ns INFO     cocotb.regression                  running test_rtl_to_pixels_top_streaming.randomized_source_gaps_match_reference (1/5)
stream stress frame: ready_mode=always accepted_input=9 accepted_output=9 source_gap_cycles=12 output_stall_cycles=0 mismatch_count=0
   361.00ns INFO     cocotb.regression                  test_rtl_to_pixels_top_streaming.randomized_source_gaps_match_reference passed
   361.00ns INFO     cocotb.regression                  running test_rtl_to_pixels_top_streaming.randomized_downstream_backpressure_is_bit_exact (2/5)
stream stress frame: ready_mode=random accepted_input=9 accepted_output=9 source_gap_cycles=0 output_stall_cycles=8 mismatch_count=0
   692.00ns INFO     cocotb.regression                  test_rtl_to_pixels_top_streaming.randomized_downstream_backpressure_is_bit_exact passed
   692.00ns INFO     cocotb.regression                  running test_rtl_to_pixels_top_streaming.combined_random_gaps_and_backpressure_match_reference (3/5)
stream stress frame: ready_mode=random accepted_input=9 accepted_output=9 source_gap_cycles=13 output_stall_cycles=7 mismatch_count=0
  1093.00ns INFO     cocotb.regression                  test_rtl_to_pixels_top_streaming.combined_random_gaps_and_backpressure_match_reference passed
  1093.00ns INFO     cocotb.regression                  running test_rtl_to_pixels_top_streaming.sof_and_eol_output_stalls_are_stable (4/5)
targeted_stall_coverage: mode=metadata expected={0: 2, 2: 2, 5: 2, 8: 2} observed={0: 2, 2: 2, 5: 2, 8: 2}
stream stress frame: ready_mode=metadata accepted_input=9 accepted_output=9 source_gap_cycles=8 output_stall_cycles=8 mismatch_count=0
  1464.00ns INFO     cocotb.regression                  test_rtl_to_pixels_top_streaming.sof_and_eol_output_stalls_are_stable passed
  1464.00ns INFO     cocotb.regression                  running test_rtl_to_pixels_top_streaming.drain_backpressure_preserves_exact_frame (5/5)
targeted_stall_coverage: mode=drain expected={5: 3, 6: 1, 7: 1, 8: 4} observed={5: 3, 6: 1, 7: 1, 8: 4}
stream stress frame: ready_mode=drain accepted_input=9 accepted_output=9 source_gap_cycles=4 output_stall_cycles=9 mismatch_count=0
  1845.00ns INFO     cocotb.regression                  test_rtl_to_pixels_top_streaming.drain_backpressure_preserves_exact_frame passed
  1845.00ns INFO     cocotb.regression                  ************************************************************************************************************************************************
                                                        ** TEST                                                                                    STATUS  SIM TIME (ns)  REAL TIME (s)  RATIO (ns/s) **
                                                        ************************************************************************************************************************************************
                                                        ** test_rtl_to_pixels_top_streaming.randomized_source_gaps_match_reference                  PASS         361.00           0.03      11646.79  **
                                                        ** test_rtl_to_pixels_top_streaming.randomized_downstream_backpressure_is_bit_exact         PASS         331.00           0.00     337238.91  **
                                                        ** test_rtl_to_pixels_top_streaming.combined_random_gaps_and_backpressure_match_reference   PASS         401.00           0.00     388455.97  **
                                                        ** test_rtl_to_pixels_top_streaming.sof_and_eol_output_stalls_are_stable                    PASS         371.00           0.00     337145.22  **
                                                        ** test_rtl_to_pixels_top_streaming.drain_backpressure_preserves_exact_frame                PASS         381.00           0.00     338103.16  **
                                                        ************************************************************************************************************************************************
                                                        ** TESTS=5 PASS=5 FAIL=0 SKIP=0                                                                         1845.00           0.04      50607.04  **
                                                        ************************************************************************************************************************************************
- :0: Verilog $finish

=== RECOVERY_B 3x3 ===
rm -f /var/folders/78/xn7s20w54m75pf1x_198zh980000gn/T/tmp.J2Uvkoz7pY/results.xml
/opt/homebrew/bin/verilator -cc --exe -Mdir /var/folders/78/xn7s20w54m75pf1x_198zh980000gn/T/tmp.J2Uvkoz7pY --top-module rtl_to_pixels_top_pipelined -GIMG_WIDTH=3 -GIMG_HEIGHT=3 --timescale 1ns/1ps --vpi --public-flat-rw --prefix Vtop -o Vtop -LDFLAGS "-Wl,-rpath,/Users/Dilan/Projects/from-rtl-to-pixels/.venv/lib/python3.14/site-packages/cocotb/libs -L/Users/Dilan/Projects/from-rtl-to-pixels/.venv/lib/python3.14/site-packages/cocotb/libs -lcocotbvpi_verilator"  /Users/Dilan/Projects/from-rtl-to-pixels/rtl/pixel_pkg.sv /Users/Dilan/Projects/from-rtl-to-pixels/rtl/rgb_to_gray.sv /Users/Dilan/Projects/from-rtl-to-pixels/rtl/elastic_stage.sv /Users/Dilan/Projects/from-rtl-to-pixels/rtl/apb_regs.sv /Users/Dilan/Projects/from-rtl-to-pixels/rtl/pixel_control.sv /Users/Dilan/Projects/from-rtl-to-pixels/rtl/line_buffer.sv /Users/Dilan/Projects/from-rtl-to-pixels/rtl/window_3x3.sv /Users/Dilan/Projects/from-rtl-to-pixels/rtl/sobel_compact.sv /Users/Dilan/Projects/from-rtl-to-pixels/rtl/magnitude_clamp.sv /Users/Dilan/Projects/from-rtl-to-pixels/rtl/threshold_stage.sv /Users/Dilan/Projects/from-rtl-to-pixels/rtl/output_control.sv /Users/Dilan/Projects/from-rtl-to-pixels/rtl/rtl_to_pixels_top_pipelined.sv /Users/Dilan/Projects/from-rtl-to-pixels/.venv/lib/python3.14/site-packages/cocotb/share/lib/verilator/verilator.cpp
- V e r i l a t i o n   R e p o r t: Verilator 5.052 2026-09-05 rev vUNKNOWN-built20260905
- Verilator: Built from 0.389 MB sources in 13 modules, into 0.291 MB in 7 C++ files needing 0.000 MB
- Verilator: Walltime 0.036 s (elab=0.004, cvt=0.020, bld=0.000); cpu 0.034 s on 1 threads; allocated 14.234 MB
/Applications/Xcode.app/Contents/Developer/usr/bin/make -C /var/folders/78/xn7s20w54m75pf1x_198zh980000gn/T/tmp.J2Uvkoz7pY  -f Vtop.mk
c++  -I.  -MMD -I/opt/homebrew/Cellar/verilator/5.052/share/verilator/include -I/opt/homebrew/Cellar/verilator/5.052/share/verilator/include/vltstd -DVERILATOR=1 -DVM_COVERAGE=0 -DVM_SC=0 -DVM_TIMING=0 -DVM_TRACE=0 -DVM_TRACE_FST=0 -DVM_TRACE_VCD=0 -DVM_TRACE_SAIF=0 -DVM_VPI=1 -faligned-new -fbracket-depth=4096 -fcf-protection=none -Xclang -fno-pch-timestamp -Qunused-arguments -Wno-bool-operation -Wno-c++11-narrowing -Wno-constant-logical-operand -Wno-int-in-bool-context -Wno-non-pod-varargs -Wno-parentheses-equality -Wno-shadow -Wno-sign-compare -Wno-tautological-bitwise-compare -Wno-tautological-compare -Wno-uninitialized -Wno-unnecessary-virtual-specifier -Wno-unused-but-set-parameter -Wno-unused-but-set-variable -Wno-unused-parameter -Wno-unused-variable -Wno-vla-cxx-extension      -Os  -c -o verilator.o /Users/Dilan/Projects/from-rtl-to-pixels/.venv/lib/python3.14/site-packages/cocotb/share/lib/verilator/verilator.cpp
c++ -Os  -I.  -MMD -I/opt/homebrew/Cellar/verilator/5.052/share/verilator/include -I/opt/homebrew/Cellar/verilator/5.052/share/verilator/include/vltstd -DVERILATOR=1 -DVM_COVERAGE=0 -DVM_SC=0 -DVM_TIMING=0 -DVM_TRACE=0 -DVM_TRACE_FST=0 -DVM_TRACE_VCD=0 -DVM_TRACE_SAIF=0 -DVM_VPI=1 -faligned-new -fbracket-depth=4096 -fcf-protection=none -Xclang -fno-pch-timestamp -Qunused-arguments -Wno-bool-operation -Wno-c++11-narrowing -Wno-constant-logical-operand -Wno-int-in-bool-context -Wno-non-pod-varargs -Wno-parentheses-equality -Wno-shadow -Wno-sign-compare -Wno-tautological-bitwise-compare -Wno-tautological-compare -Wno-uninitialized -Wno-unnecessary-virtual-specifier -Wno-unused-but-set-parameter -Wno-unused-but-set-variable -Wno-unused-parameter -Wno-unused-variable -Wno-vla-cxx-extension      -c -o verilated.o /opt/homebrew/Cellar/verilator/5.052/share/verilator/include/verilated.cpp
c++ -Os  -I.  -MMD -I/opt/homebrew/Cellar/verilator/5.052/share/verilator/include -I/opt/homebrew/Cellar/verilator/5.052/share/verilator/include/vltstd -DVERILATOR=1 -DVM_COVERAGE=0 -DVM_SC=0 -DVM_TIMING=0 -DVM_TRACE=0 -DVM_TRACE_FST=0 -DVM_TRACE_VCD=0 -DVM_TRACE_SAIF=0 -DVM_VPI=1 -faligned-new -fbracket-depth=4096 -fcf-protection=none -Xclang -fno-pch-timestamp -Qunused-arguments -Wno-bool-operation -Wno-c++11-narrowing -Wno-constant-logical-operand -Wno-int-in-bool-context -Wno-non-pod-varargs -Wno-parentheses-equality -Wno-shadow -Wno-sign-compare -Wno-tautological-bitwise-compare -Wno-tautological-compare -Wno-uninitialized -Wno-unnecessary-virtual-specifier -Wno-unused-but-set-parameter -Wno-unused-but-set-variable -Wno-unused-parameter -Wno-unused-variable -Wno-vla-cxx-extension      -c -o verilated_dpi.o /opt/homebrew/Cellar/verilator/5.052/share/verilator/include/verilated_dpi.cpp
c++ -Os  -I.  -MMD -I/opt/homebrew/Cellar/verilator/5.052/share/verilator/include -I/opt/homebrew/Cellar/verilator/5.052/share/verilator/include/vltstd -DVERILATOR=1 -DVM_COVERAGE=0 -DVM_SC=0 -DVM_TIMING=0 -DVM_TRACE=0 -DVM_TRACE_FST=0 -DVM_TRACE_VCD=0 -DVM_TRACE_SAIF=0 -DVM_VPI=1 -faligned-new -fbracket-depth=4096 -fcf-protection=none -Xclang -fno-pch-timestamp -Qunused-arguments -Wno-bool-operation -Wno-c++11-narrowing -Wno-constant-logical-operand -Wno-int-in-bool-context -Wno-non-pod-varargs -Wno-parentheses-equality -Wno-shadow -Wno-sign-compare -Wno-tautological-bitwise-compare -Wno-tautological-compare -Wno-uninitialized -Wno-unnecessary-virtual-specifier -Wno-unused-but-set-parameter -Wno-unused-but-set-variable -Wno-unused-parameter -Wno-unused-variable -Wno-vla-cxx-extension      -c -o verilated_vpi.o /opt/homebrew/Cellar/verilator/5.052/share/verilator/include/verilated_vpi.cpp
c++ -Os  -I.  -MMD -I/opt/homebrew/Cellar/verilator/5.052/share/verilator/include -I/opt/homebrew/Cellar/verilator/5.052/share/verilator/include/vltstd -DVERILATOR=1 -DVM_COVERAGE=0 -DVM_SC=0 -DVM_TIMING=0 -DVM_TRACE=0 -DVM_TRACE_FST=0 -DVM_TRACE_VCD=0 -DVM_TRACE_SAIF=0 -DVM_VPI=1 -faligned-new -fbracket-depth=4096 -fcf-protection=none -Xclang -fno-pch-timestamp -Qunused-arguments -Wno-bool-operation -Wno-c++11-narrowing -Wno-constant-logical-operand -Wno-int-in-bool-context -Wno-non-pod-varargs -Wno-parentheses-equality -Wno-shadow -Wno-sign-compare -Wno-tautological-bitwise-compare -Wno-tautological-compare -Wno-uninitialized -Wno-unnecessary-virtual-specifier -Wno-unused-but-set-parameter -Wno-unused-but-set-variable -Wno-unused-parameter -Wno-unused-variable -Wno-vla-cxx-extension      -c -o verilated_threads.o /opt/homebrew/Cellar/verilator/5.052/share/verilator/include/verilated_threads.cpp
python3 /opt/homebrew/Cellar/verilator/5.052/share/verilator/bin/verilator_includer -DVL_INCLUDE_OPT=include Vtop.cpp Vtop___024root__0.cpp Vtop__Dpi.cpp Vtop__ConstPool__0__Slow.cpp Vtop___024root__Slow.cpp Vtop___024root__0__Slow.cpp Vtop__Syms__Slow.cpp > Vtop__ALL.cpp
c++ -Os  -I.  -MMD -I/opt/homebrew/Cellar/verilator/5.052/share/verilator/include -I/opt/homebrew/Cellar/verilator/5.052/share/verilator/include/vltstd -DVERILATOR=1 -DVM_COVERAGE=0 -DVM_SC=0 -DVM_TIMING=0 -DVM_TRACE=0 -DVM_TRACE_FST=0 -DVM_TRACE_VCD=0 -DVM_TRACE_SAIF=0 -DVM_VPI=1 -faligned-new -fbracket-depth=4096 -fcf-protection=none -Xclang -fno-pch-timestamp -Qunused-arguments -Wno-bool-operation -Wno-c++11-narrowing -Wno-constant-logical-operand -Wno-int-in-bool-context -Wno-non-pod-varargs -Wno-parentheses-equality -Wno-shadow -Wno-sign-compare -Wno-tautological-bitwise-compare -Wno-tautological-compare -Wno-uninitialized -Wno-unnecessary-virtual-specifier -Wno-unused-but-set-parameter -Wno-unused-but-set-variable -Wno-unused-parameter -Wno-unused-variable -Wno-vla-cxx-extension      -c -o Vtop__ALL.o Vtop__ALL.cpp
c++  -Wl,-U,__Z15vl_time_stamp64v,-U,__Z13sc_time_stampv,-U,_vlog_startup_routines   -rdynamic verilator.o verilated.o verilated_dpi.o verilated_vpi.o verilated_threads.o Vtop__ALL.a   -Wl,-rpath,/Users/Dilan/Projects/from-rtl-to-pixels/.venv/lib/python3.14/site-packages/cocotb/libs -L/Users/Dilan/Projects/from-rtl-to-pixels/.venv/lib/python3.14/site-packages/cocotb/libs -lcocotbvpi_verilator  -pthread -lpthread -ldl   -o Vtop
rm Vtop__ALL.verilator_deplist.tmp
rm -f /var/folders/78/xn7s20w54m75pf1x_198zh980000gn/T/tmp.J2Uvkoz7pY/results.xml
COCOTB_TEST_MODULES=test_rtl_to_pixels_top_recovery COCOTB_TESTCASE=  COCOTB_TOPLEVEL=rtl_to_pixels_top_pipelined TOPLEVEL_LANG=verilog       \
         /var/folders/78/xn7s20w54m75pf1x_198zh980000gn/T/tmp.J2Uvkoz7pY/Vtop
     -.--ns INFO     gpi                                ../gpi/GpiCommon.cpp:242  in gpi_load_users                  Loaded entry library: '/Library/Frameworks/Python.framework/Versions/3.14/Python'
     -.--ns INFO     gpi                                ../gpi/GpiCommon.cpp:234  in gpi_load_users                  Running entry func 'initialize' from loaded library '/Users/Dilan/Projects/from-rtl-to-pixels/.venv/lib/python3.14/site-packages/cocotb/simulator.cpython-314-darwin.so'
     -.--ns INFO     pygpi                              ..ib/pygpi/embed.cpp:115  in initialize                      Using Python 3.14.6 interpreter at /Users/Dilan/Projects/from-rtl-to-pixels/.venv/bin/python
     -.--ns INFO     gpi                                ../gpi/GpiCommon.cpp:74   in gpi_print_registered_impl       GPI: VPI support registered
     0.00ns INFO     cocotb.initialize                  Seeding Python random module with 1790116948
     0.00ns INFO     cocotb.initialize                  Initialized cocotb v2.1.0 from /Users/Dilan/Projects/from-rtl-to-pixels/.venv/lib/python3.14/site-packages/cocotb
     0.00ns INFO     cocotb.initialize                  Running on Verilator version 5.052 2026-09-05
     0.00ns INFO     cocotb.regression                  Running tests
     0.00ns INFO     cocotb.regression                  running test_rtl_to_pixels_top_recovery.idle_reset_restores_defaults_and_clean_recovery (1/11)
recovery frame: label=idle-reset accepted_input=9 accepted_output=9 mismatch_count=0
   321.00ns INFO     cocotb.regression                  test_rtl_to_pixels_top_recovery.idle_reset_restores_defaults_and_clean_recovery passed
   321.00ns INFO     cocotb.regression                  running test_rtl_to_pixels_top_recovery.reset_immediately_before_frame_blocks_acceptance (2/11)
recovery frame: label=reset-before-frame accepted_input=9 accepted_output=9 mismatch_count=0
   692.00ns INFO     cocotb.regression                  test_rtl_to_pixels_top_recovery.reset_immediately_before_frame_blocks_acceptance passed
   692.00ns INFO     cocotb.regression                  running test_rtl_to_pixels_top_recovery.reset_after_first_accepted_pixel_recovers (3/11)
recovery frame: label=reset-after-first-pixel accepted_input=9 accepted_output=9 mismatch_count=0
  1093.00ns INFO     cocotb.regression                  test_rtl_to_pixels_top_recovery.reset_after_first_accepted_pixel_recovers passed
  1093.00ns INFO     cocotb.regression                  running test_rtl_to_pixels_top_recovery.reset_mid_line_recovers (4/11)
recovery frame: label=reset-mid-line accepted_input=9 accepted_output=9 mismatch_count=0
  1504.00ns INFO     cocotb.regression                  test_rtl_to_pixels_top_recovery.reset_mid_line_recovers passed
  1504.00ns INFO     cocotb.regression                  running test_rtl_to_pixels_top_recovery.reset_after_eol_recovers (5/11)
recovery frame: label=reset-after-eol accepted_input=9 accepted_output=9 mismatch_count=0
  1925.00ns INFO     cocotb.regression                  test_rtl_to_pixels_top_recovery.reset_after_eol_recovers passed
  1925.00ns INFO     cocotb.regression                  running test_rtl_to_pixels_top_recovery.reset_late_frame_recovers (6/11)
recovery frame: label=reset-late-frame accepted_input=9 accepted_output=9 mismatch_count=0
  2396.01ns INFO     cocotb.regression                  test_rtl_to_pixels_top_recovery.reset_late_frame_recovers passed
  2396.01ns INFO     cocotb.regression                  running test_rtl_to_pixels_top_recovery.reset_during_drain_recovers (7/11)
recovery frame: label=reset-during-drain accepted_input=9 accepted_output=9 mismatch_count=0
  2897.01ns INFO     cocotb.regression                  test_rtl_to_pixels_top_recovery.reset_during_drain_recovers passed
  2897.01ns INFO     cocotb.regression                  running test_rtl_to_pixels_top_recovery.early_eol_aborts_and_recovers (8/11)
recovery frame: label=early-eol accepted_input=9 accepted_output=9 mismatch_count=0
metadata abort: label=early-eol bad_index=1 prior_output_transfers=0 aborted_frame_count=0 recovered_frame_count=1
  3258.01ns INFO     cocotb.regression                  test_rtl_to_pixels_top_recovery.early_eol_aborts_and_recovers passed
  3258.01ns INFO     cocotb.regression                  running test_rtl_to_pixels_top_recovery.missing_row_eol_aborts_and_recovers (9/11)
recovery frame: label=missing-row-eol accepted_input=9 accepted_output=9 mismatch_count=0
metadata abort: label=missing-row-eol bad_index=2 prior_output_transfers=0 aborted_frame_count=0 recovered_frame_count=1
  3629.01ns INFO     cocotb.regression                  test_rtl_to_pixels_top_recovery.missing_row_eol_aborts_and_recovers passed
  3629.01ns INFO     cocotb.regression                  running test_rtl_to_pixels_top_recovery.unexpected_sof_after_partial_output_aborts_and_recovers (10/11)
partial-output precondition: label=unexpected-sof extra_idle_cycles=2 prior_output_transfer=1
recovery frame: label=unexpected-sof accepted_input=9 accepted_output=9 mismatch_count=0
metadata abort: label=unexpected-sof bad_index=5 prior_output_transfers=1 aborted_frame_count=0 recovered_frame_count=1
  4050.01ns INFO     cocotb.regression                  test_rtl_to_pixels_top_recovery.unexpected_sof_after_partial_output_aborts_and_recovers passed
  4050.01ns INFO     cocotb.regression                  running test_rtl_to_pixels_top_recovery.missing_final_eol_aborts_without_frame_completion (11/11)
recovery frame: label=missing-final-eol accepted_input=9 accepted_output=9 mismatch_count=0
metadata abort: label=missing-final-eol bad_index=8 prior_output_transfers=3 aborted_frame_count=0 recovered_frame_count=1
  4481.01ns INFO     cocotb.regression                  test_rtl_to_pixels_top_recovery.missing_final_eol_aborts_without_frame_completion passed
  4481.01ns INFO     cocotb.regression                  *************************************************************************************************************************************************
                                                        ** TEST                                                                                     STATUS  SIM TIME (ns)  REAL TIME (s)  RATIO (ns/s) **
                                                        *************************************************************************************************************************************************
                                                        ** test_rtl_to_pixels_top_recovery.idle_reset_restores_defaults_and_clean_recovery           PASS         321.00           0.03      12768.31  **
                                                        ** test_rtl_to_pixels_top_recovery.reset_immediately_before_frame_blocks_acceptance          PASS         371.00           0.00     378201.72  **
                                                        ** test_rtl_to_pixels_top_recovery.reset_after_first_accepted_pixel_recovers                 PASS         401.00           0.00     429412.96  **
                                                        ** test_rtl_to_pixels_top_recovery.reset_mid_line_recovers                                   PASS         411.00           0.00     450884.31  **
                                                        ** test_rtl_to_pixels_top_recovery.reset_after_eol_recovers                                  PASS         421.00           0.00     445090.52  **
                                                        ** test_rtl_to_pixels_top_recovery.reset_late_frame_recovers                                 PASS         471.00           0.00     457485.42  **
                                                        ** test_rtl_to_pixels_top_recovery.reset_during_drain_recovers                               PASS         501.00           0.00     331943.94  **
                                                        ** test_rtl_to_pixels_top_recovery.early_eol_aborts_and_recovers                             PASS         361.00           0.00     426756.33  **
                                                        ** test_rtl_to_pixels_top_recovery.missing_row_eol_aborts_and_recovers                       PASS         371.00           0.00     449220.54  **
                                                        ** test_rtl_to_pixels_top_recovery.unexpected_sof_after_partial_output_aborts_and_recovers   PASS         421.00           0.00     467431.37  **
                                                        ** test_rtl_to_pixels_top_recovery.missing_final_eol_aborts_without_frame_completion         PASS         431.00           0.00     478136.62  **
                                                        *************************************************************************************************************************************************
                                                        ** TESTS=11 PASS=11 FAIL=0 SKIP=0                                                                        4481.01           0.04     121768.37  **
                                                        *************************************************************************************************************************************************
- :0: Verilog $finish

=== CONFIG_B 3x3 ===
rm -f /var/folders/78/xn7s20w54m75pf1x_198zh980000gn/T/tmp.JbleiNmy1T/results.xml
/opt/homebrew/bin/verilator -cc --exe -Mdir /var/folders/78/xn7s20w54m75pf1x_198zh980000gn/T/tmp.JbleiNmy1T --top-module rtl_to_pixels_top_pipelined -GIMG_WIDTH=3 -GIMG_HEIGHT=3 --timescale 1ns/1ps --vpi --public-flat-rw --prefix Vtop -o Vtop -LDFLAGS "-Wl,-rpath,/Users/Dilan/Projects/from-rtl-to-pixels/.venv/lib/python3.14/site-packages/cocotb/libs -L/Users/Dilan/Projects/from-rtl-to-pixels/.venv/lib/python3.14/site-packages/cocotb/libs -lcocotbvpi_verilator"  /Users/Dilan/Projects/from-rtl-to-pixels/rtl/pixel_pkg.sv /Users/Dilan/Projects/from-rtl-to-pixels/rtl/rgb_to_gray.sv /Users/Dilan/Projects/from-rtl-to-pixels/rtl/elastic_stage.sv /Users/Dilan/Projects/from-rtl-to-pixels/rtl/apb_regs.sv /Users/Dilan/Projects/from-rtl-to-pixels/rtl/pixel_control.sv /Users/Dilan/Projects/from-rtl-to-pixels/rtl/line_buffer.sv /Users/Dilan/Projects/from-rtl-to-pixels/rtl/window_3x3.sv /Users/Dilan/Projects/from-rtl-to-pixels/rtl/sobel_compact.sv /Users/Dilan/Projects/from-rtl-to-pixels/rtl/magnitude_clamp.sv /Users/Dilan/Projects/from-rtl-to-pixels/rtl/threshold_stage.sv /Users/Dilan/Projects/from-rtl-to-pixels/rtl/output_control.sv /Users/Dilan/Projects/from-rtl-to-pixels/rtl/rtl_to_pixels_top_pipelined.sv /Users/Dilan/Projects/from-rtl-to-pixels/.venv/lib/python3.14/site-packages/cocotb/share/lib/verilator/verilator.cpp
- V e r i l a t i o n   R e p o r t: Verilator 5.052 2026-09-05 rev vUNKNOWN-built20260905
- Verilator: Built from 0.389 MB sources in 13 modules, into 0.291 MB in 7 C++ files needing 0.000 MB
- Verilator: Walltime 0.037 s (elab=0.004, cvt=0.021, bld=0.000); cpu 0.036 s on 1 threads; allocated 14.375 MB
/Applications/Xcode.app/Contents/Developer/usr/bin/make -C /var/folders/78/xn7s20w54m75pf1x_198zh980000gn/T/tmp.JbleiNmy1T  -f Vtop.mk
c++  -I.  -MMD -I/opt/homebrew/Cellar/verilator/5.052/share/verilator/include -I/opt/homebrew/Cellar/verilator/5.052/share/verilator/include/vltstd -DVERILATOR=1 -DVM_COVERAGE=0 -DVM_SC=0 -DVM_TIMING=0 -DVM_TRACE=0 -DVM_TRACE_FST=0 -DVM_TRACE_VCD=0 -DVM_TRACE_SAIF=0 -DVM_VPI=1 -faligned-new -fbracket-depth=4096 -fcf-protection=none -Xclang -fno-pch-timestamp -Qunused-arguments -Wno-bool-operation -Wno-c++11-narrowing -Wno-constant-logical-operand -Wno-int-in-bool-context -Wno-non-pod-varargs -Wno-parentheses-equality -Wno-shadow -Wno-sign-compare -Wno-tautological-bitwise-compare -Wno-tautological-compare -Wno-uninitialized -Wno-unnecessary-virtual-specifier -Wno-unused-but-set-parameter -Wno-unused-but-set-variable -Wno-unused-parameter -Wno-unused-variable -Wno-vla-cxx-extension      -Os  -c -o verilator.o /Users/Dilan/Projects/from-rtl-to-pixels/.venv/lib/python3.14/site-packages/cocotb/share/lib/verilator/verilator.cpp
c++ -Os  -I.  -MMD -I/opt/homebrew/Cellar/verilator/5.052/share/verilator/include -I/opt/homebrew/Cellar/verilator/5.052/share/verilator/include/vltstd -DVERILATOR=1 -DVM_COVERAGE=0 -DVM_SC=0 -DVM_TIMING=0 -DVM_TRACE=0 -DVM_TRACE_FST=0 -DVM_TRACE_VCD=0 -DVM_TRACE_SAIF=0 -DVM_VPI=1 -faligned-new -fbracket-depth=4096 -fcf-protection=none -Xclang -fno-pch-timestamp -Qunused-arguments -Wno-bool-operation -Wno-c++11-narrowing -Wno-constant-logical-operand -Wno-int-in-bool-context -Wno-non-pod-varargs -Wno-parentheses-equality -Wno-shadow -Wno-sign-compare -Wno-tautological-bitwise-compare -Wno-tautological-compare -Wno-uninitialized -Wno-unnecessary-virtual-specifier -Wno-unused-but-set-parameter -Wno-unused-but-set-variable -Wno-unused-parameter -Wno-unused-variable -Wno-vla-cxx-extension      -c -o verilated.o /opt/homebrew/Cellar/verilator/5.052/share/verilator/include/verilated.cpp
c++ -Os  -I.  -MMD -I/opt/homebrew/Cellar/verilator/5.052/share/verilator/include -I/opt/homebrew/Cellar/verilator/5.052/share/verilator/include/vltstd -DVERILATOR=1 -DVM_COVERAGE=0 -DVM_SC=0 -DVM_TIMING=0 -DVM_TRACE=0 -DVM_TRACE_FST=0 -DVM_TRACE_VCD=0 -DVM_TRACE_SAIF=0 -DVM_VPI=1 -faligned-new -fbracket-depth=4096 -fcf-protection=none -Xclang -fno-pch-timestamp -Qunused-arguments -Wno-bool-operation -Wno-c++11-narrowing -Wno-constant-logical-operand -Wno-int-in-bool-context -Wno-non-pod-varargs -Wno-parentheses-equality -Wno-shadow -Wno-sign-compare -Wno-tautological-bitwise-compare -Wno-tautological-compare -Wno-uninitialized -Wno-unnecessary-virtual-specifier -Wno-unused-but-set-parameter -Wno-unused-but-set-variable -Wno-unused-parameter -Wno-unused-variable -Wno-vla-cxx-extension      -c -o verilated_dpi.o /opt/homebrew/Cellar/verilator/5.052/share/verilator/include/verilated_dpi.cpp
c++ -Os  -I.  -MMD -I/opt/homebrew/Cellar/verilator/5.052/share/verilator/include -I/opt/homebrew/Cellar/verilator/5.052/share/verilator/include/vltstd -DVERILATOR=1 -DVM_COVERAGE=0 -DVM_SC=0 -DVM_TIMING=0 -DVM_TRACE=0 -DVM_TRACE_FST=0 -DVM_TRACE_VCD=0 -DVM_TRACE_SAIF=0 -DVM_VPI=1 -faligned-new -fbracket-depth=4096 -fcf-protection=none -Xclang -fno-pch-timestamp -Qunused-arguments -Wno-bool-operation -Wno-c++11-narrowing -Wno-constant-logical-operand -Wno-int-in-bool-context -Wno-non-pod-varargs -Wno-parentheses-equality -Wno-shadow -Wno-sign-compare -Wno-tautological-bitwise-compare -Wno-tautological-compare -Wno-uninitialized -Wno-unnecessary-virtual-specifier -Wno-unused-but-set-parameter -Wno-unused-but-set-variable -Wno-unused-parameter -Wno-unused-variable -Wno-vla-cxx-extension      -c -o verilated_vpi.o /opt/homebrew/Cellar/verilator/5.052/share/verilator/include/verilated_vpi.cpp
c++ -Os  -I.  -MMD -I/opt/homebrew/Cellar/verilator/5.052/share/verilator/include -I/opt/homebrew/Cellar/verilator/5.052/share/verilator/include/vltstd -DVERILATOR=1 -DVM_COVERAGE=0 -DVM_SC=0 -DVM_TIMING=0 -DVM_TRACE=0 -DVM_TRACE_FST=0 -DVM_TRACE_VCD=0 -DVM_TRACE_SAIF=0 -DVM_VPI=1 -faligned-new -fbracket-depth=4096 -fcf-protection=none -Xclang -fno-pch-timestamp -Qunused-arguments -Wno-bool-operation -Wno-c++11-narrowing -Wno-constant-logical-operand -Wno-int-in-bool-context -Wno-non-pod-varargs -Wno-parentheses-equality -Wno-shadow -Wno-sign-compare -Wno-tautological-bitwise-compare -Wno-tautological-compare -Wno-uninitialized -Wno-unnecessary-virtual-specifier -Wno-unused-but-set-parameter -Wno-unused-but-set-variable -Wno-unused-parameter -Wno-unused-variable -Wno-vla-cxx-extension      -c -o verilated_threads.o /opt/homebrew/Cellar/verilator/5.052/share/verilator/include/verilated_threads.cpp
python3 /opt/homebrew/Cellar/verilator/5.052/share/verilator/bin/verilator_includer -DVL_INCLUDE_OPT=include Vtop.cpp Vtop___024root__0.cpp Vtop__Dpi.cpp Vtop__ConstPool__0__Slow.cpp Vtop___024root__Slow.cpp Vtop___024root__0__Slow.cpp Vtop__Syms__Slow.cpp > Vtop__ALL.cpp
c++ -Os  -I.  -MMD -I/opt/homebrew/Cellar/verilator/5.052/share/verilator/include -I/opt/homebrew/Cellar/verilator/5.052/share/verilator/include/vltstd -DVERILATOR=1 -DVM_COVERAGE=0 -DVM_SC=0 -DVM_TIMING=0 -DVM_TRACE=0 -DVM_TRACE_FST=0 -DVM_TRACE_VCD=0 -DVM_TRACE_SAIF=0 -DVM_VPI=1 -faligned-new -fbracket-depth=4096 -fcf-protection=none -Xclang -fno-pch-timestamp -Qunused-arguments -Wno-bool-operation -Wno-c++11-narrowing -Wno-constant-logical-operand -Wno-int-in-bool-context -Wno-non-pod-varargs -Wno-parentheses-equality -Wno-shadow -Wno-sign-compare -Wno-tautological-bitwise-compare -Wno-tautological-compare -Wno-uninitialized -Wno-unnecessary-virtual-specifier -Wno-unused-but-set-parameter -Wno-unused-but-set-variable -Wno-unused-parameter -Wno-unused-variable -Wno-vla-cxx-extension      -c -o Vtop__ALL.o Vtop__ALL.cpp
c++  -Wl,-U,__Z15vl_time_stamp64v,-U,__Z13sc_time_stampv,-U,_vlog_startup_routines   -rdynamic verilator.o verilated.o verilated_dpi.o verilated_vpi.o verilated_threads.o Vtop__ALL.a   -Wl,-rpath,/Users/Dilan/Projects/from-rtl-to-pixels/.venv/lib/python3.14/site-packages/cocotb/libs -L/Users/Dilan/Projects/from-rtl-to-pixels/.venv/lib/python3.14/site-packages/cocotb/libs -lcocotbvpi_verilator  -pthread -lpthread -ldl   -o Vtop
rm Vtop__ALL.verilator_deplist.tmp
rm -f /var/folders/78/xn7s20w54m75pf1x_198zh980000gn/T/tmp.JbleiNmy1T/results.xml
COCOTB_TEST_MODULES=test_rtl_to_pixels_top_config COCOTB_TESTCASE=  COCOTB_TOPLEVEL=rtl_to_pixels_top_pipelined TOPLEVEL_LANG=verilog       \
         /var/folders/78/xn7s20w54m75pf1x_198zh980000gn/T/tmp.JbleiNmy1T/Vtop
     -.--ns INFO     gpi                                ../gpi/GpiCommon.cpp:242  in gpi_load_users                  Loaded entry library: '/Library/Frameworks/Python.framework/Versions/3.14/Python'
     -.--ns INFO     gpi                                ../gpi/GpiCommon.cpp:234  in gpi_load_users                  Running entry func 'initialize' from loaded library '/Users/Dilan/Projects/from-rtl-to-pixels/.venv/lib/python3.14/site-packages/cocotb/simulator.cpython-314-darwin.so'
     -.--ns INFO     pygpi                              ..ib/pygpi/embed.cpp:115  in initialize                      Using Python 3.14.6 interpreter at /Users/Dilan/Projects/from-rtl-to-pixels/.venv/bin/python
     -.--ns INFO     gpi                                ../gpi/GpiCommon.cpp:74   in gpi_print_registered_impl       GPI: VPI support registered
     0.00ns INFO     cocotb.initialize                  Seeding Python random module with 1790116956
     0.00ns INFO     cocotb.initialize                  Initialized cocotb v2.1.0 from /Users/Dilan/Projects/from-rtl-to-pixels/.venv/lib/python3.14/site-packages/cocotb
     0.00ns INFO     cocotb.initialize                  Running on Verilator version 5.052 2026-09-05
     0.00ns INFO     cocotb.regression                  Running tests
     0.00ns INFO     cocotb.regression                  running test_rtl_to_pixels_top_config.idle_shadow_write_sets_pending_and_sof_activates (1/6)
config frame: label=idle-shadow-activation threshold=20 bypass=1 accepted_input=9 accepted_output=9 mismatch_count=0
   281.00ns INFO     cocotb.regression                  test_rtl_to_pixels_top_config.idle_shadow_write_sets_pending_and_sof_activates passed
   281.00ns INFO     cocotb.regression                  running test_rtl_to_pixels_top_config.midframe_threshold_write_applies_only_next_frame (2/6)
config frame: label=midframe-threshold-current threshold=10 bypass=0 accepted_input=9 accepted_output=9 mismatch_count=0
config frame: label=midframe-threshold-next threshold=20 bypass=0 accepted_input=9 accepted_output=9 mismatch_count=0
   782.00ns INFO     cocotb.regression                  test_rtl_to_pixels_top_config.midframe_threshold_write_applies_only_next_frame passed
   782.00ns INFO     cocotb.regression                  running test_rtl_to_pixels_top_config.midframe_bypass_write_applies_only_next_frame (3/6)
config frame: label=midframe-bypass-current threshold=20 bypass=0 accepted_input=9 accepted_output=9 mismatch_count=0
config frame: label=midframe-bypass-next threshold=20 bypass=1 accepted_input=9 accepted_output=9 mismatch_count=0
  1243.00ns INFO     cocotb.regression                  test_rtl_to_pixels_top_config.midframe_bypass_write_applies_only_next_frame passed
  1243.00ns INFO     cocotb.regression                  running test_rtl_to_pixels_top_config.same_edge_threshold_write_and_sof_uses_preedge_shadow (4/6)
config frame: label=same-edge-threshold-current threshold=10 bypass=0 accepted_input=9 accepted_output=9 mismatch_count=0
config frame: label=same-edge-threshold-next threshold=20 bypass=0 accepted_input=9 accepted_output=9 mismatch_count=0
  1694.00ns INFO     cocotb.regression                  test_rtl_to_pixels_top_config.same_edge_threshold_write_and_sof_uses_preedge_shadow passed
  1694.00ns INFO     cocotb.regression                  running test_rtl_to_pixels_top_config.same_edge_bypass_write_and_sof_uses_preedge_shadow (5/6)
config frame: label=same-edge-bypass-current threshold=20 bypass=0 accepted_input=9 accepted_output=9 mismatch_count=0
config frame: label=same-edge-bypass-next threshold=20 bypass=1 accepted_input=9 accepted_output=9 mismatch_count=0
  2145.00ns INFO     cocotb.regression                  test_rtl_to_pixels_top_config.same_edge_bypass_write_and_sof_uses_preedge_shadow passed
  2145.00ns INFO     cocotb.regression                  running test_rtl_to_pixels_top_config.run_enable_clear_midframe_finishes_current_and_blocks_next (6/6)
config frame: label=run-enable-current-frame threshold=10 bypass=0 accepted_input=9 accepted_output=9 mismatch_count=0
config frame: label=run-enable-reenabled-frame threshold=10 bypass=0 accepted_input=9 accepted_output=9 mismatch_count=0
  2696.01ns INFO     cocotb.regression                  test_rtl_to_pixels_top_config.run_enable_clear_midframe_finishes_current_and_blocks_next passed
  2696.01ns INFO     cocotb.regression                  **************************************************************************************************************************************************
                                                        ** TEST                                                                                      STATUS  SIM TIME (ns)  REAL TIME (s)  RATIO (ns/s) **
                                                        **************************************************************************************************************************************************
                                                        ** test_rtl_to_pixels_top_config.idle_shadow_write_sets_pending_and_sof_activates             PASS         281.00           0.00     251323.03  **
                                                        ** test_rtl_to_pixels_top_config.midframe_threshold_write_applies_only_next_frame             PASS         501.00           0.00     346892.85  **
                                                        ** test_rtl_to_pixels_top_config.midframe_bypass_write_applies_only_next_frame                PASS         461.00           0.00     424054.28  **
                                                        ** test_rtl_to_pixels_top_config.same_edge_threshold_write_and_sof_uses_preedge_shadow        PASS         451.00           0.00     439321.53  **
                                                        ** test_rtl_to_pixels_top_config.same_edge_bypass_write_and_sof_uses_preedge_shadow           PASS         451.00           0.00     446774.42  **
                                                        ** test_rtl_to_pixels_top_config.run_enable_clear_midframe_finishes_current_and_blocks_next   PASS         551.00           0.00     498849.30  **
                                                        **************************************************************************************************************************************************
                                                        ** TESTS=6 PASS=6 FAIL=0 SKIP=0                                                                           2696.01           0.01     344383.34  **
                                                        **************************************************************************************************************************************************
- :0: Verilog $finish

=== ARCH_A_RECOVERY_REVALIDATION 5x4 ===
rm -f /var/folders/78/xn7s20w54m75pf1x_198zh980000gn/T/tmp.3WFy1O8zKI/results.xml
/opt/homebrew/bin/verilator -cc --exe -Mdir /var/folders/78/xn7s20w54m75pf1x_198zh980000gn/T/tmp.3WFy1O8zKI --top-module rtl_to_pixels_top -GIMG_WIDTH=5 -GIMG_HEIGHT=4 --timescale 1ns/1ps --vpi --public-flat-rw --prefix Vtop -o Vtop -LDFLAGS "-Wl,-rpath,/Users/Dilan/Projects/from-rtl-to-pixels/.venv/lib/python3.14/site-packages/cocotb/libs -L/Users/Dilan/Projects/from-rtl-to-pixels/.venv/lib/python3.14/site-packages/cocotb/libs -lcocotbvpi_verilator"  /Users/Dilan/Projects/from-rtl-to-pixels/rtl/pixel_pkg.sv /Users/Dilan/Projects/from-rtl-to-pixels/rtl/rgb_to_gray.sv /Users/Dilan/Projects/from-rtl-to-pixels/rtl/elastic_stage.sv /Users/Dilan/Projects/from-rtl-to-pixels/rtl/apb_regs.sv /Users/Dilan/Projects/from-rtl-to-pixels/rtl/pixel_control.sv /Users/Dilan/Projects/from-rtl-to-pixels/rtl/line_buffer.sv /Users/Dilan/Projects/from-rtl-to-pixels/rtl/window_3x3.sv /Users/Dilan/Projects/from-rtl-to-pixels/rtl/sobel_compact.sv /Users/Dilan/Projects/from-rtl-to-pixels/rtl/magnitude_clamp.sv /Users/Dilan/Projects/from-rtl-to-pixels/rtl/threshold_stage.sv /Users/Dilan/Projects/from-rtl-to-pixels/rtl/output_control.sv /Users/Dilan/Projects/from-rtl-to-pixels/rtl/rtl_to_pixels_top.sv /Users/Dilan/Projects/from-rtl-to-pixels/.venv/lib/python3.14/site-packages/cocotb/share/lib/verilator/verilator.cpp
- V e r i l a t i o n   R e p o r t: Verilator 5.052 2026-09-05 rev vUNKNOWN-built20260905
- Verilator: Built from 0.388 MB sources in 13 modules, into 0.248 MB in 7 C++ files needing 0.000 MB
- Verilator: Walltime 0.037 s (elab=0.004, cvt=0.019, bld=0.000); cpu 0.034 s on 1 threads; allocated 13.922 MB
/Applications/Xcode.app/Contents/Developer/usr/bin/make -C /var/folders/78/xn7s20w54m75pf1x_198zh980000gn/T/tmp.3WFy1O8zKI  -f Vtop.mk
c++  -I.  -MMD -I/opt/homebrew/Cellar/verilator/5.052/share/verilator/include -I/opt/homebrew/Cellar/verilator/5.052/share/verilator/include/vltstd -DVERILATOR=1 -DVM_COVERAGE=0 -DVM_SC=0 -DVM_TIMING=0 -DVM_TRACE=0 -DVM_TRACE_FST=0 -DVM_TRACE_VCD=0 -DVM_TRACE_SAIF=0 -DVM_VPI=1 -faligned-new -fbracket-depth=4096 -fcf-protection=none -Xclang -fno-pch-timestamp -Qunused-arguments -Wno-bool-operation -Wno-c++11-narrowing -Wno-constant-logical-operand -Wno-int-in-bool-context -Wno-non-pod-varargs -Wno-parentheses-equality -Wno-shadow -Wno-sign-compare -Wno-tautological-bitwise-compare -Wno-tautological-compare -Wno-uninitialized -Wno-unnecessary-virtual-specifier -Wno-unused-but-set-parameter -Wno-unused-but-set-variable -Wno-unused-parameter -Wno-unused-variable -Wno-vla-cxx-extension      -Os  -c -o verilator.o /Users/Dilan/Projects/from-rtl-to-pixels/.venv/lib/python3.14/site-packages/cocotb/share/lib/verilator/verilator.cpp
c++ -Os  -I.  -MMD -I/opt/homebrew/Cellar/verilator/5.052/share/verilator/include -I/opt/homebrew/Cellar/verilator/5.052/share/verilator/include/vltstd -DVERILATOR=1 -DVM_COVERAGE=0 -DVM_SC=0 -DVM_TIMING=0 -DVM_TRACE=0 -DVM_TRACE_FST=0 -DVM_TRACE_VCD=0 -DVM_TRACE_SAIF=0 -DVM_VPI=1 -faligned-new -fbracket-depth=4096 -fcf-protection=none -Xclang -fno-pch-timestamp -Qunused-arguments -Wno-bool-operation -Wno-c++11-narrowing -Wno-constant-logical-operand -Wno-int-in-bool-context -Wno-non-pod-varargs -Wno-parentheses-equality -Wno-shadow -Wno-sign-compare -Wno-tautological-bitwise-compare -Wno-tautological-compare -Wno-uninitialized -Wno-unnecessary-virtual-specifier -Wno-unused-but-set-parameter -Wno-unused-but-set-variable -Wno-unused-parameter -Wno-unused-variable -Wno-vla-cxx-extension      -c -o verilated.o /opt/homebrew/Cellar/verilator/5.052/share/verilator/include/verilated.cpp
c++ -Os  -I.  -MMD -I/opt/homebrew/Cellar/verilator/5.052/share/verilator/include -I/opt/homebrew/Cellar/verilator/5.052/share/verilator/include/vltstd -DVERILATOR=1 -DVM_COVERAGE=0 -DVM_SC=0 -DVM_TIMING=0 -DVM_TRACE=0 -DVM_TRACE_FST=0 -DVM_TRACE_VCD=0 -DVM_TRACE_SAIF=0 -DVM_VPI=1 -faligned-new -fbracket-depth=4096 -fcf-protection=none -Xclang -fno-pch-timestamp -Qunused-arguments -Wno-bool-operation -Wno-c++11-narrowing -Wno-constant-logical-operand -Wno-int-in-bool-context -Wno-non-pod-varargs -Wno-parentheses-equality -Wno-shadow -Wno-sign-compare -Wno-tautological-bitwise-compare -Wno-tautological-compare -Wno-uninitialized -Wno-unnecessary-virtual-specifier -Wno-unused-but-set-parameter -Wno-unused-but-set-variable -Wno-unused-parameter -Wno-unused-variable -Wno-vla-cxx-extension      -c -o verilated_dpi.o /opt/homebrew/Cellar/verilator/5.052/share/verilator/include/verilated_dpi.cpp
c++ -Os  -I.  -MMD -I/opt/homebrew/Cellar/verilator/5.052/share/verilator/include -I/opt/homebrew/Cellar/verilator/5.052/share/verilator/include/vltstd -DVERILATOR=1 -DVM_COVERAGE=0 -DVM_SC=0 -DVM_TIMING=0 -DVM_TRACE=0 -DVM_TRACE_FST=0 -DVM_TRACE_VCD=0 -DVM_TRACE_SAIF=0 -DVM_VPI=1 -faligned-new -fbracket-depth=4096 -fcf-protection=none -Xclang -fno-pch-timestamp -Qunused-arguments -Wno-bool-operation -Wno-c++11-narrowing -Wno-constant-logical-operand -Wno-int-in-bool-context -Wno-non-pod-varargs -Wno-parentheses-equality -Wno-shadow -Wno-sign-compare -Wno-tautological-bitwise-compare -Wno-tautological-compare -Wno-uninitialized -Wno-unnecessary-virtual-specifier -Wno-unused-but-set-parameter -Wno-unused-but-set-variable -Wno-unused-parameter -Wno-unused-variable -Wno-vla-cxx-extension      -c -o verilated_vpi.o /opt/homebrew/Cellar/verilator/5.052/share/verilator/include/verilated_vpi.cpp
c++ -Os  -I.  -MMD -I/opt/homebrew/Cellar/verilator/5.052/share/verilator/include -I/opt/homebrew/Cellar/verilator/5.052/share/verilator/include/vltstd -DVERILATOR=1 -DVM_COVERAGE=0 -DVM_SC=0 -DVM_TIMING=0 -DVM_TRACE=0 -DVM_TRACE_FST=0 -DVM_TRACE_VCD=0 -DVM_TRACE_SAIF=0 -DVM_VPI=1 -faligned-new -fbracket-depth=4096 -fcf-protection=none -Xclang -fno-pch-timestamp -Qunused-arguments -Wno-bool-operation -Wno-c++11-narrowing -Wno-constant-logical-operand -Wno-int-in-bool-context -Wno-non-pod-varargs -Wno-parentheses-equality -Wno-shadow -Wno-sign-compare -Wno-tautological-bitwise-compare -Wno-tautological-compare -Wno-uninitialized -Wno-unnecessary-virtual-specifier -Wno-unused-but-set-parameter -Wno-unused-but-set-variable -Wno-unused-parameter -Wno-unused-variable -Wno-vla-cxx-extension      -c -o verilated_threads.o /opt/homebrew/Cellar/verilator/5.052/share/verilator/include/verilated_threads.cpp
python3 /opt/homebrew/Cellar/verilator/5.052/share/verilator/bin/verilator_includer -DVL_INCLUDE_OPT=include Vtop.cpp Vtop___024root__0.cpp Vtop__Dpi.cpp Vtop__ConstPool__0__Slow.cpp Vtop___024root__Slow.cpp Vtop___024root__0__Slow.cpp Vtop__Syms__Slow.cpp > Vtop__ALL.cpp
c++ -Os  -I.  -MMD -I/opt/homebrew/Cellar/verilator/5.052/share/verilator/include -I/opt/homebrew/Cellar/verilator/5.052/share/verilator/include/vltstd -DVERILATOR=1 -DVM_COVERAGE=0 -DVM_SC=0 -DVM_TIMING=0 -DVM_TRACE=0 -DVM_TRACE_FST=0 -DVM_TRACE_VCD=0 -DVM_TRACE_SAIF=0 -DVM_VPI=1 -faligned-new -fbracket-depth=4096 -fcf-protection=none -Xclang -fno-pch-timestamp -Qunused-arguments -Wno-bool-operation -Wno-c++11-narrowing -Wno-constant-logical-operand -Wno-int-in-bool-context -Wno-non-pod-varargs -Wno-parentheses-equality -Wno-shadow -Wno-sign-compare -Wno-tautological-bitwise-compare -Wno-tautological-compare -Wno-uninitialized -Wno-unnecessary-virtual-specifier -Wno-unused-but-set-parameter -Wno-unused-but-set-variable -Wno-unused-parameter -Wno-unused-variable -Wno-vla-cxx-extension      -c -o Vtop__ALL.o Vtop__ALL.cpp
c++  -Wl,-U,__Z15vl_time_stamp64v,-U,__Z13sc_time_stampv,-U,_vlog_startup_routines   -rdynamic verilator.o verilated.o verilated_dpi.o verilated_vpi.o verilated_threads.o Vtop__ALL.a   -Wl,-rpath,/Users/Dilan/Projects/from-rtl-to-pixels/.venv/lib/python3.14/site-packages/cocotb/libs -L/Users/Dilan/Projects/from-rtl-to-pixels/.venv/lib/python3.14/site-packages/cocotb/libs -lcocotbvpi_verilator  -pthread -lpthread -ldl   -o Vtop
rm Vtop__ALL.verilator_deplist.tmp
rm -f /var/folders/78/xn7s20w54m75pf1x_198zh980000gn/T/tmp.3WFy1O8zKI/results.xml
COCOTB_TEST_MODULES=test_rtl_to_pixels_top_recovery COCOTB_TESTCASE=  COCOTB_TOPLEVEL=rtl_to_pixels_top TOPLEVEL_LANG=verilog       \
         /var/folders/78/xn7s20w54m75pf1x_198zh980000gn/T/tmp.3WFy1O8zKI/Vtop
     -.--ns INFO     gpi                                ../gpi/GpiCommon.cpp:242  in gpi_load_users                  Loaded entry library: '/Library/Frameworks/Python.framework/Versions/3.14/Python'
     -.--ns INFO     gpi                                ../gpi/GpiCommon.cpp:234  in gpi_load_users                  Running entry func 'initialize' from loaded library '/Users/Dilan/Projects/from-rtl-to-pixels/.venv/lib/python3.14/site-packages/cocotb/simulator.cpython-314-darwin.so'
     -.--ns INFO     pygpi                              ..ib/pygpi/embed.cpp:115  in initialize                      Using Python 3.14.6 interpreter at /Users/Dilan/Projects/from-rtl-to-pixels/.venv/bin/python
     -.--ns INFO     gpi                                ../gpi/GpiCommon.cpp:74   in gpi_print_registered_impl       GPI: VPI support registered
     0.00ns INFO     cocotb.initialize                  Seeding Python random module with 1790116965
     0.00ns INFO     cocotb.initialize                  Initialized cocotb v2.1.0 from /Users/Dilan/Projects/from-rtl-to-pixels/.venv/lib/python3.14/site-packages/cocotb
     0.00ns INFO     cocotb.initialize                  Running on Verilator version 5.052 2026-09-05
     0.00ns INFO     cocotb.regression                  Running tests
     0.00ns INFO     cocotb.regression                  running test_rtl_to_pixels_top_recovery.idle_reset_restores_defaults_and_clean_recovery (1/11)
recovery frame: label=idle-reset accepted_input=20 accepted_output=20 mismatch_count=0
   441.00ns INFO     cocotb.regression                  test_rtl_to_pixels_top_recovery.idle_reset_restores_defaults_and_clean_recovery passed
   441.00ns INFO     cocotb.regression                  running test_rtl_to_pixels_top_recovery.reset_immediately_before_frame_blocks_acceptance (2/11)
recovery frame: label=reset-before-frame accepted_input=20 accepted_output=20 mismatch_count=0
   932.00ns INFO     cocotb.regression                  test_rtl_to_pixels_top_recovery.reset_immediately_before_frame_blocks_acceptance passed
   932.00ns INFO     cocotb.regression                  running test_rtl_to_pixels_top_recovery.reset_after_first_accepted_pixel_recovers (3/11)
recovery frame: label=reset-after-first-pixel accepted_input=20 accepted_output=20 mismatch_count=0
  1453.00ns INFO     cocotb.regression                  test_rtl_to_pixels_top_recovery.reset_after_first_accepted_pixel_recovers passed
  1453.00ns INFO     cocotb.regression                  running test_rtl_to_pixels_top_recovery.reset_mid_line_recovers (4/11)
recovery frame: label=reset-mid-line accepted_input=20 accepted_output=20 mismatch_count=0
  1984.00ns INFO     cocotb.regression                  test_rtl_to_pixels_top_recovery.reset_mid_line_recovers passed
  1984.00ns INFO     cocotb.regression                  running test_rtl_to_pixels_top_recovery.reset_after_eol_recovers (5/11)
recovery frame: label=reset-after-eol accepted_input=20 accepted_output=20 mismatch_count=0
  2545.00ns INFO     cocotb.regression                  test_rtl_to_pixels_top_recovery.reset_after_eol_recovers passed
  2545.00ns INFO     cocotb.regression                  running test_rtl_to_pixels_top_recovery.reset_late_frame_recovers (6/11)
recovery frame: label=reset-late-frame accepted_input=20 accepted_output=20 mismatch_count=0
  3246.01ns INFO     cocotb.regression                  test_rtl_to_pixels_top_recovery.reset_late_frame_recovers passed
  3246.01ns INFO     cocotb.regression                  running test_rtl_to_pixels_top_recovery.reset_during_drain_recovers (7/11)
recovery frame: label=reset-during-drain accepted_input=20 accepted_output=20 mismatch_count=0
  3977.01ns INFO     cocotb.regression                  test_rtl_to_pixels_top_recovery.reset_during_drain_recovers passed
  3977.01ns INFO     cocotb.regression                  running test_rtl_to_pixels_top_recovery.early_eol_aborts_and_recovers (8/11)
recovery frame: label=early-eol accepted_input=20 accepted_output=20 mismatch_count=0
metadata abort: label=early-eol bad_index=1 prior_output_transfers=0 aborted_frame_count=0 recovered_frame_count=1
  4458.01ns INFO     cocotb.regression                  test_rtl_to_pixels_top_recovery.early_eol_aborts_and_recovers passed
  4458.01ns INFO     cocotb.regression                  running test_rtl_to_pixels_top_recovery.missing_row_eol_aborts_and_recovers (9/11)
recovery frame: label=missing-row-eol accepted_input=20 accepted_output=20 mismatch_count=0
metadata abort: label=missing-row-eol bad_index=4 prior_output_transfers=0 aborted_frame_count=0 recovered_frame_count=1
  4969.01ns INFO     cocotb.regression                  test_rtl_to_pixels_top_recovery.missing_row_eol_aborts_and_recovers passed
  4969.01ns INFO     cocotb.regression                  running test_rtl_to_pixels_top_recovery.unexpected_sof_after_partial_output_aborts_and_recovers (10/11)
partial-output precondition: label=unexpected-sof extra_idle_cycles=1 prior_output_transfer=1
recovery frame: label=unexpected-sof accepted_input=20 accepted_output=20 mismatch_count=0
metadata abort: label=unexpected-sof bad_index=7 prior_output_transfers=1 aborted_frame_count=0 recovered_frame_count=1
  5520.01ns INFO     cocotb.regression                  test_rtl_to_pixels_top_recovery.unexpected_sof_after_partial_output_aborts_and_recovers passed
  5520.01ns INFO     cocotb.regression                  running test_rtl_to_pixels_top_recovery.missing_final_eol_aborts_without_frame_completion (11/11)
recovery frame: label=missing-final-eol accepted_input=20 accepted_output=20 mismatch_count=0
metadata abort: label=missing-final-eol bad_index=19 prior_output_transfers=13 aborted_frame_count=0 recovered_frame_count=1
  6181.01ns INFO     cocotb.regression                  test_rtl_to_pixels_top_recovery.missing_final_eol_aborts_without_frame_completion passed
  6181.01ns INFO     cocotb.regression                  *************************************************************************************************************************************************
                                                        ** TEST                                                                                     STATUS  SIM TIME (ns)  REAL TIME (s)  RATIO (ns/s) **
                                                        *************************************************************************************************************************************************
                                                        ** test_rtl_to_pixels_top_recovery.idle_reset_restores_defaults_and_clean_recovery           PASS         441.00           0.03      13042.85  **
                                                        ** test_rtl_to_pixels_top_recovery.reset_immediately_before_frame_blocks_acceptance          PASS         491.00           0.00     337457.05  **
                                                        ** test_rtl_to_pixels_top_recovery.reset_after_first_accepted_pixel_recovers                 PASS         521.00           0.00     426321.29  **
                                                        ** test_rtl_to_pixels_top_recovery.reset_mid_line_recovers                                   PASS         531.00           0.00     456659.48  **
                                                        ** test_rtl_to_pixels_top_recovery.reset_after_eol_recovers                                  PASS         561.00           0.00     467792.37  **
                                                        ** test_rtl_to_pixels_top_recovery.reset_late_frame_recovers                                 PASS         701.00           0.00     489069.53  **
                                                        ** test_rtl_to_pixels_top_recovery.reset_during_drain_recovers                               PASS         731.00           0.00     414428.46  **
                                                        ** test_rtl_to_pixels_top_recovery.early_eol_aborts_and_recovers                             PASS         481.00           0.00     373096.99  **
                                                        ** test_rtl_to_pixels_top_recovery.missing_row_eol_aborts_and_recovers                       PASS         511.00           0.00     410318.17  **
                                                        ** test_rtl_to_pixels_top_recovery.unexpected_sof_after_partial_output_aborts_and_recovers   PASS         551.00           0.00     452256.93  **
                                                        ** test_rtl_to_pixels_top_recovery.missing_final_eol_aborts_without_frame_completion         PASS         661.00           0.00     486342.31  **
                                                        *************************************************************************************************************************************************
                                                        ** TESTS=11 PASS=11 FAIL=0 SKIP=0                                                                        6181.01           0.05     125731.97  **
                                                        *************************************************************************************************************************************************
- :0: Verilog $finish

=== GATE2_B 5x4 ===
rm -f /var/folders/78/xn7s20w54m75pf1x_198zh980000gn/T/tmp.PMwNK9QPsl/results.xml
/opt/homebrew/bin/verilator -cc --exe -Mdir /var/folders/78/xn7s20w54m75pf1x_198zh980000gn/T/tmp.PMwNK9QPsl --top-module rtl_to_pixels_top_pipelined -GIMG_WIDTH=5 -GIMG_HEIGHT=4 --timescale 1ns/1ps --vpi --public-flat-rw --prefix Vtop -o Vtop -LDFLAGS "-Wl,-rpath,/Users/Dilan/Projects/from-rtl-to-pixels/.venv/lib/python3.14/site-packages/cocotb/libs -L/Users/Dilan/Projects/from-rtl-to-pixels/.venv/lib/python3.14/site-packages/cocotb/libs -lcocotbvpi_verilator"  /Users/Dilan/Projects/from-rtl-to-pixels/rtl/pixel_pkg.sv /Users/Dilan/Projects/from-rtl-to-pixels/rtl/rgb_to_gray.sv /Users/Dilan/Projects/from-rtl-to-pixels/rtl/elastic_stage.sv /Users/Dilan/Projects/from-rtl-to-pixels/rtl/apb_regs.sv /Users/Dilan/Projects/from-rtl-to-pixels/rtl/pixel_control.sv /Users/Dilan/Projects/from-rtl-to-pixels/rtl/line_buffer.sv /Users/Dilan/Projects/from-rtl-to-pixels/rtl/window_3x3.sv /Users/Dilan/Projects/from-rtl-to-pixels/rtl/sobel_compact.sv /Users/Dilan/Projects/from-rtl-to-pixels/rtl/magnitude_clamp.sv /Users/Dilan/Projects/from-rtl-to-pixels/rtl/threshold_stage.sv /Users/Dilan/Projects/from-rtl-to-pixels/rtl/output_control.sv /Users/Dilan/Projects/from-rtl-to-pixels/rtl/rtl_to_pixels_top_pipelined.sv /Users/Dilan/Projects/from-rtl-to-pixels/.venv/lib/python3.14/site-packages/cocotb/share/lib/verilator/verilator.cpp
- V e r i l a t i o n   R e p o r t: Verilator 5.052 2026-09-05 rev vUNKNOWN-built20260905
- Verilator: Built from 0.389 MB sources in 13 modules, into 0.289 MB in 7 C++ files needing 0.000 MB
- Verilator: Walltime 0.079 s (elab=0.012, cvt=0.044, bld=0.000); cpu 0.052 s on 1 threads; allocated 14.438 MB
/Applications/Xcode.app/Contents/Developer/usr/bin/make -C /var/folders/78/xn7s20w54m75pf1x_198zh980000gn/T/tmp.PMwNK9QPsl  -f Vtop.mk
c++  -I.  -MMD -I/opt/homebrew/Cellar/verilator/5.052/share/verilator/include -I/opt/homebrew/Cellar/verilator/5.052/share/verilator/include/vltstd -DVERILATOR=1 -DVM_COVERAGE=0 -DVM_SC=0 -DVM_TIMING=0 -DVM_TRACE=0 -DVM_TRACE_FST=0 -DVM_TRACE_VCD=0 -DVM_TRACE_SAIF=0 -DVM_VPI=1 -faligned-new -fbracket-depth=4096 -fcf-protection=none -Xclang -fno-pch-timestamp -Qunused-arguments -Wno-bool-operation -Wno-c++11-narrowing -Wno-constant-logical-operand -Wno-int-in-bool-context -Wno-non-pod-varargs -Wno-parentheses-equality -Wno-shadow -Wno-sign-compare -Wno-tautological-bitwise-compare -Wno-tautological-compare -Wno-uninitialized -Wno-unnecessary-virtual-specifier -Wno-unused-but-set-parameter -Wno-unused-but-set-variable -Wno-unused-parameter -Wno-unused-variable -Wno-vla-cxx-extension      -Os  -c -o verilator.o /Users/Dilan/Projects/from-rtl-to-pixels/.venv/lib/python3.14/site-packages/cocotb/share/lib/verilator/verilator.cpp
c++ -Os  -I.  -MMD -I/opt/homebrew/Cellar/verilator/5.052/share/verilator/include -I/opt/homebrew/Cellar/verilator/5.052/share/verilator/include/vltstd -DVERILATOR=1 -DVM_COVERAGE=0 -DVM_SC=0 -DVM_TIMING=0 -DVM_TRACE=0 -DVM_TRACE_FST=0 -DVM_TRACE_VCD=0 -DVM_TRACE_SAIF=0 -DVM_VPI=1 -faligned-new -fbracket-depth=4096 -fcf-protection=none -Xclang -fno-pch-timestamp -Qunused-arguments -Wno-bool-operation -Wno-c++11-narrowing -Wno-constant-logical-operand -Wno-int-in-bool-context -Wno-non-pod-varargs -Wno-parentheses-equality -Wno-shadow -Wno-sign-compare -Wno-tautological-bitwise-compare -Wno-tautological-compare -Wno-uninitialized -Wno-unnecessary-virtual-specifier -Wno-unused-but-set-parameter -Wno-unused-but-set-variable -Wno-unused-parameter -Wno-unused-variable -Wno-vla-cxx-extension      -c -o verilated.o /opt/homebrew/Cellar/verilator/5.052/share/verilator/include/verilated.cpp
c++ -Os  -I.  -MMD -I/opt/homebrew/Cellar/verilator/5.052/share/verilator/include -I/opt/homebrew/Cellar/verilator/5.052/share/verilator/include/vltstd -DVERILATOR=1 -DVM_COVERAGE=0 -DVM_SC=0 -DVM_TIMING=0 -DVM_TRACE=0 -DVM_TRACE_FST=0 -DVM_TRACE_VCD=0 -DVM_TRACE_SAIF=0 -DVM_VPI=1 -faligned-new -fbracket-depth=4096 -fcf-protection=none -Xclang -fno-pch-timestamp -Qunused-arguments -Wno-bool-operation -Wno-c++11-narrowing -Wno-constant-logical-operand -Wno-int-in-bool-context -Wno-non-pod-varargs -Wno-parentheses-equality -Wno-shadow -Wno-sign-compare -Wno-tautological-bitwise-compare -Wno-tautological-compare -Wno-uninitialized -Wno-unnecessary-virtual-specifier -Wno-unused-but-set-parameter -Wno-unused-but-set-variable -Wno-unused-parameter -Wno-unused-variable -Wno-vla-cxx-extension      -c -o verilated_dpi.o /opt/homebrew/Cellar/verilator/5.052/share/verilator/include/verilated_dpi.cpp
c++ -Os  -I.  -MMD -I/opt/homebrew/Cellar/verilator/5.052/share/verilator/include -I/opt/homebrew/Cellar/verilator/5.052/share/verilator/include/vltstd -DVERILATOR=1 -DVM_COVERAGE=0 -DVM_SC=0 -DVM_TIMING=0 -DVM_TRACE=0 -DVM_TRACE_FST=0 -DVM_TRACE_VCD=0 -DVM_TRACE_SAIF=0 -DVM_VPI=1 -faligned-new -fbracket-depth=4096 -fcf-protection=none -Xclang -fno-pch-timestamp -Qunused-arguments -Wno-bool-operation -Wno-c++11-narrowing -Wno-constant-logical-operand -Wno-int-in-bool-context -Wno-non-pod-varargs -Wno-parentheses-equality -Wno-shadow -Wno-sign-compare -Wno-tautological-bitwise-compare -Wno-tautological-compare -Wno-uninitialized -Wno-unnecessary-virtual-specifier -Wno-unused-but-set-parameter -Wno-unused-but-set-variable -Wno-unused-parameter -Wno-unused-variable -Wno-vla-cxx-extension      -c -o verilated_vpi.o /opt/homebrew/Cellar/verilator/5.052/share/verilator/include/verilated_vpi.cpp
c++ -Os  -I.  -MMD -I/opt/homebrew/Cellar/verilator/5.052/share/verilator/include -I/opt/homebrew/Cellar/verilator/5.052/share/verilator/include/vltstd -DVERILATOR=1 -DVM_COVERAGE=0 -DVM_SC=0 -DVM_TIMING=0 -DVM_TRACE=0 -DVM_TRACE_FST=0 -DVM_TRACE_VCD=0 -DVM_TRACE_SAIF=0 -DVM_VPI=1 -faligned-new -fbracket-depth=4096 -fcf-protection=none -Xclang -fno-pch-timestamp -Qunused-arguments -Wno-bool-operation -Wno-c++11-narrowing -Wno-constant-logical-operand -Wno-int-in-bool-context -Wno-non-pod-varargs -Wno-parentheses-equality -Wno-shadow -Wno-sign-compare -Wno-tautological-bitwise-compare -Wno-tautological-compare -Wno-uninitialized -Wno-unnecessary-virtual-specifier -Wno-unused-but-set-parameter -Wno-unused-but-set-variable -Wno-unused-parameter -Wno-unused-variable -Wno-vla-cxx-extension      -c -o verilated_threads.o /opt/homebrew/Cellar/verilator/5.052/share/verilator/include/verilated_threads.cpp
python3 /opt/homebrew/Cellar/verilator/5.052/share/verilator/bin/verilator_includer -DVL_INCLUDE_OPT=include Vtop.cpp Vtop___024root__0.cpp Vtop__Dpi.cpp Vtop__ConstPool__0__Slow.cpp Vtop___024root__Slow.cpp Vtop___024root__0__Slow.cpp Vtop__Syms__Slow.cpp > Vtop__ALL.cpp
c++ -Os  -I.  -MMD -I/opt/homebrew/Cellar/verilator/5.052/share/verilator/include -I/opt/homebrew/Cellar/verilator/5.052/share/verilator/include/vltstd -DVERILATOR=1 -DVM_COVERAGE=0 -DVM_SC=0 -DVM_TIMING=0 -DVM_TRACE=0 -DVM_TRACE_FST=0 -DVM_TRACE_VCD=0 -DVM_TRACE_SAIF=0 -DVM_VPI=1 -faligned-new -fbracket-depth=4096 -fcf-protection=none -Xclang -fno-pch-timestamp -Qunused-arguments -Wno-bool-operation -Wno-c++11-narrowing -Wno-constant-logical-operand -Wno-int-in-bool-context -Wno-non-pod-varargs -Wno-parentheses-equality -Wno-shadow -Wno-sign-compare -Wno-tautological-bitwise-compare -Wno-tautological-compare -Wno-uninitialized -Wno-unnecessary-virtual-specifier -Wno-unused-but-set-parameter -Wno-unused-but-set-variable -Wno-unused-parameter -Wno-unused-variable -Wno-vla-cxx-extension      -c -o Vtop__ALL.o Vtop__ALL.cpp
c++  -Wl,-U,__Z15vl_time_stamp64v,-U,__Z13sc_time_stampv,-U,_vlog_startup_routines   -rdynamic verilator.o verilated.o verilated_dpi.o verilated_vpi.o verilated_threads.o Vtop__ALL.a   -Wl,-rpath,/Users/Dilan/Projects/from-rtl-to-pixels/.venv/lib/python3.14/site-packages/cocotb/libs -L/Users/Dilan/Projects/from-rtl-to-pixels/.venv/lib/python3.14/site-packages/cocotb/libs -lcocotbvpi_verilator  -pthread -lpthread -ldl   -o Vtop
rm Vtop__ALL.verilator_deplist.tmp
rm -f /var/folders/78/xn7s20w54m75pf1x_198zh980000gn/T/tmp.PMwNK9QPsl/results.xml
COCOTB_TEST_MODULES=test_rtl_to_pixels_top COCOTB_TESTCASE=  COCOTB_TOPLEVEL=rtl_to_pixels_top_pipelined TOPLEVEL_LANG=verilog       \
         /var/folders/78/xn7s20w54m75pf1x_198zh980000gn/T/tmp.PMwNK9QPsl/Vtop
     -.--ns INFO     gpi                                ../gpi/GpiCommon.cpp:242  in gpi_load_users                  Loaded entry library: '/Library/Frameworks/Python.framework/Versions/3.14/Python'
     -.--ns INFO     gpi                                ../gpi/GpiCommon.cpp:234  in gpi_load_users                  Running entry func 'initialize' from loaded library '/Users/Dilan/Projects/from-rtl-to-pixels/.venv/lib/python3.14/site-packages/cocotb/simulator.cpython-314-darwin.so'
     -.--ns INFO     pygpi                              ..ib/pygpi/embed.cpp:115  in initialize                      Using Python 3.14.6 interpreter at /Users/Dilan/Projects/from-rtl-to-pixels/.venv/bin/python
     -.--ns INFO     gpi                                ../gpi/GpiCommon.cpp:74   in gpi_print_registered_impl       GPI: VPI support registered
     0.00ns INFO     cocotb.initialize                  Seeding Python random module with 1790116976
     0.00ns INFO     cocotb.initialize                  Initialized cocotb v2.1.0 from /Users/Dilan/Projects/from-rtl-to-pixels/.venv/lib/python3.14/site-packages/cocotb
     0.00ns INFO     cocotb.initialize                  Running on Verilator version 5.052 2026-09-05
     0.00ns INFO     cocotb.regression                  Running tests
     0.00ns INFO     cocotb.regression                  running test_rtl_to_pixels_top.run_enable_gates_and_bypass_frame_matches_reference (1/4)
frame compare: threshold=255 bypass=1 accepted_input=20 accepted_output=20 mismatch_count=0
   371.00ns INFO     cocotb.regression                  test_rtl_to_pixels_top.run_enable_gates_and_bypass_frame_matches_reference passed
   371.00ns INFO     cocotb.regression                  running test_rtl_to_pixels_top.thresholded_complete_frame_matches_reference (2/4)
frame compare: threshold=96 bypass=0 accepted_input=20 accepted_output=20 mismatch_count=0
   752.00ns INFO     cocotb.regression                  test_rtl_to_pixels_top.thresholded_complete_frame_matches_reference passed
   752.00ns INFO     cocotb.regression                  running test_rtl_to_pixels_top.final_output_stall_delays_count_and_new_frame_admission (3/4)
frame compare: threshold=128 bypass=1 accepted_input=20 accepted_output=20 mismatch_count=0
  1204.00ns INFO     cocotb.regression                  test_rtl_to_pixels_top.final_output_stall_delays_count_and_new_frame_admission passed
  1204.00ns INFO     cocotb.regression                  running test_rtl_to_pixels_top.consecutive_frames_with_idle_reconfiguration_match_reference (4/4)
frame compare: threshold=48 bypass=0 accepted_input=20 accepted_output=20 mismatch_count=0
frame compare: threshold=200 bypass=0 accepted_input=20 accepted_output=20 mismatch_count=0
  1925.00ns INFO     cocotb.regression                  test_rtl_to_pixels_top.consecutive_frames_with_idle_reconfiguration_match_reference passed
  1925.00ns INFO     cocotb.regression                  *********************************************************************************************************************************************
                                                        ** TEST                                                                                 STATUS  SIM TIME (ns)  REAL TIME (s)  RATIO (ns/s) **
                                                        *********************************************************************************************************************************************
                                                        ** test_rtl_to_pixels_top.run_enable_gates_and_bypass_frame_matches_reference            PASS         371.00           0.00     117654.86  **
                                                        ** test_rtl_to_pixels_top.thresholded_complete_frame_matches_reference                   PASS         381.00           0.00     427909.59  **
                                                        ** test_rtl_to_pixels_top.final_output_stall_delays_count_and_new_frame_admission        PASS         452.00           0.00     422841.67  **
                                                        ** test_rtl_to_pixels_top.consecutive_frames_with_idle_reconfiguration_match_reference   PASS         721.00           0.00     443453.52  **
                                                        *********************************************************************************************************************************************
                                                        ** TESTS=4 PASS=4 FAIL=0 SKIP=0                                                                      1925.00           0.01     244593.66  **
                                                        *********************************************************************************************************************************************
- :0: Verilog $finish

=== STREAMING_B 5x4 ===
rm -f /var/folders/78/xn7s20w54m75pf1x_198zh980000gn/T/tmp.aXnNxPUmgq/results.xml
/opt/homebrew/bin/verilator -cc --exe -Mdir /var/folders/78/xn7s20w54m75pf1x_198zh980000gn/T/tmp.aXnNxPUmgq --top-module rtl_to_pixels_top_pipelined -GIMG_WIDTH=5 -GIMG_HEIGHT=4 --timescale 1ns/1ps --vpi --public-flat-rw --prefix Vtop -o Vtop -LDFLAGS "-Wl,-rpath,/Users/Dilan/Projects/from-rtl-to-pixels/.venv/lib/python3.14/site-packages/cocotb/libs -L/Users/Dilan/Projects/from-rtl-to-pixels/.venv/lib/python3.14/site-packages/cocotb/libs -lcocotbvpi_verilator"  /Users/Dilan/Projects/from-rtl-to-pixels/rtl/pixel_pkg.sv /Users/Dilan/Projects/from-rtl-to-pixels/rtl/rgb_to_gray.sv /Users/Dilan/Projects/from-rtl-to-pixels/rtl/elastic_stage.sv /Users/Dilan/Projects/from-rtl-to-pixels/rtl/apb_regs.sv /Users/Dilan/Projects/from-rtl-to-pixels/rtl/pixel_control.sv /Users/Dilan/Projects/from-rtl-to-pixels/rtl/line_buffer.sv /Users/Dilan/Projects/from-rtl-to-pixels/rtl/window_3x3.sv /Users/Dilan/Projects/from-rtl-to-pixels/rtl/sobel_compact.sv /Users/Dilan/Projects/from-rtl-to-pixels/rtl/magnitude_clamp.sv /Users/Dilan/Projects/from-rtl-to-pixels/rtl/threshold_stage.sv /Users/Dilan/Projects/from-rtl-to-pixels/rtl/output_control.sv /Users/Dilan/Projects/from-rtl-to-pixels/rtl/rtl_to_pixels_top_pipelined.sv /Users/Dilan/Projects/from-rtl-to-pixels/.venv/lib/python3.14/site-packages/cocotb/share/lib/verilator/verilator.cpp
- V e r i l a t i o n   R e p o r t: Verilator 5.052 2026-09-05 rev vUNKNOWN-built20260905
- Verilator: Built from 0.389 MB sources in 13 modules, into 0.289 MB in 7 C++ files needing 0.000 MB
- Verilator: Walltime 0.064 s (elab=0.010, cvt=0.029, bld=0.000); cpu 0.041 s on 1 threads; allocated 14.172 MB
/Applications/Xcode.app/Contents/Developer/usr/bin/make -C /var/folders/78/xn7s20w54m75pf1x_198zh980000gn/T/tmp.aXnNxPUmgq  -f Vtop.mk
c++  -I.  -MMD -I/opt/homebrew/Cellar/verilator/5.052/share/verilator/include -I/opt/homebrew/Cellar/verilator/5.052/share/verilator/include/vltstd -DVERILATOR=1 -DVM_COVERAGE=0 -DVM_SC=0 -DVM_TIMING=0 -DVM_TRACE=0 -DVM_TRACE_FST=0 -DVM_TRACE_VCD=0 -DVM_TRACE_SAIF=0 -DVM_VPI=1 -faligned-new -fbracket-depth=4096 -fcf-protection=none -Xclang -fno-pch-timestamp -Qunused-arguments -Wno-bool-operation -Wno-c++11-narrowing -Wno-constant-logical-operand -Wno-int-in-bool-context -Wno-non-pod-varargs -Wno-parentheses-equality -Wno-shadow -Wno-sign-compare -Wno-tautological-bitwise-compare -Wno-tautological-compare -Wno-uninitialized -Wno-unnecessary-virtual-specifier -Wno-unused-but-set-parameter -Wno-unused-but-set-variable -Wno-unused-parameter -Wno-unused-variable -Wno-vla-cxx-extension      -Os  -c -o verilator.o /Users/Dilan/Projects/from-rtl-to-pixels/.venv/lib/python3.14/site-packages/cocotb/share/lib/verilator/verilator.cpp
c++ -Os  -I.  -MMD -I/opt/homebrew/Cellar/verilator/5.052/share/verilator/include -I/opt/homebrew/Cellar/verilator/5.052/share/verilator/include/vltstd -DVERILATOR=1 -DVM_COVERAGE=0 -DVM_SC=0 -DVM_TIMING=0 -DVM_TRACE=0 -DVM_TRACE_FST=0 -DVM_TRACE_VCD=0 -DVM_TRACE_SAIF=0 -DVM_VPI=1 -faligned-new -fbracket-depth=4096 -fcf-protection=none -Xclang -fno-pch-timestamp -Qunused-arguments -Wno-bool-operation -Wno-c++11-narrowing -Wno-constant-logical-operand -Wno-int-in-bool-context -Wno-non-pod-varargs -Wno-parentheses-equality -Wno-shadow -Wno-sign-compare -Wno-tautological-bitwise-compare -Wno-tautological-compare -Wno-uninitialized -Wno-unnecessary-virtual-specifier -Wno-unused-but-set-parameter -Wno-unused-but-set-variable -Wno-unused-parameter -Wno-unused-variable -Wno-vla-cxx-extension      -c -o verilated.o /opt/homebrew/Cellar/verilator/5.052/share/verilator/include/verilated.cpp
c++ -Os  -I.  -MMD -I/opt/homebrew/Cellar/verilator/5.052/share/verilator/include -I/opt/homebrew/Cellar/verilator/5.052/share/verilator/include/vltstd -DVERILATOR=1 -DVM_COVERAGE=0 -DVM_SC=0 -DVM_TIMING=0 -DVM_TRACE=0 -DVM_TRACE_FST=0 -DVM_TRACE_VCD=0 -DVM_TRACE_SAIF=0 -DVM_VPI=1 -faligned-new -fbracket-depth=4096 -fcf-protection=none -Xclang -fno-pch-timestamp -Qunused-arguments -Wno-bool-operation -Wno-c++11-narrowing -Wno-constant-logical-operand -Wno-int-in-bool-context -Wno-non-pod-varargs -Wno-parentheses-equality -Wno-shadow -Wno-sign-compare -Wno-tautological-bitwise-compare -Wno-tautological-compare -Wno-uninitialized -Wno-unnecessary-virtual-specifier -Wno-unused-but-set-parameter -Wno-unused-but-set-variable -Wno-unused-parameter -Wno-unused-variable -Wno-vla-cxx-extension      -c -o verilated_dpi.o /opt/homebrew/Cellar/verilator/5.052/share/verilator/include/verilated_dpi.cpp
c++ -Os  -I.  -MMD -I/opt/homebrew/Cellar/verilator/5.052/share/verilator/include -I/opt/homebrew/Cellar/verilator/5.052/share/verilator/include/vltstd -DVERILATOR=1 -DVM_COVERAGE=0 -DVM_SC=0 -DVM_TIMING=0 -DVM_TRACE=0 -DVM_TRACE_FST=0 -DVM_TRACE_VCD=0 -DVM_TRACE_SAIF=0 -DVM_VPI=1 -faligned-new -fbracket-depth=4096 -fcf-protection=none -Xclang -fno-pch-timestamp -Qunused-arguments -Wno-bool-operation -Wno-c++11-narrowing -Wno-constant-logical-operand -Wno-int-in-bool-context -Wno-non-pod-varargs -Wno-parentheses-equality -Wno-shadow -Wno-sign-compare -Wno-tautological-bitwise-compare -Wno-tautological-compare -Wno-uninitialized -Wno-unnecessary-virtual-specifier -Wno-unused-but-set-parameter -Wno-unused-but-set-variable -Wno-unused-parameter -Wno-unused-variable -Wno-vla-cxx-extension      -c -o verilated_vpi.o /opt/homebrew/Cellar/verilator/5.052/share/verilator/include/verilated_vpi.cpp
c++ -Os  -I.  -MMD -I/opt/homebrew/Cellar/verilator/5.052/share/verilator/include -I/opt/homebrew/Cellar/verilator/5.052/share/verilator/include/vltstd -DVERILATOR=1 -DVM_COVERAGE=0 -DVM_SC=0 -DVM_TIMING=0 -DVM_TRACE=0 -DVM_TRACE_FST=0 -DVM_TRACE_VCD=0 -DVM_TRACE_SAIF=0 -DVM_VPI=1 -faligned-new -fbracket-depth=4096 -fcf-protection=none -Xclang -fno-pch-timestamp -Qunused-arguments -Wno-bool-operation -Wno-c++11-narrowing -Wno-constant-logical-operand -Wno-int-in-bool-context -Wno-non-pod-varargs -Wno-parentheses-equality -Wno-shadow -Wno-sign-compare -Wno-tautological-bitwise-compare -Wno-tautological-compare -Wno-uninitialized -Wno-unnecessary-virtual-specifier -Wno-unused-but-set-parameter -Wno-unused-but-set-variable -Wno-unused-parameter -Wno-unused-variable -Wno-vla-cxx-extension      -c -o verilated_threads.o /opt/homebrew/Cellar/verilator/5.052/share/verilator/include/verilated_threads.cpp
python3 /opt/homebrew/Cellar/verilator/5.052/share/verilator/bin/verilator_includer -DVL_INCLUDE_OPT=include Vtop.cpp Vtop___024root__0.cpp Vtop__Dpi.cpp Vtop__ConstPool__0__Slow.cpp Vtop___024root__Slow.cpp Vtop___024root__0__Slow.cpp Vtop__Syms__Slow.cpp > Vtop__ALL.cpp
c++ -Os  -I.  -MMD -I/opt/homebrew/Cellar/verilator/5.052/share/verilator/include -I/opt/homebrew/Cellar/verilator/5.052/share/verilator/include/vltstd -DVERILATOR=1 -DVM_COVERAGE=0 -DVM_SC=0 -DVM_TIMING=0 -DVM_TRACE=0 -DVM_TRACE_FST=0 -DVM_TRACE_VCD=0 -DVM_TRACE_SAIF=0 -DVM_VPI=1 -faligned-new -fbracket-depth=4096 -fcf-protection=none -Xclang -fno-pch-timestamp -Qunused-arguments -Wno-bool-operation -Wno-c++11-narrowing -Wno-constant-logical-operand -Wno-int-in-bool-context -Wno-non-pod-varargs -Wno-parentheses-equality -Wno-shadow -Wno-sign-compare -Wno-tautological-bitwise-compare -Wno-tautological-compare -Wno-uninitialized -Wno-unnecessary-virtual-specifier -Wno-unused-but-set-parameter -Wno-unused-but-set-variable -Wno-unused-parameter -Wno-unused-variable -Wno-vla-cxx-extension      -c -o Vtop__ALL.o Vtop__ALL.cpp
c++  -Wl,-U,__Z15vl_time_stamp64v,-U,__Z13sc_time_stampv,-U,_vlog_startup_routines   -rdynamic verilator.o verilated.o verilated_dpi.o verilated_vpi.o verilated_threads.o Vtop__ALL.a   -Wl,-rpath,/Users/Dilan/Projects/from-rtl-to-pixels/.venv/lib/python3.14/site-packages/cocotb/libs -L/Users/Dilan/Projects/from-rtl-to-pixels/.venv/lib/python3.14/site-packages/cocotb/libs -lcocotbvpi_verilator  -pthread -lpthread -ldl   -o Vtop
rm Vtop__ALL.verilator_deplist.tmp
rm -f /var/folders/78/xn7s20w54m75pf1x_198zh980000gn/T/tmp.aXnNxPUmgq/results.xml
COCOTB_TEST_MODULES=test_rtl_to_pixels_top_streaming COCOTB_TESTCASE=  COCOTB_TOPLEVEL=rtl_to_pixels_top_pipelined TOPLEVEL_LANG=verilog       \
         /var/folders/78/xn7s20w54m75pf1x_198zh980000gn/T/tmp.aXnNxPUmgq/Vtop
     -.--ns INFO     gpi                                ../gpi/GpiCommon.cpp:242  in gpi_load_users                  Loaded entry library: '/Library/Frameworks/Python.framework/Versions/3.14/Python'
     -.--ns INFO     gpi                                ../gpi/GpiCommon.cpp:234  in gpi_load_users                  Running entry func 'initialize' from loaded library '/Users/Dilan/Projects/from-rtl-to-pixels/.venv/lib/python3.14/site-packages/cocotb/simulator.cpython-314-darwin.so'
     -.--ns INFO     pygpi                              ..ib/pygpi/embed.cpp:115  in initialize                      Using Python 3.14.6 interpreter at /Users/Dilan/Projects/from-rtl-to-pixels/.venv/bin/python
     -.--ns INFO     gpi                                ../gpi/GpiCommon.cpp:74   in gpi_print_registered_impl       GPI: VPI support registered
     0.00ns INFO     cocotb.initialize                  Seeding Python random module with 1790116985
     0.00ns INFO     cocotb.initialize                  Initialized cocotb v2.1.0 from /Users/Dilan/Projects/from-rtl-to-pixels/.venv/lib/python3.14/site-packages/cocotb
     0.00ns INFO     cocotb.initialize                  Running on Verilator version 5.052 2026-09-05
     0.00ns INFO     cocotb.regression                  Running tests
     0.00ns INFO     cocotb.regression                  running test_rtl_to_pixels_top_streaming.randomized_source_gaps_match_reference (1/5)
stream stress frame: ready_mode=always accepted_input=20 accepted_output=20 source_gap_cycles=41 output_stall_cycles=0 mismatch_count=0
   781.00ns INFO     cocotb.regression                  test_rtl_to_pixels_top_streaming.randomized_source_gaps_match_reference passed
   781.00ns INFO     cocotb.regression                  running test_rtl_to_pixels_top_streaming.randomized_downstream_backpressure_is_bit_exact (2/5)
stream stress frame: ready_mode=random accepted_input=20 accepted_output=20 source_gap_cycles=0 output_stall_cycles=11 mismatch_count=0
  1272.00ns INFO     cocotb.regression                  test_rtl_to_pixels_top_streaming.randomized_downstream_backpressure_is_bit_exact passed
  1272.00ns INFO     cocotb.regression                  running test_rtl_to_pixels_top_streaming.combined_random_gaps_and_backpressure_match_reference (3/5)
stream stress frame: ready_mode=random accepted_input=20 accepted_output=20 source_gap_cycles=28 output_stall_cycles=15 mismatch_count=0
  2013.00ns INFO     cocotb.regression                  test_rtl_to_pixels_top_streaming.combined_random_gaps_and_backpressure_match_reference passed
  2013.00ns INFO     cocotb.regression                  running test_rtl_to_pixels_top_streaming.sof_and_eol_output_stalls_are_stable (4/5)
targeted_stall_coverage: mode=metadata expected={0: 2, 4: 2, 9: 2, 14: 2, 19: 2} observed={0: 2, 4: 2, 9: 2, 14: 2, 19: 2}
stream stress frame: ready_mode=metadata accepted_input=20 accepted_output=20 source_gap_cycles=25 output_stall_cycles=10 mismatch_count=0
  2684.00ns INFO     cocotb.regression                  test_rtl_to_pixels_top_streaming.sof_and_eol_output_stalls_are_stable passed
  2684.00ns INFO     cocotb.regression                  running test_rtl_to_pixels_top_streaming.drain_backpressure_preserves_exact_frame (5/5)
targeted_stall_coverage: mode=drain expected={14: 3, 15: 1, 16: 1, 17: 1, 18: 1, 19: 4} observed={14: 3, 15: 1, 16: 1, 17: 1, 18: 1, 19: 4}
stream stress frame: ready_mode=drain accepted_input=20 accepted_output=20 source_gap_cycles=19 output_stall_cycles=11 mismatch_count=0
  3365.00ns INFO     cocotb.regression                  test_rtl_to_pixels_top_streaming.drain_backpressure_preserves_exact_frame passed
  3365.00ns INFO     cocotb.regression                  ************************************************************************************************************************************************
                                                        ** TEST                                                                                    STATUS  SIM TIME (ns)  REAL TIME (s)  RATIO (ns/s) **
                                                        ************************************************************************************************************************************************
                                                        ** test_rtl_to_pixels_top_streaming.randomized_source_gaps_match_reference                  PASS         781.00           0.03      23605.36  **
                                                        ** test_rtl_to_pixels_top_streaming.randomized_downstream_backpressure_is_bit_exact         PASS         491.00           0.00     358775.97  **
                                                        ** test_rtl_to_pixels_top_streaming.combined_random_gaps_and_backpressure_match_reference   PASS         741.00           0.00     406770.29  **
                                                        ** test_rtl_to_pixels_top_streaming.sof_and_eol_output_stalls_are_stable                    PASS         671.00           0.00     406738.66  **
                                                        ** test_rtl_to_pixels_top_streaming.drain_backpressure_preserves_exact_frame                PASS         681.00           0.00     403735.00  **
                                                        ************************************************************************************************************************************************
                                                        ** TESTS=5 PASS=5 FAIL=0 SKIP=0                                                                         3365.00           0.04      82504.74  **
                                                        ************************************************************************************************************************************************
- :0: Verilog $finish

=== RECOVERY_B 5x4 ===
rm -f /var/folders/78/xn7s20w54m75pf1x_198zh980000gn/T/tmp.xp1CP5RwYa/results.xml
/opt/homebrew/bin/verilator -cc --exe -Mdir /var/folders/78/xn7s20w54m75pf1x_198zh980000gn/T/tmp.xp1CP5RwYa --top-module rtl_to_pixels_top_pipelined -GIMG_WIDTH=5 -GIMG_HEIGHT=4 --timescale 1ns/1ps --vpi --public-flat-rw --prefix Vtop -o Vtop -LDFLAGS "-Wl,-rpath,/Users/Dilan/Projects/from-rtl-to-pixels/.venv/lib/python3.14/site-packages/cocotb/libs -L/Users/Dilan/Projects/from-rtl-to-pixels/.venv/lib/python3.14/site-packages/cocotb/libs -lcocotbvpi_verilator"  /Users/Dilan/Projects/from-rtl-to-pixels/rtl/pixel_pkg.sv /Users/Dilan/Projects/from-rtl-to-pixels/rtl/rgb_to_gray.sv /Users/Dilan/Projects/from-rtl-to-pixels/rtl/elastic_stage.sv /Users/Dilan/Projects/from-rtl-to-pixels/rtl/apb_regs.sv /Users/Dilan/Projects/from-rtl-to-pixels/rtl/pixel_control.sv /Users/Dilan/Projects/from-rtl-to-pixels/rtl/line_buffer.sv /Users/Dilan/Projects/from-rtl-to-pixels/rtl/window_3x3.sv /Users/Dilan/Projects/from-rtl-to-pixels/rtl/sobel_compact.sv /Users/Dilan/Projects/from-rtl-to-pixels/rtl/magnitude_clamp.sv /Users/Dilan/Projects/from-rtl-to-pixels/rtl/threshold_stage.sv /Users/Dilan/Projects/from-rtl-to-pixels/rtl/output_control.sv /Users/Dilan/Projects/from-rtl-to-pixels/rtl/rtl_to_pixels_top_pipelined.sv /Users/Dilan/Projects/from-rtl-to-pixels/.venv/lib/python3.14/site-packages/cocotb/share/lib/verilator/verilator.cpp
- V e r i l a t i o n   R e p o r t: Verilator 5.052 2026-09-05 rev vUNKNOWN-built20260905
- Verilator: Built from 0.389 MB sources in 13 modules, into 0.289 MB in 7 C++ files needing 0.000 MB
- Verilator: Walltime 0.036 s (elab=0.004, cvt=0.020, bld=0.000); cpu 0.034 s on 1 threads; allocated 14.109 MB
/Applications/Xcode.app/Contents/Developer/usr/bin/make -C /var/folders/78/xn7s20w54m75pf1x_198zh980000gn/T/tmp.xp1CP5RwYa  -f Vtop.mk
c++  -I.  -MMD -I/opt/homebrew/Cellar/verilator/5.052/share/verilator/include -I/opt/homebrew/Cellar/verilator/5.052/share/verilator/include/vltstd -DVERILATOR=1 -DVM_COVERAGE=0 -DVM_SC=0 -DVM_TIMING=0 -DVM_TRACE=0 -DVM_TRACE_FST=0 -DVM_TRACE_VCD=0 -DVM_TRACE_SAIF=0 -DVM_VPI=1 -faligned-new -fbracket-depth=4096 -fcf-protection=none -Xclang -fno-pch-timestamp -Qunused-arguments -Wno-bool-operation -Wno-c++11-narrowing -Wno-constant-logical-operand -Wno-int-in-bool-context -Wno-non-pod-varargs -Wno-parentheses-equality -Wno-shadow -Wno-sign-compare -Wno-tautological-bitwise-compare -Wno-tautological-compare -Wno-uninitialized -Wno-unnecessary-virtual-specifier -Wno-unused-but-set-parameter -Wno-unused-but-set-variable -Wno-unused-parameter -Wno-unused-variable -Wno-vla-cxx-extension      -Os  -c -o verilator.o /Users/Dilan/Projects/from-rtl-to-pixels/.venv/lib/python3.14/site-packages/cocotb/share/lib/verilator/verilator.cpp
c++ -Os  -I.  -MMD -I/opt/homebrew/Cellar/verilator/5.052/share/verilator/include -I/opt/homebrew/Cellar/verilator/5.052/share/verilator/include/vltstd -DVERILATOR=1 -DVM_COVERAGE=0 -DVM_SC=0 -DVM_TIMING=0 -DVM_TRACE=0 -DVM_TRACE_FST=0 -DVM_TRACE_VCD=0 -DVM_TRACE_SAIF=0 -DVM_VPI=1 -faligned-new -fbracket-depth=4096 -fcf-protection=none -Xclang -fno-pch-timestamp -Qunused-arguments -Wno-bool-operation -Wno-c++11-narrowing -Wno-constant-logical-operand -Wno-int-in-bool-context -Wno-non-pod-varargs -Wno-parentheses-equality -Wno-shadow -Wno-sign-compare -Wno-tautological-bitwise-compare -Wno-tautological-compare -Wno-uninitialized -Wno-unnecessary-virtual-specifier -Wno-unused-but-set-parameter -Wno-unused-but-set-variable -Wno-unused-parameter -Wno-unused-variable -Wno-vla-cxx-extension      -c -o verilated.o /opt/homebrew/Cellar/verilator/5.052/share/verilator/include/verilated.cpp
c++ -Os  -I.  -MMD -I/opt/homebrew/Cellar/verilator/5.052/share/verilator/include -I/opt/homebrew/Cellar/verilator/5.052/share/verilator/include/vltstd -DVERILATOR=1 -DVM_COVERAGE=0 -DVM_SC=0 -DVM_TIMING=0 -DVM_TRACE=0 -DVM_TRACE_FST=0 -DVM_TRACE_VCD=0 -DVM_TRACE_SAIF=0 -DVM_VPI=1 -faligned-new -fbracket-depth=4096 -fcf-protection=none -Xclang -fno-pch-timestamp -Qunused-arguments -Wno-bool-operation -Wno-c++11-narrowing -Wno-constant-logical-operand -Wno-int-in-bool-context -Wno-non-pod-varargs -Wno-parentheses-equality -Wno-shadow -Wno-sign-compare -Wno-tautological-bitwise-compare -Wno-tautological-compare -Wno-uninitialized -Wno-unnecessary-virtual-specifier -Wno-unused-but-set-parameter -Wno-unused-but-set-variable -Wno-unused-parameter -Wno-unused-variable -Wno-vla-cxx-extension      -c -o verilated_dpi.o /opt/homebrew/Cellar/verilator/5.052/share/verilator/include/verilated_dpi.cpp
c++ -Os  -I.  -MMD -I/opt/homebrew/Cellar/verilator/5.052/share/verilator/include -I/opt/homebrew/Cellar/verilator/5.052/share/verilator/include/vltstd -DVERILATOR=1 -DVM_COVERAGE=0 -DVM_SC=0 -DVM_TIMING=0 -DVM_TRACE=0 -DVM_TRACE_FST=0 -DVM_TRACE_VCD=0 -DVM_TRACE_SAIF=0 -DVM_VPI=1 -faligned-new -fbracket-depth=4096 -fcf-protection=none -Xclang -fno-pch-timestamp -Qunused-arguments -Wno-bool-operation -Wno-c++11-narrowing -Wno-constant-logical-operand -Wno-int-in-bool-context -Wno-non-pod-varargs -Wno-parentheses-equality -Wno-shadow -Wno-sign-compare -Wno-tautological-bitwise-compare -Wno-tautological-compare -Wno-uninitialized -Wno-unnecessary-virtual-specifier -Wno-unused-but-set-parameter -Wno-unused-but-set-variable -Wno-unused-parameter -Wno-unused-variable -Wno-vla-cxx-extension      -c -o verilated_vpi.o /opt/homebrew/Cellar/verilator/5.052/share/verilator/include/verilated_vpi.cpp
c++ -Os  -I.  -MMD -I/opt/homebrew/Cellar/verilator/5.052/share/verilator/include -I/opt/homebrew/Cellar/verilator/5.052/share/verilator/include/vltstd -DVERILATOR=1 -DVM_COVERAGE=0 -DVM_SC=0 -DVM_TIMING=0 -DVM_TRACE=0 -DVM_TRACE_FST=0 -DVM_TRACE_VCD=0 -DVM_TRACE_SAIF=0 -DVM_VPI=1 -faligned-new -fbracket-depth=4096 -fcf-protection=none -Xclang -fno-pch-timestamp -Qunused-arguments -Wno-bool-operation -Wno-c++11-narrowing -Wno-constant-logical-operand -Wno-int-in-bool-context -Wno-non-pod-varargs -Wno-parentheses-equality -Wno-shadow -Wno-sign-compare -Wno-tautological-bitwise-compare -Wno-tautological-compare -Wno-uninitialized -Wno-unnecessary-virtual-specifier -Wno-unused-but-set-parameter -Wno-unused-but-set-variable -Wno-unused-parameter -Wno-unused-variable -Wno-vla-cxx-extension      -c -o verilated_threads.o /opt/homebrew/Cellar/verilator/5.052/share/verilator/include/verilated_threads.cpp
python3 /opt/homebrew/Cellar/verilator/5.052/share/verilator/bin/verilator_includer -DVL_INCLUDE_OPT=include Vtop.cpp Vtop___024root__0.cpp Vtop__Dpi.cpp Vtop__ConstPool__0__Slow.cpp Vtop___024root__Slow.cpp Vtop___024root__0__Slow.cpp Vtop__Syms__Slow.cpp > Vtop__ALL.cpp
c++ -Os  -I.  -MMD -I/opt/homebrew/Cellar/verilator/5.052/share/verilator/include -I/opt/homebrew/Cellar/verilator/5.052/share/verilator/include/vltstd -DVERILATOR=1 -DVM_COVERAGE=0 -DVM_SC=0 -DVM_TIMING=0 -DVM_TRACE=0 -DVM_TRACE_FST=0 -DVM_TRACE_VCD=0 -DVM_TRACE_SAIF=0 -DVM_VPI=1 -faligned-new -fbracket-depth=4096 -fcf-protection=none -Xclang -fno-pch-timestamp -Qunused-arguments -Wno-bool-operation -Wno-c++11-narrowing -Wno-constant-logical-operand -Wno-int-in-bool-context -Wno-non-pod-varargs -Wno-parentheses-equality -Wno-shadow -Wno-sign-compare -Wno-tautological-bitwise-compare -Wno-tautological-compare -Wno-uninitialized -Wno-unnecessary-virtual-specifier -Wno-unused-but-set-parameter -Wno-unused-but-set-variable -Wno-unused-parameter -Wno-unused-variable -Wno-vla-cxx-extension      -c -o Vtop__ALL.o Vtop__ALL.cpp
c++  -Wl,-U,__Z15vl_time_stamp64v,-U,__Z13sc_time_stampv,-U,_vlog_startup_routines   -rdynamic verilator.o verilated.o verilated_dpi.o verilated_vpi.o verilated_threads.o Vtop__ALL.a   -Wl,-rpath,/Users/Dilan/Projects/from-rtl-to-pixels/.venv/lib/python3.14/site-packages/cocotb/libs -L/Users/Dilan/Projects/from-rtl-to-pixels/.venv/lib/python3.14/site-packages/cocotb/libs -lcocotbvpi_verilator  -pthread -lpthread -ldl   -o Vtop
rm Vtop__ALL.verilator_deplist.tmp
rm -f /var/folders/78/xn7s20w54m75pf1x_198zh980000gn/T/tmp.xp1CP5RwYa/results.xml
COCOTB_TEST_MODULES=test_rtl_to_pixels_top_recovery COCOTB_TESTCASE=  COCOTB_TOPLEVEL=rtl_to_pixels_top_pipelined TOPLEVEL_LANG=verilog       \
         /var/folders/78/xn7s20w54m75pf1x_198zh980000gn/T/tmp.xp1CP5RwYa/Vtop
     -.--ns INFO     gpi                                ../gpi/GpiCommon.cpp:242  in gpi_load_users                  Loaded entry library: '/Library/Frameworks/Python.framework/Versions/3.14/Python'
     -.--ns INFO     gpi                                ../gpi/GpiCommon.cpp:234  in gpi_load_users                  Running entry func 'initialize' from loaded library '/Users/Dilan/Projects/from-rtl-to-pixels/.venv/lib/python3.14/site-packages/cocotb/simulator.cpython-314-darwin.so'
     -.--ns INFO     pygpi                              ..ib/pygpi/embed.cpp:115  in initialize                      Using Python 3.14.6 interpreter at /Users/Dilan/Projects/from-rtl-to-pixels/.venv/bin/python
     -.--ns INFO     gpi                                ../gpi/GpiCommon.cpp:74   in gpi_print_registered_impl       GPI: VPI support registered
     0.00ns INFO     cocotb.initialize                  Seeding Python random module with 1790116994
     0.00ns INFO     cocotb.initialize                  Initialized cocotb v2.1.0 from /Users/Dilan/Projects/from-rtl-to-pixels/.venv/lib/python3.14/site-packages/cocotb
     0.00ns INFO     cocotb.initialize                  Running on Verilator version 5.052 2026-09-05
     0.00ns INFO     cocotb.regression                  Running tests
     0.00ns INFO     cocotb.regression                  running test_rtl_to_pixels_top_recovery.idle_reset_restores_defaults_and_clean_recovery (1/11)
recovery frame: label=idle-reset accepted_input=20 accepted_output=20 mismatch_count=0
   451.00ns INFO     cocotb.regression                  test_rtl_to_pixels_top_recovery.idle_reset_restores_defaults_and_clean_recovery passed
   451.00ns INFO     cocotb.regression                  running test_rtl_to_pixels_top_recovery.reset_immediately_before_frame_blocks_acceptance (2/11)
recovery frame: label=reset-before-frame accepted_input=20 accepted_output=20 mismatch_count=0
   952.00ns INFO     cocotb.regression                  test_rtl_to_pixels_top_recovery.reset_immediately_before_frame_blocks_acceptance passed
   952.00ns INFO     cocotb.regression                  running test_rtl_to_pixels_top_recovery.reset_after_first_accepted_pixel_recovers (3/11)
recovery frame: label=reset-after-first-pixel accepted_input=20 accepted_output=20 mismatch_count=0
  1483.00ns INFO     cocotb.regression                  test_rtl_to_pixels_top_recovery.reset_after_first_accepted_pixel_recovers passed
  1483.00ns INFO     cocotb.regression                  running test_rtl_to_pixels_top_recovery.reset_mid_line_recovers (4/11)
recovery frame: label=reset-mid-line accepted_input=20 accepted_output=20 mismatch_count=0
  2024.00ns INFO     cocotb.regression                  test_rtl_to_pixels_top_recovery.reset_mid_line_recovers passed
  2024.00ns INFO     cocotb.regression                  running test_rtl_to_pixels_top_recovery.reset_after_eol_recovers (5/11)
recovery frame: label=reset-after-eol accepted_input=20 accepted_output=20 mismatch_count=0
  2595.00ns INFO     cocotb.regression                  test_rtl_to_pixels_top_recovery.reset_after_eol_recovers passed
  2595.00ns INFO     cocotb.regression                  running test_rtl_to_pixels_top_recovery.reset_late_frame_recovers (6/11)
recovery frame: label=reset-late-frame accepted_input=20 accepted_output=20 mismatch_count=0
  3306.01ns INFO     cocotb.regression                  test_rtl_to_pixels_top_recovery.reset_late_frame_recovers passed
  3306.01ns INFO     cocotb.regression                  running test_rtl_to_pixels_top_recovery.reset_during_drain_recovers (7/11)
recovery frame: label=reset-during-drain accepted_input=20 accepted_output=20 mismatch_count=0
  4047.01ns INFO     cocotb.regression                  test_rtl_to_pixels_top_recovery.reset_during_drain_recovers passed
  4047.01ns INFO     cocotb.regression                  running test_rtl_to_pixels_top_recovery.early_eol_aborts_and_recovers (8/11)
recovery frame: label=early-eol accepted_input=20 accepted_output=20 mismatch_count=0
metadata abort: label=early-eol bad_index=1 prior_output_transfers=0 aborted_frame_count=0 recovered_frame_count=1
  4538.01ns INFO     cocotb.regression                  test_rtl_to_pixels_top_recovery.early_eol_aborts_and_recovers passed
  4538.01ns INFO     cocotb.regression                  running test_rtl_to_pixels_top_recovery.missing_row_eol_aborts_and_recovers (9/11)
recovery frame: label=missing-row-eol accepted_input=20 accepted_output=20 mismatch_count=0
metadata abort: label=missing-row-eol bad_index=4 prior_output_transfers=0 aborted_frame_count=0 recovered_frame_count=1
  5059.01ns INFO     cocotb.regression                  test_rtl_to_pixels_top_recovery.missing_row_eol_aborts_and_recovers passed
  5059.01ns INFO     cocotb.regression                  running test_rtl_to_pixels_top_recovery.unexpected_sof_after_partial_output_aborts_and_recovers (10/11)
partial-output precondition: label=unexpected-sof extra_idle_cycles=2 prior_output_transfer=1
recovery frame: label=unexpected-sof accepted_input=20 accepted_output=20 mismatch_count=0
metadata abort: label=unexpected-sof bad_index=7 prior_output_transfers=1 aborted_frame_count=0 recovered_frame_count=1
  5630.01ns INFO     cocotb.regression                  test_rtl_to_pixels_top_recovery.unexpected_sof_after_partial_output_aborts_and_recovers passed
  5630.01ns INFO     cocotb.regression                  running test_rtl_to_pixels_top_recovery.missing_final_eol_aborts_without_frame_completion (11/11)
recovery frame: label=missing-final-eol accepted_input=20 accepted_output=20 mismatch_count=0
metadata abort: label=missing-final-eol bad_index=19 prior_output_transfers=12 aborted_frame_count=0 recovered_frame_count=1
  6301.01ns INFO     cocotb.regression                  test_rtl_to_pixels_top_recovery.missing_final_eol_aborts_without_frame_completion passed
  6301.01ns INFO     cocotb.regression                  *************************************************************************************************************************************************
                                                        ** TEST                                                                                     STATUS  SIM TIME (ns)  REAL TIME (s)  RATIO (ns/s) **
                                                        *************************************************************************************************************************************************
                                                        ** test_rtl_to_pixels_top_recovery.idle_reset_restores_defaults_and_clean_recovery           PASS         451.00           0.03      17630.24  **
                                                        ** test_rtl_to_pixels_top_recovery.reset_immediately_before_frame_blocks_acceptance          PASS         501.00           0.00     395331.14  **
                                                        ** test_rtl_to_pixels_top_recovery.reset_after_first_accepted_pixel_recovers                 PASS         531.00           0.00     448053.99  **
                                                        ** test_rtl_to_pixels_top_recovery.reset_mid_line_recovers                                   PASS         541.00           0.00     458345.22  **
                                                        ** test_rtl_to_pixels_top_recovery.reset_after_eol_recovers                                  PASS         571.00           0.00     463066.58  **
                                                        ** test_rtl_to_pixels_top_recovery.reset_late_frame_recovers                                 PASS         711.00           0.00     494551.24  **
                                                        ** test_rtl_to_pixels_top_recovery.reset_during_drain_recovers                               PASS         741.00           0.00     421361.73  **
                                                        ** test_rtl_to_pixels_top_recovery.early_eol_aborts_and_recovers                             PASS         491.00           0.00     456567.07  **
                                                        ** test_rtl_to_pixels_top_recovery.missing_row_eol_aborts_and_recovers                       PASS         521.00           0.00     468191.72  **
                                                        ** test_rtl_to_pixels_top_recovery.unexpected_sof_after_partial_output_aborts_and_recovers   PASS         571.00           0.00     481619.19  **
                                                        ** test_rtl_to_pixels_top_recovery.missing_final_eol_aborts_without_frame_completion         PASS         671.00           0.00     496531.30  **
                                                        *************************************************************************************************************************************************
                                                        ** TESTS=11 PASS=11 FAIL=0 SKIP=0                                                                        6301.01           0.04     156589.46  **
                                                        *************************************************************************************************************************************************
- :0: Verilog $finish

=== CONFIG_B 5x4 ===
rm -f /var/folders/78/xn7s20w54m75pf1x_198zh980000gn/T/tmp.QHQwO3lZjf/results.xml
/opt/homebrew/bin/verilator -cc --exe -Mdir /var/folders/78/xn7s20w54m75pf1x_198zh980000gn/T/tmp.QHQwO3lZjf --top-module rtl_to_pixels_top_pipelined -GIMG_WIDTH=5 -GIMG_HEIGHT=4 --timescale 1ns/1ps --vpi --public-flat-rw --prefix Vtop -o Vtop -LDFLAGS "-Wl,-rpath,/Users/Dilan/Projects/from-rtl-to-pixels/.venv/lib/python3.14/site-packages/cocotb/libs -L/Users/Dilan/Projects/from-rtl-to-pixels/.venv/lib/python3.14/site-packages/cocotb/libs -lcocotbvpi_verilator"  /Users/Dilan/Projects/from-rtl-to-pixels/rtl/pixel_pkg.sv /Users/Dilan/Projects/from-rtl-to-pixels/rtl/rgb_to_gray.sv /Users/Dilan/Projects/from-rtl-to-pixels/rtl/elastic_stage.sv /Users/Dilan/Projects/from-rtl-to-pixels/rtl/apb_regs.sv /Users/Dilan/Projects/from-rtl-to-pixels/rtl/pixel_control.sv /Users/Dilan/Projects/from-rtl-to-pixels/rtl/line_buffer.sv /Users/Dilan/Projects/from-rtl-to-pixels/rtl/window_3x3.sv /Users/Dilan/Projects/from-rtl-to-pixels/rtl/sobel_compact.sv /Users/Dilan/Projects/from-rtl-to-pixels/rtl/magnitude_clamp.sv /Users/Dilan/Projects/from-rtl-to-pixels/rtl/threshold_stage.sv /Users/Dilan/Projects/from-rtl-to-pixels/rtl/output_control.sv /Users/Dilan/Projects/from-rtl-to-pixels/rtl/rtl_to_pixels_top_pipelined.sv /Users/Dilan/Projects/from-rtl-to-pixels/.venv/lib/python3.14/site-packages/cocotb/share/lib/verilator/verilator.cpp
- V e r i l a t i o n   R e p o r t: Verilator 5.052 2026-09-05 rev vUNKNOWN-built20260905
- Verilator: Built from 0.389 MB sources in 13 modules, into 0.289 MB in 7 C++ files needing 0.000 MB
- Verilator: Walltime 0.056 s (elab=0.009, cvt=0.028, bld=0.000); cpu 0.039 s on 1 threads; allocated 14.125 MB
/Applications/Xcode.app/Contents/Developer/usr/bin/make -C /var/folders/78/xn7s20w54m75pf1x_198zh980000gn/T/tmp.QHQwO3lZjf  -f Vtop.mk
c++  -I.  -MMD -I/opt/homebrew/Cellar/verilator/5.052/share/verilator/include -I/opt/homebrew/Cellar/verilator/5.052/share/verilator/include/vltstd -DVERILATOR=1 -DVM_COVERAGE=0 -DVM_SC=0 -DVM_TIMING=0 -DVM_TRACE=0 -DVM_TRACE_FST=0 -DVM_TRACE_VCD=0 -DVM_TRACE_SAIF=0 -DVM_VPI=1 -faligned-new -fbracket-depth=4096 -fcf-protection=none -Xclang -fno-pch-timestamp -Qunused-arguments -Wno-bool-operation -Wno-c++11-narrowing -Wno-constant-logical-operand -Wno-int-in-bool-context -Wno-non-pod-varargs -Wno-parentheses-equality -Wno-shadow -Wno-sign-compare -Wno-tautological-bitwise-compare -Wno-tautological-compare -Wno-uninitialized -Wno-unnecessary-virtual-specifier -Wno-unused-but-set-parameter -Wno-unused-but-set-variable -Wno-unused-parameter -Wno-unused-variable -Wno-vla-cxx-extension      -Os  -c -o verilator.o /Users/Dilan/Projects/from-rtl-to-pixels/.venv/lib/python3.14/site-packages/cocotb/share/lib/verilator/verilator.cpp
c++ -Os  -I.  -MMD -I/opt/homebrew/Cellar/verilator/5.052/share/verilator/include -I/opt/homebrew/Cellar/verilator/5.052/share/verilator/include/vltstd -DVERILATOR=1 -DVM_COVERAGE=0 -DVM_SC=0 -DVM_TIMING=0 -DVM_TRACE=0 -DVM_TRACE_FST=0 -DVM_TRACE_VCD=0 -DVM_TRACE_SAIF=0 -DVM_VPI=1 -faligned-new -fbracket-depth=4096 -fcf-protection=none -Xclang -fno-pch-timestamp -Qunused-arguments -Wno-bool-operation -Wno-c++11-narrowing -Wno-constant-logical-operand -Wno-int-in-bool-context -Wno-non-pod-varargs -Wno-parentheses-equality -Wno-shadow -Wno-sign-compare -Wno-tautological-bitwise-compare -Wno-tautological-compare -Wno-uninitialized -Wno-unnecessary-virtual-specifier -Wno-unused-but-set-parameter -Wno-unused-but-set-variable -Wno-unused-parameter -Wno-unused-variable -Wno-vla-cxx-extension      -c -o verilated.o /opt/homebrew/Cellar/verilator/5.052/share/verilator/include/verilated.cpp
c++ -Os  -I.  -MMD -I/opt/homebrew/Cellar/verilator/5.052/share/verilator/include -I/opt/homebrew/Cellar/verilator/5.052/share/verilator/include/vltstd -DVERILATOR=1 -DVM_COVERAGE=0 -DVM_SC=0 -DVM_TIMING=0 -DVM_TRACE=0 -DVM_TRACE_FST=0 -DVM_TRACE_VCD=0 -DVM_TRACE_SAIF=0 -DVM_VPI=1 -faligned-new -fbracket-depth=4096 -fcf-protection=none -Xclang -fno-pch-timestamp -Qunused-arguments -Wno-bool-operation -Wno-c++11-narrowing -Wno-constant-logical-operand -Wno-int-in-bool-context -Wno-non-pod-varargs -Wno-parentheses-equality -Wno-shadow -Wno-sign-compare -Wno-tautological-bitwise-compare -Wno-tautological-compare -Wno-uninitialized -Wno-unnecessary-virtual-specifier -Wno-unused-but-set-parameter -Wno-unused-but-set-variable -Wno-unused-parameter -Wno-unused-variable -Wno-vla-cxx-extension      -c -o verilated_dpi.o /opt/homebrew/Cellar/verilator/5.052/share/verilator/include/verilated_dpi.cpp
c++ -Os  -I.  -MMD -I/opt/homebrew/Cellar/verilator/5.052/share/verilator/include -I/opt/homebrew/Cellar/verilator/5.052/share/verilator/include/vltstd -DVERILATOR=1 -DVM_COVERAGE=0 -DVM_SC=0 -DVM_TIMING=0 -DVM_TRACE=0 -DVM_TRACE_FST=0 -DVM_TRACE_VCD=0 -DVM_TRACE_SAIF=0 -DVM_VPI=1 -faligned-new -fbracket-depth=4096 -fcf-protection=none -Xclang -fno-pch-timestamp -Qunused-arguments -Wno-bool-operation -Wno-c++11-narrowing -Wno-constant-logical-operand -Wno-int-in-bool-context -Wno-non-pod-varargs -Wno-parentheses-equality -Wno-shadow -Wno-sign-compare -Wno-tautological-bitwise-compare -Wno-tautological-compare -Wno-uninitialized -Wno-unnecessary-virtual-specifier -Wno-unused-but-set-parameter -Wno-unused-but-set-variable -Wno-unused-parameter -Wno-unused-variable -Wno-vla-cxx-extension      -c -o verilated_vpi.o /opt/homebrew/Cellar/verilator/5.052/share/verilator/include/verilated_vpi.cpp
c++ -Os  -I.  -MMD -I/opt/homebrew/Cellar/verilator/5.052/share/verilator/include -I/opt/homebrew/Cellar/verilator/5.052/share/verilator/include/vltstd -DVERILATOR=1 -DVM_COVERAGE=0 -DVM_SC=0 -DVM_TIMING=0 -DVM_TRACE=0 -DVM_TRACE_FST=0 -DVM_TRACE_VCD=0 -DVM_TRACE_SAIF=0 -DVM_VPI=1 -faligned-new -fbracket-depth=4096 -fcf-protection=none -Xclang -fno-pch-timestamp -Qunused-arguments -Wno-bool-operation -Wno-c++11-narrowing -Wno-constant-logical-operand -Wno-int-in-bool-context -Wno-non-pod-varargs -Wno-parentheses-equality -Wno-shadow -Wno-sign-compare -Wno-tautological-bitwise-compare -Wno-tautological-compare -Wno-uninitialized -Wno-unnecessary-virtual-specifier -Wno-unused-but-set-parameter -Wno-unused-but-set-variable -Wno-unused-parameter -Wno-unused-variable -Wno-vla-cxx-extension      -c -o verilated_threads.o /opt/homebrew/Cellar/verilator/5.052/share/verilator/include/verilated_threads.cpp
python3 /opt/homebrew/Cellar/verilator/5.052/share/verilator/bin/verilator_includer -DVL_INCLUDE_OPT=include Vtop.cpp Vtop___024root__0.cpp Vtop__Dpi.cpp Vtop__ConstPool__0__Slow.cpp Vtop___024root__Slow.cpp Vtop___024root__0__Slow.cpp Vtop__Syms__Slow.cpp > Vtop__ALL.cpp
c++ -Os  -I.  -MMD -I/opt/homebrew/Cellar/verilator/5.052/share/verilator/include -I/opt/homebrew/Cellar/verilator/5.052/share/verilator/include/vltstd -DVERILATOR=1 -DVM_COVERAGE=0 -DVM_SC=0 -DVM_TIMING=0 -DVM_TRACE=0 -DVM_TRACE_FST=0 -DVM_TRACE_VCD=0 -DVM_TRACE_SAIF=0 -DVM_VPI=1 -faligned-new -fbracket-depth=4096 -fcf-protection=none -Xclang -fno-pch-timestamp -Qunused-arguments -Wno-bool-operation -Wno-c++11-narrowing -Wno-constant-logical-operand -Wno-int-in-bool-context -Wno-non-pod-varargs -Wno-parentheses-equality -Wno-shadow -Wno-sign-compare -Wno-tautological-bitwise-compare -Wno-tautological-compare -Wno-uninitialized -Wno-unnecessary-virtual-specifier -Wno-unused-but-set-parameter -Wno-unused-but-set-variable -Wno-unused-parameter -Wno-unused-variable -Wno-vla-cxx-extension      -c -o Vtop__ALL.o Vtop__ALL.cpp
c++  -Wl,-U,__Z15vl_time_stamp64v,-U,__Z13sc_time_stampv,-U,_vlog_startup_routines   -rdynamic verilator.o verilated.o verilated_dpi.o verilated_vpi.o verilated_threads.o Vtop__ALL.a   -Wl,-rpath,/Users/Dilan/Projects/from-rtl-to-pixels/.venv/lib/python3.14/site-packages/cocotb/libs -L/Users/Dilan/Projects/from-rtl-to-pixels/.venv/lib/python3.14/site-packages/cocotb/libs -lcocotbvpi_verilator  -pthread -lpthread -ldl   -o Vtop
rm Vtop__ALL.verilator_deplist.tmp
rm -f /var/folders/78/xn7s20w54m75pf1x_198zh980000gn/T/tmp.QHQwO3lZjf/results.xml
COCOTB_TEST_MODULES=test_rtl_to_pixels_top_config COCOTB_TESTCASE=  COCOTB_TOPLEVEL=rtl_to_pixels_top_pipelined TOPLEVEL_LANG=verilog       \
         /var/folders/78/xn7s20w54m75pf1x_198zh980000gn/T/tmp.QHQwO3lZjf/Vtop
     -.--ns INFO     gpi                                ../gpi/GpiCommon.cpp:242  in gpi_load_users                  Loaded entry library: '/Library/Frameworks/Python.framework/Versions/3.14/Python'
     -.--ns INFO     gpi                                ../gpi/GpiCommon.cpp:234  in gpi_load_users                  Running entry func 'initialize' from loaded library '/Users/Dilan/Projects/from-rtl-to-pixels/.venv/lib/python3.14/site-packages/cocotb/simulator.cpython-314-darwin.so'
     -.--ns INFO     pygpi                              ..ib/pygpi/embed.cpp:115  in initialize                      Using Python 3.14.6 interpreter at /Users/Dilan/Projects/from-rtl-to-pixels/.venv/bin/python
     -.--ns INFO     gpi                                ../gpi/GpiCommon.cpp:74   in gpi_print_registered_impl       GPI: VPI support registered
     0.00ns INFO     cocotb.initialize                  Seeding Python random module with 1790117003
     0.00ns INFO     cocotb.initialize                  Initialized cocotb v2.1.0 from /Users/Dilan/Projects/from-rtl-to-pixels/.venv/lib/python3.14/site-packages/cocotb
     0.00ns INFO     cocotb.initialize                  Running on Verilator version 5.052 2026-09-05
     0.00ns INFO     cocotb.regression                  Running tests
     0.00ns INFO     cocotb.regression                  running test_rtl_to_pixels_top_config.idle_shadow_write_sets_pending_and_sof_activates (1/6)
config frame: label=idle-shadow-activation threshold=20 bypass=1 accepted_input=20 accepted_output=20 mismatch_count=0
   411.00ns INFO     cocotb.regression                  test_rtl_to_pixels_top_config.idle_shadow_write_sets_pending_and_sof_activates passed
   411.00ns INFO     cocotb.regression                  running test_rtl_to_pixels_top_config.midframe_threshold_write_applies_only_next_frame (2/6)
config frame: label=midframe-threshold-current threshold=10 bypass=0 accepted_input=20 accepted_output=20 mismatch_count=0
config frame: label=midframe-threshold-next threshold=20 bypass=0 accepted_input=20 accepted_output=20 mismatch_count=0
  1172.00ns INFO     cocotb.regression                  test_rtl_to_pixels_top_config.midframe_threshold_write_applies_only_next_frame passed
  1172.00ns INFO     cocotb.regression                  running test_rtl_to_pixels_top_config.midframe_bypass_write_applies_only_next_frame (3/6)
config frame: label=midframe-bypass-current threshold=20 bypass=0 accepted_input=20 accepted_output=20 mismatch_count=0
config frame: label=midframe-bypass-next threshold=20 bypass=1 accepted_input=20 accepted_output=20 mismatch_count=0
  1893.00ns INFO     cocotb.regression                  test_rtl_to_pixels_top_config.midframe_bypass_write_applies_only_next_frame passed
  1893.00ns INFO     cocotb.regression                  running test_rtl_to_pixels_top_config.same_edge_threshold_write_and_sof_uses_preedge_shadow (4/6)
config frame: label=same-edge-threshold-current threshold=10 bypass=0 accepted_input=20 accepted_output=20 mismatch_count=0
config frame: label=same-edge-threshold-next threshold=20 bypass=0 accepted_input=20 accepted_output=20 mismatch_count=0
  2604.00ns INFO     cocotb.regression                  test_rtl_to_pixels_top_config.same_edge_threshold_write_and_sof_uses_preedge_shadow passed
  2604.00ns INFO     cocotb.regression                  running test_rtl_to_pixels_top_config.same_edge_bypass_write_and_sof_uses_preedge_shadow (5/6)
config frame: label=same-edge-bypass-current threshold=20 bypass=0 accepted_input=20 accepted_output=20 mismatch_count=0
config frame: label=same-edge-bypass-next threshold=20 bypass=1 accepted_input=20 accepted_output=20 mismatch_count=0
  3315.00ns INFO     cocotb.regression                  test_rtl_to_pixels_top_config.same_edge_bypass_write_and_sof_uses_preedge_shadow passed
  3315.00ns INFO     cocotb.regression                  running test_rtl_to_pixels_top_config.run_enable_clear_midframe_finishes_current_and_blocks_next (6/6)
config frame: label=run-enable-current-frame threshold=10 bypass=0 accepted_input=20 accepted_output=20 mismatch_count=0
config frame: label=run-enable-reenabled-frame threshold=10 bypass=0 accepted_input=20 accepted_output=20 mismatch_count=0
  4126.01ns INFO     cocotb.regression                  test_rtl_to_pixels_top_config.run_enable_clear_midframe_finishes_current_and_blocks_next passed
  4126.01ns INFO     cocotb.regression                  **************************************************************************************************************************************************
                                                        ** TEST                                                                                      STATUS  SIM TIME (ns)  REAL TIME (s)  RATIO (ns/s) **
                                                        **************************************************************************************************************************************************
                                                        ** test_rtl_to_pixels_top_config.idle_shadow_write_sets_pending_and_sof_activates             PASS         411.00           0.00     289964.08  **
                                                        ** test_rtl_to_pixels_top_config.midframe_threshold_write_applies_only_next_frame             PASS         761.00           0.00     382853.02  **
                                                        ** test_rtl_to_pixels_top_config.midframe_bypass_write_applies_only_next_frame                PASS         721.00           0.00     439734.70  **
                                                        ** test_rtl_to_pixels_top_config.same_edge_threshold_write_and_sof_uses_preedge_shadow        PASS         711.00           0.00     453239.23  **
                                                        ** test_rtl_to_pixels_top_config.same_edge_bypass_write_and_sof_uses_preedge_shadow           PASS         711.00           0.00     456500.81  **
                                                        ** test_rtl_to_pixels_top_config.run_enable_clear_midframe_finishes_current_and_blocks_next   PASS         811.00           0.00     496226.90  **
                                                        **************************************************************************************************************************************************
                                                        ** TESTS=6 PASS=6 FAIL=0 SKIP=0                                                                           4126.01           0.01     373249.17  **
                                                        **************************************************************************************************************************************************
- :0: Verilog $finish

=== ARCH_A_RECOVERY_REVALIDATION 8x5 ===
rm -f /var/folders/78/xn7s20w54m75pf1x_198zh980000gn/T/tmp.cYU0m1oKob/results.xml
/opt/homebrew/bin/verilator -cc --exe -Mdir /var/folders/78/xn7s20w54m75pf1x_198zh980000gn/T/tmp.cYU0m1oKob --top-module rtl_to_pixels_top -GIMG_WIDTH=8 -GIMG_HEIGHT=5 --timescale 1ns/1ps --vpi --public-flat-rw --prefix Vtop -o Vtop -LDFLAGS "-Wl,-rpath,/Users/Dilan/Projects/from-rtl-to-pixels/.venv/lib/python3.14/site-packages/cocotb/libs -L/Users/Dilan/Projects/from-rtl-to-pixels/.venv/lib/python3.14/site-packages/cocotb/libs -lcocotbvpi_verilator"  /Users/Dilan/Projects/from-rtl-to-pixels/rtl/pixel_pkg.sv /Users/Dilan/Projects/from-rtl-to-pixels/rtl/rgb_to_gray.sv /Users/Dilan/Projects/from-rtl-to-pixels/rtl/elastic_stage.sv /Users/Dilan/Projects/from-rtl-to-pixels/rtl/apb_regs.sv /Users/Dilan/Projects/from-rtl-to-pixels/rtl/pixel_control.sv /Users/Dilan/Projects/from-rtl-to-pixels/rtl/line_buffer.sv /Users/Dilan/Projects/from-rtl-to-pixels/rtl/window_3x3.sv /Users/Dilan/Projects/from-rtl-to-pixels/rtl/sobel_compact.sv /Users/Dilan/Projects/from-rtl-to-pixels/rtl/magnitude_clamp.sv /Users/Dilan/Projects/from-rtl-to-pixels/rtl/threshold_stage.sv /Users/Dilan/Projects/from-rtl-to-pixels/rtl/output_control.sv /Users/Dilan/Projects/from-rtl-to-pixels/rtl/rtl_to_pixels_top.sv /Users/Dilan/Projects/from-rtl-to-pixels/.venv/lib/python3.14/site-packages/cocotb/share/lib/verilator/verilator.cpp
- V e r i l a t i o n   R e p o r t: Verilator 5.052 2026-09-05 rev vUNKNOWN-built20260905
- Verilator: Built from 0.388 MB sources in 13 modules, into 0.247 MB in 7 C++ files needing 0.000 MB
- Verilator: Walltime 0.035 s (elab=0.004, cvt=0.019, bld=0.000); cpu 0.033 s on 1 threads; allocated 14.000 MB
/Applications/Xcode.app/Contents/Developer/usr/bin/make -C /var/folders/78/xn7s20w54m75pf1x_198zh980000gn/T/tmp.cYU0m1oKob  -f Vtop.mk
c++  -I.  -MMD -I/opt/homebrew/Cellar/verilator/5.052/share/verilator/include -I/opt/homebrew/Cellar/verilator/5.052/share/verilator/include/vltstd -DVERILATOR=1 -DVM_COVERAGE=0 -DVM_SC=0 -DVM_TIMING=0 -DVM_TRACE=0 -DVM_TRACE_FST=0 -DVM_TRACE_VCD=0 -DVM_TRACE_SAIF=0 -DVM_VPI=1 -faligned-new -fbracket-depth=4096 -fcf-protection=none -Xclang -fno-pch-timestamp -Qunused-arguments -Wno-bool-operation -Wno-c++11-narrowing -Wno-constant-logical-operand -Wno-int-in-bool-context -Wno-non-pod-varargs -Wno-parentheses-equality -Wno-shadow -Wno-sign-compare -Wno-tautological-bitwise-compare -Wno-tautological-compare -Wno-uninitialized -Wno-unnecessary-virtual-specifier -Wno-unused-but-set-parameter -Wno-unused-but-set-variable -Wno-unused-parameter -Wno-unused-variable -Wno-vla-cxx-extension      -Os  -c -o verilator.o /Users/Dilan/Projects/from-rtl-to-pixels/.venv/lib/python3.14/site-packages/cocotb/share/lib/verilator/verilator.cpp
c++ -Os  -I.  -MMD -I/opt/homebrew/Cellar/verilator/5.052/share/verilator/include -I/opt/homebrew/Cellar/verilator/5.052/share/verilator/include/vltstd -DVERILATOR=1 -DVM_COVERAGE=0 -DVM_SC=0 -DVM_TIMING=0 -DVM_TRACE=0 -DVM_TRACE_FST=0 -DVM_TRACE_VCD=0 -DVM_TRACE_SAIF=0 -DVM_VPI=1 -faligned-new -fbracket-depth=4096 -fcf-protection=none -Xclang -fno-pch-timestamp -Qunused-arguments -Wno-bool-operation -Wno-c++11-narrowing -Wno-constant-logical-operand -Wno-int-in-bool-context -Wno-non-pod-varargs -Wno-parentheses-equality -Wno-shadow -Wno-sign-compare -Wno-tautological-bitwise-compare -Wno-tautological-compare -Wno-uninitialized -Wno-unnecessary-virtual-specifier -Wno-unused-but-set-parameter -Wno-unused-but-set-variable -Wno-unused-parameter -Wno-unused-variable -Wno-vla-cxx-extension      -c -o verilated.o /opt/homebrew/Cellar/verilator/5.052/share/verilator/include/verilated.cpp
c++ -Os  -I.  -MMD -I/opt/homebrew/Cellar/verilator/5.052/share/verilator/include -I/opt/homebrew/Cellar/verilator/5.052/share/verilator/include/vltstd -DVERILATOR=1 -DVM_COVERAGE=0 -DVM_SC=0 -DVM_TIMING=0 -DVM_TRACE=0 -DVM_TRACE_FST=0 -DVM_TRACE_VCD=0 -DVM_TRACE_SAIF=0 -DVM_VPI=1 -faligned-new -fbracket-depth=4096 -fcf-protection=none -Xclang -fno-pch-timestamp -Qunused-arguments -Wno-bool-operation -Wno-c++11-narrowing -Wno-constant-logical-operand -Wno-int-in-bool-context -Wno-non-pod-varargs -Wno-parentheses-equality -Wno-shadow -Wno-sign-compare -Wno-tautological-bitwise-compare -Wno-tautological-compare -Wno-uninitialized -Wno-unnecessary-virtual-specifier -Wno-unused-but-set-parameter -Wno-unused-but-set-variable -Wno-unused-parameter -Wno-unused-variable -Wno-vla-cxx-extension      -c -o verilated_dpi.o /opt/homebrew/Cellar/verilator/5.052/share/verilator/include/verilated_dpi.cpp
c++ -Os  -I.  -MMD -I/opt/homebrew/Cellar/verilator/5.052/share/verilator/include -I/opt/homebrew/Cellar/verilator/5.052/share/verilator/include/vltstd -DVERILATOR=1 -DVM_COVERAGE=0 -DVM_SC=0 -DVM_TIMING=0 -DVM_TRACE=0 -DVM_TRACE_FST=0 -DVM_TRACE_VCD=0 -DVM_TRACE_SAIF=0 -DVM_VPI=1 -faligned-new -fbracket-depth=4096 -fcf-protection=none -Xclang -fno-pch-timestamp -Qunused-arguments -Wno-bool-operation -Wno-c++11-narrowing -Wno-constant-logical-operand -Wno-int-in-bool-context -Wno-non-pod-varargs -Wno-parentheses-equality -Wno-shadow -Wno-sign-compare -Wno-tautological-bitwise-compare -Wno-tautological-compare -Wno-uninitialized -Wno-unnecessary-virtual-specifier -Wno-unused-but-set-parameter -Wno-unused-but-set-variable -Wno-unused-parameter -Wno-unused-variable -Wno-vla-cxx-extension      -c -o verilated_vpi.o /opt/homebrew/Cellar/verilator/5.052/share/verilator/include/verilated_vpi.cpp
c++ -Os  -I.  -MMD -I/opt/homebrew/Cellar/verilator/5.052/share/verilator/include -I/opt/homebrew/Cellar/verilator/5.052/share/verilator/include/vltstd -DVERILATOR=1 -DVM_COVERAGE=0 -DVM_SC=0 -DVM_TIMING=0 -DVM_TRACE=0 -DVM_TRACE_FST=0 -DVM_TRACE_VCD=0 -DVM_TRACE_SAIF=0 -DVM_VPI=1 -faligned-new -fbracket-depth=4096 -fcf-protection=none -Xclang -fno-pch-timestamp -Qunused-arguments -Wno-bool-operation -Wno-c++11-narrowing -Wno-constant-logical-operand -Wno-int-in-bool-context -Wno-non-pod-varargs -Wno-parentheses-equality -Wno-shadow -Wno-sign-compare -Wno-tautological-bitwise-compare -Wno-tautological-compare -Wno-uninitialized -Wno-unnecessary-virtual-specifier -Wno-unused-but-set-parameter -Wno-unused-but-set-variable -Wno-unused-parameter -Wno-unused-variable -Wno-vla-cxx-extension      -c -o verilated_threads.o /opt/homebrew/Cellar/verilator/5.052/share/verilator/include/verilated_threads.cpp
python3 /opt/homebrew/Cellar/verilator/5.052/share/verilator/bin/verilator_includer -DVL_INCLUDE_OPT=include Vtop.cpp Vtop___024root__0.cpp Vtop__Dpi.cpp Vtop__ConstPool__0__Slow.cpp Vtop___024root__Slow.cpp Vtop___024root__0__Slow.cpp Vtop__Syms__Slow.cpp > Vtop__ALL.cpp
c++ -Os  -I.  -MMD -I/opt/homebrew/Cellar/verilator/5.052/share/verilator/include -I/opt/homebrew/Cellar/verilator/5.052/share/verilator/include/vltstd -DVERILATOR=1 -DVM_COVERAGE=0 -DVM_SC=0 -DVM_TIMING=0 -DVM_TRACE=0 -DVM_TRACE_FST=0 -DVM_TRACE_VCD=0 -DVM_TRACE_SAIF=0 -DVM_VPI=1 -faligned-new -fbracket-depth=4096 -fcf-protection=none -Xclang -fno-pch-timestamp -Qunused-arguments -Wno-bool-operation -Wno-c++11-narrowing -Wno-constant-logical-operand -Wno-int-in-bool-context -Wno-non-pod-varargs -Wno-parentheses-equality -Wno-shadow -Wno-sign-compare -Wno-tautological-bitwise-compare -Wno-tautological-compare -Wno-uninitialized -Wno-unnecessary-virtual-specifier -Wno-unused-but-set-parameter -Wno-unused-but-set-variable -Wno-unused-parameter -Wno-unused-variable -Wno-vla-cxx-extension      -c -o Vtop__ALL.o Vtop__ALL.cpp
c++  -Wl,-U,__Z15vl_time_stamp64v,-U,__Z13sc_time_stampv,-U,_vlog_startup_routines   -rdynamic verilator.o verilated.o verilated_dpi.o verilated_vpi.o verilated_threads.o Vtop__ALL.a   -Wl,-rpath,/Users/Dilan/Projects/from-rtl-to-pixels/.venv/lib/python3.14/site-packages/cocotb/libs -L/Users/Dilan/Projects/from-rtl-to-pixels/.venv/lib/python3.14/site-packages/cocotb/libs -lcocotbvpi_verilator  -pthread -lpthread -ldl   -o Vtop
rm Vtop__ALL.verilator_deplist.tmp
rm -f /var/folders/78/xn7s20w54m75pf1x_198zh980000gn/T/tmp.cYU0m1oKob/results.xml
COCOTB_TEST_MODULES=test_rtl_to_pixels_top_recovery COCOTB_TESTCASE=  COCOTB_TOPLEVEL=rtl_to_pixels_top TOPLEVEL_LANG=verilog       \
         /var/folders/78/xn7s20w54m75pf1x_198zh980000gn/T/tmp.cYU0m1oKob/Vtop
     -.--ns INFO     gpi                                ../gpi/GpiCommon.cpp:242  in gpi_load_users                  Loaded entry library: '/Library/Frameworks/Python.framework/Versions/3.14/Python'
     -.--ns INFO     gpi                                ../gpi/GpiCommon.cpp:234  in gpi_load_users                  Running entry func 'initialize' from loaded library '/Users/Dilan/Projects/from-rtl-to-pixels/.venv/lib/python3.14/site-packages/cocotb/simulator.cpython-314-darwin.so'
     -.--ns INFO     pygpi                              ..ib/pygpi/embed.cpp:115  in initialize                      Using Python 3.14.6 interpreter at /Users/Dilan/Projects/from-rtl-to-pixels/.venv/bin/python
     -.--ns INFO     gpi                                ../gpi/GpiCommon.cpp:74   in gpi_print_registered_impl       GPI: VPI support registered
     0.00ns INFO     cocotb.initialize                  Seeding Python random module with 1790117011
     0.00ns INFO     cocotb.initialize                  Initialized cocotb v2.1.0 from /Users/Dilan/Projects/from-rtl-to-pixels/.venv/lib/python3.14/site-packages/cocotb
     0.00ns INFO     cocotb.initialize                  Running on Verilator version 5.052 2026-09-05
     0.00ns INFO     cocotb.regression                  Running tests
     0.00ns INFO     cocotb.regression                  running test_rtl_to_pixels_top_recovery.idle_reset_restores_defaults_and_clean_recovery (1/11)
recovery frame: label=idle-reset accepted_input=40 accepted_output=40 mismatch_count=0
   671.00ns INFO     cocotb.regression                  test_rtl_to_pixels_top_recovery.idle_reset_restores_defaults_and_clean_recovery passed
   671.00ns INFO     cocotb.regression                  running test_rtl_to_pixels_top_recovery.reset_immediately_before_frame_blocks_acceptance (2/11)
recovery frame: label=reset-before-frame accepted_input=40 accepted_output=40 mismatch_count=0
  1392.00ns INFO     cocotb.regression                  test_rtl_to_pixels_top_recovery.reset_immediately_before_frame_blocks_acceptance passed
  1392.00ns INFO     cocotb.regression                  running test_rtl_to_pixels_top_recovery.reset_after_first_accepted_pixel_recovers (3/11)
recovery frame: label=reset-after-first-pixel accepted_input=40 accepted_output=40 mismatch_count=0
  2143.00ns INFO     cocotb.regression                  test_rtl_to_pixels_top_recovery.reset_after_first_accepted_pixel_recovers passed
  2143.00ns INFO     cocotb.regression                  running test_rtl_to_pixels_top_recovery.reset_mid_line_recovers (4/11)
recovery frame: label=reset-mid-line accepted_input=40 accepted_output=40 mismatch_count=0
  2904.00ns INFO     cocotb.regression                  test_rtl_to_pixels_top_recovery.reset_mid_line_recovers passed
  2904.00ns INFO     cocotb.regression                  running test_rtl_to_pixels_top_recovery.reset_after_eol_recovers (5/11)
recovery frame: label=reset-after-eol accepted_input=40 accepted_output=40 mismatch_count=0
  3725.00ns INFO     cocotb.regression                  test_rtl_to_pixels_top_recovery.reset_after_eol_recovers passed
  3725.00ns INFO     cocotb.regression                  running test_rtl_to_pixels_top_recovery.reset_late_frame_recovers (6/11)
recovery frame: label=reset-late-frame accepted_input=40 accepted_output=40 mismatch_count=0
  4856.01ns INFO     cocotb.regression                  test_rtl_to_pixels_top_recovery.reset_late_frame_recovers passed
  4856.01ns INFO     cocotb.regression                  running test_rtl_to_pixels_top_recovery.reset_during_drain_recovers (7/11)
recovery frame: label=reset-during-drain accepted_input=40 accepted_output=40 mismatch_count=0
  6017.01ns INFO     cocotb.regression                  test_rtl_to_pixels_top_recovery.reset_during_drain_recovers passed
  6017.01ns INFO     cocotb.regression                  running test_rtl_to_pixels_top_recovery.early_eol_aborts_and_recovers (8/11)
recovery frame: label=early-eol accepted_input=40 accepted_output=40 mismatch_count=0
metadata abort: label=early-eol bad_index=1 prior_output_transfers=0 aborted_frame_count=0 recovered_frame_count=1
  6728.01ns INFO     cocotb.regression                  test_rtl_to_pixels_top_recovery.early_eol_aborts_and_recovers passed
  6728.01ns INFO     cocotb.regression                  running test_rtl_to_pixels_top_recovery.missing_row_eol_aborts_and_recovers (9/11)
recovery frame: label=missing-row-eol accepted_input=40 accepted_output=40 mismatch_count=0
metadata abort: label=missing-row-eol bad_index=7 prior_output_transfers=0 aborted_frame_count=0 recovered_frame_count=1
  7499.01ns INFO     cocotb.regression                  test_rtl_to_pixels_top_recovery.missing_row_eol_aborts_and_recovers passed
  7499.01ns INFO     cocotb.regression                  running test_rtl_to_pixels_top_recovery.unexpected_sof_after_partial_output_aborts_and_recovers (10/11)
partial-output precondition: label=unexpected-sof extra_idle_cycles=1 prior_output_transfer=1
recovery frame: label=unexpected-sof accepted_input=40 accepted_output=40 mismatch_count=0
metadata abort: label=unexpected-sof bad_index=10 prior_output_transfers=1 aborted_frame_count=0 recovered_frame_count=1
  8310.01ns INFO     cocotb.regression                  test_rtl_to_pixels_top_recovery.unexpected_sof_after_partial_output_aborts_and_recovers passed
  8310.01ns INFO     cocotb.regression                  running test_rtl_to_pixels_top_recovery.missing_final_eol_aborts_without_frame_completion (11/11)
recovery frame: label=missing-final-eol accepted_input=40 accepted_output=40 mismatch_count=0
metadata abort: label=missing-final-eol bad_index=39 prior_output_transfers=30 aborted_frame_count=0 recovered_frame_count=1
  9401.01ns INFO     cocotb.regression                  test_rtl_to_pixels_top_recovery.missing_final_eol_aborts_without_frame_completion passed
  9401.01ns INFO     cocotb.regression                  *************************************************************************************************************************************************
                                                        ** TEST                                                                                     STATUS  SIM TIME (ns)  REAL TIME (s)  RATIO (ns/s) **
                                                        *************************************************************************************************************************************************
                                                        ** test_rtl_to_pixels_top_recovery.idle_reset_restores_defaults_and_clean_recovery           PASS         671.00           0.03      21432.82  **
                                                        ** test_rtl_to_pixels_top_recovery.reset_immediately_before_frame_blocks_acceptance          PASS         721.00           0.00     435430.39  **
                                                        ** test_rtl_to_pixels_top_recovery.reset_after_first_accepted_pixel_recovers                 PASS         751.00           0.00     465652.41  **
                                                        ** test_rtl_to_pixels_top_recovery.reset_mid_line_recovers                                   PASS         761.00           0.00     467732.02  **
                                                        ** test_rtl_to_pixels_top_recovery.reset_after_eol_recovers                                  PASS         821.00           0.00     483699.73  **
                                                        ** test_rtl_to_pixels_top_recovery.reset_late_frame_recovers                                 PASS        1131.00           0.00     509937.94  **
                                                        ** test_rtl_to_pixels_top_recovery.reset_during_drain_recovers                               PASS        1161.00           0.00     454440.31  **
                                                        ** test_rtl_to_pixels_top_recovery.early_eol_aborts_and_recovers                             PASS         711.00           0.00     464705.88  **
                                                        ** test_rtl_to_pixels_top_recovery.missing_row_eol_aborts_and_recovers                       PASS         771.00           0.00     485847.72  **
                                                        ** test_rtl_to_pixels_top_recovery.unexpected_sof_after_partial_output_aborts_and_recovers   PASS         811.00           0.00     484721.70  **
                                                        ** test_rtl_to_pixels_top_recovery.missing_final_eol_aborts_without_frame_completion         PASS        1091.00           0.00     516286.69  **
                                                        *************************************************************************************************************************************************
                                                        ** TESTS=11 PASS=11 FAIL=0 SKIP=0                                                                        9401.01           0.05     182576.68  **
                                                        *************************************************************************************************************************************************
- :0: Verilog $finish

=== GATE2_B 8x5 ===
rm -f /var/folders/78/xn7s20w54m75pf1x_198zh980000gn/T/tmp.Pvx8HLMeT6/results.xml
/opt/homebrew/bin/verilator -cc --exe -Mdir /var/folders/78/xn7s20w54m75pf1x_198zh980000gn/T/tmp.Pvx8HLMeT6 --top-module rtl_to_pixels_top_pipelined -GIMG_WIDTH=8 -GIMG_HEIGHT=5 --timescale 1ns/1ps --vpi --public-flat-rw --prefix Vtop -o Vtop -LDFLAGS "-Wl,-rpath,/Users/Dilan/Projects/from-rtl-to-pixels/.venv/lib/python3.14/site-packages/cocotb/libs -L/Users/Dilan/Projects/from-rtl-to-pixels/.venv/lib/python3.14/site-packages/cocotb/libs -lcocotbvpi_verilator"  /Users/Dilan/Projects/from-rtl-to-pixels/rtl/pixel_pkg.sv /Users/Dilan/Projects/from-rtl-to-pixels/rtl/rgb_to_gray.sv /Users/Dilan/Projects/from-rtl-to-pixels/rtl/elastic_stage.sv /Users/Dilan/Projects/from-rtl-to-pixels/rtl/apb_regs.sv /Users/Dilan/Projects/from-rtl-to-pixels/rtl/pixel_control.sv /Users/Dilan/Projects/from-rtl-to-pixels/rtl/line_buffer.sv /Users/Dilan/Projects/from-rtl-to-pixels/rtl/window_3x3.sv /Users/Dilan/Projects/from-rtl-to-pixels/rtl/sobel_compact.sv /Users/Dilan/Projects/from-rtl-to-pixels/rtl/magnitude_clamp.sv /Users/Dilan/Projects/from-rtl-to-pixels/rtl/threshold_stage.sv /Users/Dilan/Projects/from-rtl-to-pixels/rtl/output_control.sv /Users/Dilan/Projects/from-rtl-to-pixels/rtl/rtl_to_pixels_top_pipelined.sv /Users/Dilan/Projects/from-rtl-to-pixels/.venv/lib/python3.14/site-packages/cocotb/share/lib/verilator/verilator.cpp
- V e r i l a t i o n   R e p o r t: Verilator 5.052 2026-09-05 rev vUNKNOWN-built20260905
- Verilator: Built from 0.389 MB sources in 13 modules, into 0.288 MB in 7 C++ files needing 0.000 MB
- Verilator: Walltime 0.053 s (elab=0.008, cvt=0.025, bld=0.000); cpu 0.039 s on 1 threads; allocated 14.031 MB
/Applications/Xcode.app/Contents/Developer/usr/bin/make -C /var/folders/78/xn7s20w54m75pf1x_198zh980000gn/T/tmp.Pvx8HLMeT6  -f Vtop.mk
c++  -I.  -MMD -I/opt/homebrew/Cellar/verilator/5.052/share/verilator/include -I/opt/homebrew/Cellar/verilator/5.052/share/verilator/include/vltstd -DVERILATOR=1 -DVM_COVERAGE=0 -DVM_SC=0 -DVM_TIMING=0 -DVM_TRACE=0 -DVM_TRACE_FST=0 -DVM_TRACE_VCD=0 -DVM_TRACE_SAIF=0 -DVM_VPI=1 -faligned-new -fbracket-depth=4096 -fcf-protection=none -Xclang -fno-pch-timestamp -Qunused-arguments -Wno-bool-operation -Wno-c++11-narrowing -Wno-constant-logical-operand -Wno-int-in-bool-context -Wno-non-pod-varargs -Wno-parentheses-equality -Wno-shadow -Wno-sign-compare -Wno-tautological-bitwise-compare -Wno-tautological-compare -Wno-uninitialized -Wno-unnecessary-virtual-specifier -Wno-unused-but-set-parameter -Wno-unused-but-set-variable -Wno-unused-parameter -Wno-unused-variable -Wno-vla-cxx-extension      -Os  -c -o verilator.o /Users/Dilan/Projects/from-rtl-to-pixels/.venv/lib/python3.14/site-packages/cocotb/share/lib/verilator/verilator.cpp
c++ -Os  -I.  -MMD -I/opt/homebrew/Cellar/verilator/5.052/share/verilator/include -I/opt/homebrew/Cellar/verilator/5.052/share/verilator/include/vltstd -DVERILATOR=1 -DVM_COVERAGE=0 -DVM_SC=0 -DVM_TIMING=0 -DVM_TRACE=0 -DVM_TRACE_FST=0 -DVM_TRACE_VCD=0 -DVM_TRACE_SAIF=0 -DVM_VPI=1 -faligned-new -fbracket-depth=4096 -fcf-protection=none -Xclang -fno-pch-timestamp -Qunused-arguments -Wno-bool-operation -Wno-c++11-narrowing -Wno-constant-logical-operand -Wno-int-in-bool-context -Wno-non-pod-varargs -Wno-parentheses-equality -Wno-shadow -Wno-sign-compare -Wno-tautological-bitwise-compare -Wno-tautological-compare -Wno-uninitialized -Wno-unnecessary-virtual-specifier -Wno-unused-but-set-parameter -Wno-unused-but-set-variable -Wno-unused-parameter -Wno-unused-variable -Wno-vla-cxx-extension      -c -o verilated.o /opt/homebrew/Cellar/verilator/5.052/share/verilator/include/verilated.cpp
c++ -Os  -I.  -MMD -I/opt/homebrew/Cellar/verilator/5.052/share/verilator/include -I/opt/homebrew/Cellar/verilator/5.052/share/verilator/include/vltstd -DVERILATOR=1 -DVM_COVERAGE=0 -DVM_SC=0 -DVM_TIMING=0 -DVM_TRACE=0 -DVM_TRACE_FST=0 -DVM_TRACE_VCD=0 -DVM_TRACE_SAIF=0 -DVM_VPI=1 -faligned-new -fbracket-depth=4096 -fcf-protection=none -Xclang -fno-pch-timestamp -Qunused-arguments -Wno-bool-operation -Wno-c++11-narrowing -Wno-constant-logical-operand -Wno-int-in-bool-context -Wno-non-pod-varargs -Wno-parentheses-equality -Wno-shadow -Wno-sign-compare -Wno-tautological-bitwise-compare -Wno-tautological-compare -Wno-uninitialized -Wno-unnecessary-virtual-specifier -Wno-unused-but-set-parameter -Wno-unused-but-set-variable -Wno-unused-parameter -Wno-unused-variable -Wno-vla-cxx-extension      -c -o verilated_dpi.o /opt/homebrew/Cellar/verilator/5.052/share/verilator/include/verilated_dpi.cpp
c++ -Os  -I.  -MMD -I/opt/homebrew/Cellar/verilator/5.052/share/verilator/include -I/opt/homebrew/Cellar/verilator/5.052/share/verilator/include/vltstd -DVERILATOR=1 -DVM_COVERAGE=0 -DVM_SC=0 -DVM_TIMING=0 -DVM_TRACE=0 -DVM_TRACE_FST=0 -DVM_TRACE_VCD=0 -DVM_TRACE_SAIF=0 -DVM_VPI=1 -faligned-new -fbracket-depth=4096 -fcf-protection=none -Xclang -fno-pch-timestamp -Qunused-arguments -Wno-bool-operation -Wno-c++11-narrowing -Wno-constant-logical-operand -Wno-int-in-bool-context -Wno-non-pod-varargs -Wno-parentheses-equality -Wno-shadow -Wno-sign-compare -Wno-tautological-bitwise-compare -Wno-tautological-compare -Wno-uninitialized -Wno-unnecessary-virtual-specifier -Wno-unused-but-set-parameter -Wno-unused-but-set-variable -Wno-unused-parameter -Wno-unused-variable -Wno-vla-cxx-extension      -c -o verilated_vpi.o /opt/homebrew/Cellar/verilator/5.052/share/verilator/include/verilated_vpi.cpp
c++ -Os  -I.  -MMD -I/opt/homebrew/Cellar/verilator/5.052/share/verilator/include -I/opt/homebrew/Cellar/verilator/5.052/share/verilator/include/vltstd -DVERILATOR=1 -DVM_COVERAGE=0 -DVM_SC=0 -DVM_TIMING=0 -DVM_TRACE=0 -DVM_TRACE_FST=0 -DVM_TRACE_VCD=0 -DVM_TRACE_SAIF=0 -DVM_VPI=1 -faligned-new -fbracket-depth=4096 -fcf-protection=none -Xclang -fno-pch-timestamp -Qunused-arguments -Wno-bool-operation -Wno-c++11-narrowing -Wno-constant-logical-operand -Wno-int-in-bool-context -Wno-non-pod-varargs -Wno-parentheses-equality -Wno-shadow -Wno-sign-compare -Wno-tautological-bitwise-compare -Wno-tautological-compare -Wno-uninitialized -Wno-unnecessary-virtual-specifier -Wno-unused-but-set-parameter -Wno-unused-but-set-variable -Wno-unused-parameter -Wno-unused-variable -Wno-vla-cxx-extension      -c -o verilated_threads.o /opt/homebrew/Cellar/verilator/5.052/share/verilator/include/verilated_threads.cpp
python3 /opt/homebrew/Cellar/verilator/5.052/share/verilator/bin/verilator_includer -DVL_INCLUDE_OPT=include Vtop.cpp Vtop___024root__0.cpp Vtop__Dpi.cpp Vtop__ConstPool__0__Slow.cpp Vtop___024root__Slow.cpp Vtop___024root__0__Slow.cpp Vtop__Syms__Slow.cpp > Vtop__ALL.cpp
c++ -Os  -I.  -MMD -I/opt/homebrew/Cellar/verilator/5.052/share/verilator/include -I/opt/homebrew/Cellar/verilator/5.052/share/verilator/include/vltstd -DVERILATOR=1 -DVM_COVERAGE=0 -DVM_SC=0 -DVM_TIMING=0 -DVM_TRACE=0 -DVM_TRACE_FST=0 -DVM_TRACE_VCD=0 -DVM_TRACE_SAIF=0 -DVM_VPI=1 -faligned-new -fbracket-depth=4096 -fcf-protection=none -Xclang -fno-pch-timestamp -Qunused-arguments -Wno-bool-operation -Wno-c++11-narrowing -Wno-constant-logical-operand -Wno-int-in-bool-context -Wno-non-pod-varargs -Wno-parentheses-equality -Wno-shadow -Wno-sign-compare -Wno-tautological-bitwise-compare -Wno-tautological-compare -Wno-uninitialized -Wno-unnecessary-virtual-specifier -Wno-unused-but-set-parameter -Wno-unused-but-set-variable -Wno-unused-parameter -Wno-unused-variable -Wno-vla-cxx-extension      -c -o Vtop__ALL.o Vtop__ALL.cpp
c++  -Wl,-U,__Z15vl_time_stamp64v,-U,__Z13sc_time_stampv,-U,_vlog_startup_routines   -rdynamic verilator.o verilated.o verilated_dpi.o verilated_vpi.o verilated_threads.o Vtop__ALL.a   -Wl,-rpath,/Users/Dilan/Projects/from-rtl-to-pixels/.venv/lib/python3.14/site-packages/cocotb/libs -L/Users/Dilan/Projects/from-rtl-to-pixels/.venv/lib/python3.14/site-packages/cocotb/libs -lcocotbvpi_verilator  -pthread -lpthread -ldl   -o Vtop
rm Vtop__ALL.verilator_deplist.tmp
rm -f /var/folders/78/xn7s20w54m75pf1x_198zh980000gn/T/tmp.Pvx8HLMeT6/results.xml
COCOTB_TEST_MODULES=test_rtl_to_pixels_top COCOTB_TESTCASE=  COCOTB_TOPLEVEL=rtl_to_pixels_top_pipelined TOPLEVEL_LANG=verilog       \
         /var/folders/78/xn7s20w54m75pf1x_198zh980000gn/T/tmp.Pvx8HLMeT6/Vtop
     -.--ns INFO     gpi                                ../gpi/GpiCommon.cpp:242  in gpi_load_users                  Loaded entry library: '/Library/Frameworks/Python.framework/Versions/3.14/Python'
     -.--ns INFO     gpi                                ../gpi/GpiCommon.cpp:234  in gpi_load_users                  Running entry func 'initialize' from loaded library '/Users/Dilan/Projects/from-rtl-to-pixels/.venv/lib/python3.14/site-packages/cocotb/simulator.cpython-314-darwin.so'
     -.--ns INFO     pygpi                              ..ib/pygpi/embed.cpp:115  in initialize                      Using Python 3.14.6 interpreter at /Users/Dilan/Projects/from-rtl-to-pixels/.venv/bin/python
     -.--ns INFO     gpi                                ../gpi/GpiCommon.cpp:74   in gpi_print_registered_impl       GPI: VPI support registered
     0.00ns INFO     cocotb.initialize                  Seeding Python random module with 1790117020
     0.00ns INFO     cocotb.initialize                  Initialized cocotb v2.1.0 from /Users/Dilan/Projects/from-rtl-to-pixels/.venv/lib/python3.14/site-packages/cocotb
     0.00ns INFO     cocotb.initialize                  Running on Verilator version 5.052 2026-09-05
     0.00ns INFO     cocotb.regression                  Running tests
     0.00ns INFO     cocotb.regression                  running test_rtl_to_pixels_top.run_enable_gates_and_bypass_frame_matches_reference (1/4)
frame compare: threshold=255 bypass=1 accepted_input=40 accepted_output=40 mismatch_count=0
   601.00ns INFO     cocotb.regression                  test_rtl_to_pixels_top.run_enable_gates_and_bypass_frame_matches_reference passed
   601.00ns INFO     cocotb.regression                  running test_rtl_to_pixels_top.thresholded_complete_frame_matches_reference (2/4)
frame compare: threshold=96 bypass=0 accepted_input=40 accepted_output=40 mismatch_count=0
  1212.00ns INFO     cocotb.regression                  test_rtl_to_pixels_top.thresholded_complete_frame_matches_reference passed
  1212.00ns INFO     cocotb.regression                  running test_rtl_to_pixels_top.final_output_stall_delays_count_and_new_frame_admission (3/4)
frame compare: threshold=128 bypass=1 accepted_input=40 accepted_output=40 mismatch_count=0
  1894.00ns INFO     cocotb.regression                  test_rtl_to_pixels_top.final_output_stall_delays_count_and_new_frame_admission passed
  1894.00ns INFO     cocotb.regression                  running test_rtl_to_pixels_top.consecutive_frames_with_idle_reconfiguration_match_reference (4/4)
frame compare: threshold=48 bypass=0 accepted_input=40 accepted_output=40 mismatch_count=0
frame compare: threshold=200 bypass=0 accepted_input=40 accepted_output=40 mismatch_count=0
  3075.00ns INFO     cocotb.regression                  test_rtl_to_pixels_top.consecutive_frames_with_idle_reconfiguration_match_reference passed
  3075.00ns INFO     cocotb.regression                  *********************************************************************************************************************************************
                                                        ** TEST                                                                                 STATUS  SIM TIME (ns)  REAL TIME (s)  RATIO (ns/s) **
                                                        *********************************************************************************************************************************************
                                                        ** test_rtl_to_pixels_top.run_enable_gates_and_bypass_frame_matches_reference            PASS         601.00           0.00     304040.86  **
                                                        ** test_rtl_to_pixels_top.thresholded_complete_frame_matches_reference                   PASS         611.00           0.00     417124.07  **
                                                        ** test_rtl_to_pixels_top.final_output_stall_delays_count_and_new_frame_admission        PASS         682.00           0.00     443613.29  **
                                                        ** test_rtl_to_pixels_top.consecutive_frames_with_idle_reconfiguration_match_reference   PASS        1181.00           0.00     475211.74  **
                                                        *********************************************************************************************************************************************
                                                        ** TESTS=4 PASS=4 FAIL=0 SKIP=0                                                                      3075.00           0.01     355299.98  **
                                                        *********************************************************************************************************************************************
- :0: Verilog $finish

=== STREAMING_B 8x5 ===
rm -f /var/folders/78/xn7s20w54m75pf1x_198zh980000gn/T/tmp.64itZUX2Ee/results.xml
/opt/homebrew/bin/verilator -cc --exe -Mdir /var/folders/78/xn7s20w54m75pf1x_198zh980000gn/T/tmp.64itZUX2Ee --top-module rtl_to_pixels_top_pipelined -GIMG_WIDTH=8 -GIMG_HEIGHT=5 --timescale 1ns/1ps --vpi --public-flat-rw --prefix Vtop -o Vtop -LDFLAGS "-Wl,-rpath,/Users/Dilan/Projects/from-rtl-to-pixels/.venv/lib/python3.14/site-packages/cocotb/libs -L/Users/Dilan/Projects/from-rtl-to-pixels/.venv/lib/python3.14/site-packages/cocotb/libs -lcocotbvpi_verilator"  /Users/Dilan/Projects/from-rtl-to-pixels/rtl/pixel_pkg.sv /Users/Dilan/Projects/from-rtl-to-pixels/rtl/rgb_to_gray.sv /Users/Dilan/Projects/from-rtl-to-pixels/rtl/elastic_stage.sv /Users/Dilan/Projects/from-rtl-to-pixels/rtl/apb_regs.sv /Users/Dilan/Projects/from-rtl-to-pixels/rtl/pixel_control.sv /Users/Dilan/Projects/from-rtl-to-pixels/rtl/line_buffer.sv /Users/Dilan/Projects/from-rtl-to-pixels/rtl/window_3x3.sv /Users/Dilan/Projects/from-rtl-to-pixels/rtl/sobel_compact.sv /Users/Dilan/Projects/from-rtl-to-pixels/rtl/magnitude_clamp.sv /Users/Dilan/Projects/from-rtl-to-pixels/rtl/threshold_stage.sv /Users/Dilan/Projects/from-rtl-to-pixels/rtl/output_control.sv /Users/Dilan/Projects/from-rtl-to-pixels/rtl/rtl_to_pixels_top_pipelined.sv /Users/Dilan/Projects/from-rtl-to-pixels/.venv/lib/python3.14/site-packages/cocotb/share/lib/verilator/verilator.cpp
- V e r i l a t i o n   R e p o r t: Verilator 5.052 2026-09-05 rev vUNKNOWN-built20260905
- Verilator: Built from 0.389 MB sources in 13 modules, into 0.288 MB in 7 C++ files needing 0.000 MB
- Verilator: Walltime 0.033 s (elab=0.004, cvt=0.019, bld=0.000); cpu 0.033 s on 1 threads; allocated 14.219 MB
/Applications/Xcode.app/Contents/Developer/usr/bin/make -C /var/folders/78/xn7s20w54m75pf1x_198zh980000gn/T/tmp.64itZUX2Ee  -f Vtop.mk
c++  -I.  -MMD -I/opt/homebrew/Cellar/verilator/5.052/share/verilator/include -I/opt/homebrew/Cellar/verilator/5.052/share/verilator/include/vltstd -DVERILATOR=1 -DVM_COVERAGE=0 -DVM_SC=0 -DVM_TIMING=0 -DVM_TRACE=0 -DVM_TRACE_FST=0 -DVM_TRACE_VCD=0 -DVM_TRACE_SAIF=0 -DVM_VPI=1 -faligned-new -fbracket-depth=4096 -fcf-protection=none -Xclang -fno-pch-timestamp -Qunused-arguments -Wno-bool-operation -Wno-c++11-narrowing -Wno-constant-logical-operand -Wno-int-in-bool-context -Wno-non-pod-varargs -Wno-parentheses-equality -Wno-shadow -Wno-sign-compare -Wno-tautological-bitwise-compare -Wno-tautological-compare -Wno-uninitialized -Wno-unnecessary-virtual-specifier -Wno-unused-but-set-parameter -Wno-unused-but-set-variable -Wno-unused-parameter -Wno-unused-variable -Wno-vla-cxx-extension      -Os  -c -o verilator.o /Users/Dilan/Projects/from-rtl-to-pixels/.venv/lib/python3.14/site-packages/cocotb/share/lib/verilator/verilator.cpp
c++ -Os  -I.  -MMD -I/opt/homebrew/Cellar/verilator/5.052/share/verilator/include -I/opt/homebrew/Cellar/verilator/5.052/share/verilator/include/vltstd -DVERILATOR=1 -DVM_COVERAGE=0 -DVM_SC=0 -DVM_TIMING=0 -DVM_TRACE=0 -DVM_TRACE_FST=0 -DVM_TRACE_VCD=0 -DVM_TRACE_SAIF=0 -DVM_VPI=1 -faligned-new -fbracket-depth=4096 -fcf-protection=none -Xclang -fno-pch-timestamp -Qunused-arguments -Wno-bool-operation -Wno-c++11-narrowing -Wno-constant-logical-operand -Wno-int-in-bool-context -Wno-non-pod-varargs -Wno-parentheses-equality -Wno-shadow -Wno-sign-compare -Wno-tautological-bitwise-compare -Wno-tautological-compare -Wno-uninitialized -Wno-unnecessary-virtual-specifier -Wno-unused-but-set-parameter -Wno-unused-but-set-variable -Wno-unused-parameter -Wno-unused-variable -Wno-vla-cxx-extension      -c -o verilated.o /opt/homebrew/Cellar/verilator/5.052/share/verilator/include/verilated.cpp
c++ -Os  -I.  -MMD -I/opt/homebrew/Cellar/verilator/5.052/share/verilator/include -I/opt/homebrew/Cellar/verilator/5.052/share/verilator/include/vltstd -DVERILATOR=1 -DVM_COVERAGE=0 -DVM_SC=0 -DVM_TIMING=0 -DVM_TRACE=0 -DVM_TRACE_FST=0 -DVM_TRACE_VCD=0 -DVM_TRACE_SAIF=0 -DVM_VPI=1 -faligned-new -fbracket-depth=4096 -fcf-protection=none -Xclang -fno-pch-timestamp -Qunused-arguments -Wno-bool-operation -Wno-c++11-narrowing -Wno-constant-logical-operand -Wno-int-in-bool-context -Wno-non-pod-varargs -Wno-parentheses-equality -Wno-shadow -Wno-sign-compare -Wno-tautological-bitwise-compare -Wno-tautological-compare -Wno-uninitialized -Wno-unnecessary-virtual-specifier -Wno-unused-but-set-parameter -Wno-unused-but-set-variable -Wno-unused-parameter -Wno-unused-variable -Wno-vla-cxx-extension      -c -o verilated_dpi.o /opt/homebrew/Cellar/verilator/5.052/share/verilator/include/verilated_dpi.cpp
c++ -Os  -I.  -MMD -I/opt/homebrew/Cellar/verilator/5.052/share/verilator/include -I/opt/homebrew/Cellar/verilator/5.052/share/verilator/include/vltstd -DVERILATOR=1 -DVM_COVERAGE=0 -DVM_SC=0 -DVM_TIMING=0 -DVM_TRACE=0 -DVM_TRACE_FST=0 -DVM_TRACE_VCD=0 -DVM_TRACE_SAIF=0 -DVM_VPI=1 -faligned-new -fbracket-depth=4096 -fcf-protection=none -Xclang -fno-pch-timestamp -Qunused-arguments -Wno-bool-operation -Wno-c++11-narrowing -Wno-constant-logical-operand -Wno-int-in-bool-context -Wno-non-pod-varargs -Wno-parentheses-equality -Wno-shadow -Wno-sign-compare -Wno-tautological-bitwise-compare -Wno-tautological-compare -Wno-uninitialized -Wno-unnecessary-virtual-specifier -Wno-unused-but-set-parameter -Wno-unused-but-set-variable -Wno-unused-parameter -Wno-unused-variable -Wno-vla-cxx-extension      -c -o verilated_vpi.o /opt/homebrew/Cellar/verilator/5.052/share/verilator/include/verilated_vpi.cpp
c++ -Os  -I.  -MMD -I/opt/homebrew/Cellar/verilator/5.052/share/verilator/include -I/opt/homebrew/Cellar/verilator/5.052/share/verilator/include/vltstd -DVERILATOR=1 -DVM_COVERAGE=0 -DVM_SC=0 -DVM_TIMING=0 -DVM_TRACE=0 -DVM_TRACE_FST=0 -DVM_TRACE_VCD=0 -DVM_TRACE_SAIF=0 -DVM_VPI=1 -faligned-new -fbracket-depth=4096 -fcf-protection=none -Xclang -fno-pch-timestamp -Qunused-arguments -Wno-bool-operation -Wno-c++11-narrowing -Wno-constant-logical-operand -Wno-int-in-bool-context -Wno-non-pod-varargs -Wno-parentheses-equality -Wno-shadow -Wno-sign-compare -Wno-tautological-bitwise-compare -Wno-tautological-compare -Wno-uninitialized -Wno-unnecessary-virtual-specifier -Wno-unused-but-set-parameter -Wno-unused-but-set-variable -Wno-unused-parameter -Wno-unused-variable -Wno-vla-cxx-extension      -c -o verilated_threads.o /opt/homebrew/Cellar/verilator/5.052/share/verilator/include/verilated_threads.cpp
python3 /opt/homebrew/Cellar/verilator/5.052/share/verilator/bin/verilator_includer -DVL_INCLUDE_OPT=include Vtop.cpp Vtop___024root__0.cpp Vtop__Dpi.cpp Vtop__ConstPool__0__Slow.cpp Vtop___024root__Slow.cpp Vtop___024root__0__Slow.cpp Vtop__Syms__Slow.cpp > Vtop__ALL.cpp
c++ -Os  -I.  -MMD -I/opt/homebrew/Cellar/verilator/5.052/share/verilator/include -I/opt/homebrew/Cellar/verilator/5.052/share/verilator/include/vltstd -DVERILATOR=1 -DVM_COVERAGE=0 -DVM_SC=0 -DVM_TIMING=0 -DVM_TRACE=0 -DVM_TRACE_FST=0 -DVM_TRACE_VCD=0 -DVM_TRACE_SAIF=0 -DVM_VPI=1 -faligned-new -fbracket-depth=4096 -fcf-protection=none -Xclang -fno-pch-timestamp -Qunused-arguments -Wno-bool-operation -Wno-c++11-narrowing -Wno-constant-logical-operand -Wno-int-in-bool-context -Wno-non-pod-varargs -Wno-parentheses-equality -Wno-shadow -Wno-sign-compare -Wno-tautological-bitwise-compare -Wno-tautological-compare -Wno-uninitialized -Wno-unnecessary-virtual-specifier -Wno-unused-but-set-parameter -Wno-unused-but-set-variable -Wno-unused-parameter -Wno-unused-variable -Wno-vla-cxx-extension      -c -o Vtop__ALL.o Vtop__ALL.cpp
c++  -Wl,-U,__Z15vl_time_stamp64v,-U,__Z13sc_time_stampv,-U,_vlog_startup_routines   -rdynamic verilator.o verilated.o verilated_dpi.o verilated_vpi.o verilated_threads.o Vtop__ALL.a   -Wl,-rpath,/Users/Dilan/Projects/from-rtl-to-pixels/.venv/lib/python3.14/site-packages/cocotb/libs -L/Users/Dilan/Projects/from-rtl-to-pixels/.venv/lib/python3.14/site-packages/cocotb/libs -lcocotbvpi_verilator  -pthread -lpthread -ldl   -o Vtop
rm Vtop__ALL.verilator_deplist.tmp
rm -f /var/folders/78/xn7s20w54m75pf1x_198zh980000gn/T/tmp.64itZUX2Ee/results.xml
COCOTB_TEST_MODULES=test_rtl_to_pixels_top_streaming COCOTB_TESTCASE=  COCOTB_TOPLEVEL=rtl_to_pixels_top_pipelined TOPLEVEL_LANG=verilog       \
         /var/folders/78/xn7s20w54m75pf1x_198zh980000gn/T/tmp.64itZUX2Ee/Vtop
     -.--ns INFO     gpi                                ../gpi/GpiCommon.cpp:242  in gpi_load_users                  Loaded entry library: '/Library/Frameworks/Python.framework/Versions/3.14/Python'
     -.--ns INFO     gpi                                ../gpi/GpiCommon.cpp:234  in gpi_load_users                  Running entry func 'initialize' from loaded library '/Users/Dilan/Projects/from-rtl-to-pixels/.venv/lib/python3.14/site-packages/cocotb/simulator.cpython-314-darwin.so'
     -.--ns INFO     pygpi                              ..ib/pygpi/embed.cpp:115  in initialize                      Using Python 3.14.6 interpreter at /Users/Dilan/Projects/from-rtl-to-pixels/.venv/bin/python
     -.--ns INFO     gpi                                ../gpi/GpiCommon.cpp:74   in gpi_print_registered_impl       GPI: VPI support registered
     0.00ns INFO     cocotb.initialize                  Seeding Python random module with 1790117028
     0.00ns INFO     cocotb.initialize                  Initialized cocotb v2.1.0 from /Users/Dilan/Projects/from-rtl-to-pixels/.venv/lib/python3.14/site-packages/cocotb
     0.00ns INFO     cocotb.initialize                  Running on Verilator version 5.052 2026-09-05
     0.00ns INFO     cocotb.regression                  Running tests
     0.00ns INFO     cocotb.regression                  running test_rtl_to_pixels_top_streaming.randomized_source_gaps_match_reference (1/5)
stream stress frame: ready_mode=always accepted_input=40 accepted_output=40 source_gap_cycles=83 output_stall_cycles=0 mismatch_count=0
  1431.00ns INFO     cocotb.regression                  test_rtl_to_pixels_top_streaming.randomized_source_gaps_match_reference passed
  1431.00ns INFO     cocotb.regression                  running test_rtl_to_pixels_top_streaming.randomized_downstream_backpressure_is_bit_exact (2/5)
stream stress frame: ready_mode=random accepted_input=40 accepted_output=40 source_gap_cycles=0 output_stall_cycles=21 mismatch_count=0
  2252.00ns INFO     cocotb.regression                  test_rtl_to_pixels_top_streaming.randomized_downstream_backpressure_is_bit_exact passed
  2252.00ns INFO     cocotb.regression                  running test_rtl_to_pixels_top_streaming.combined_random_gaps_and_backpressure_match_reference (3/5)
stream stress frame: ready_mode=random accepted_input=40 accepted_output=40 source_gap_cycles=61 output_stall_cycles=20 mismatch_count=0
  3563.00ns INFO     cocotb.regression                  test_rtl_to_pixels_top_streaming.combined_random_gaps_and_backpressure_match_reference passed
  3563.00ns INFO     cocotb.regression                  running test_rtl_to_pixels_top_streaming.sof_and_eol_output_stalls_are_stable (4/5)
targeted_stall_coverage: mode=metadata expected={0: 2, 7: 2, 15: 2, 23: 2, 31: 2, 39: 2} observed={0: 2, 7: 2, 15: 2, 23: 2, 31: 2, 39: 2}
stream stress frame: ready_mode=metadata accepted_input=40 accepted_output=40 source_gap_cycles=44 output_stall_cycles=12 mismatch_count=0
  4674.00ns INFO     cocotb.regression                  test_rtl_to_pixels_top_streaming.sof_and_eol_output_stalls_are_stable passed
  4674.00ns INFO     cocotb.regression                  running test_rtl_to_pixels_top_streaming.drain_backpressure_preserves_exact_frame (5/5)
targeted_stall_coverage: mode=drain expected={31: 3, 32: 1, 33: 1, 34: 1, 35: 1, 36: 1, 37: 1, 38: 1, 39: 4} observed={31: 3, 32: 1, 33: 1, 34: 1, 35: 1, 36: 1, 37: 1, 38: 1, 39: 4}
stream stress frame: ready_mode=drain accepted_input=40 accepted_output=40 source_gap_cycles=43 output_stall_cycles=14 mismatch_count=0
  5855.00ns INFO     cocotb.regression                  test_rtl_to_pixels_top_streaming.drain_backpressure_preserves_exact_frame passed
  5855.00ns INFO     cocotb.regression                  ************************************************************************************************************************************************
                                                        ** TEST                                                                                    STATUS  SIM TIME (ns)  REAL TIME (s)  RATIO (ns/s) **
                                                        ************************************************************************************************************************************************
                                                        ** test_rtl_to_pixels_top_streaming.randomized_source_gaps_match_reference                  PASS        1431.00           0.02      57663.44  **
                                                        ** test_rtl_to_pixels_top_streaming.randomized_downstream_backpressure_is_bit_exact         PASS         821.00           0.00     361342.27  **
                                                        ** test_rtl_to_pixels_top_streaming.combined_random_gaps_and_backpressure_match_reference   PASS        1311.00           0.00     420557.33  **
                                                        ** test_rtl_to_pixels_top_streaming.sof_and_eol_output_stalls_are_stable                    PASS        1111.00           0.00     414745.69  **
                                                        ** test_rtl_to_pixels_top_streaming.drain_backpressure_preserves_exact_frame                PASS        1181.00           0.00     418102.39  **
                                                        ************************************************************************************************************************************************
                                                        ** TESTS=5 PASS=5 FAIL=0 SKIP=0                                                                         5855.00           0.04     158058.06  **
                                                        ************************************************************************************************************************************************
- :0: Verilog $finish

=== RECOVERY_B 8x5 ===
rm -f /var/folders/78/xn7s20w54m75pf1x_198zh980000gn/T/tmp.XVtM5l1ZWT/results.xml
/opt/homebrew/bin/verilator -cc --exe -Mdir /var/folders/78/xn7s20w54m75pf1x_198zh980000gn/T/tmp.XVtM5l1ZWT --top-module rtl_to_pixels_top_pipelined -GIMG_WIDTH=8 -GIMG_HEIGHT=5 --timescale 1ns/1ps --vpi --public-flat-rw --prefix Vtop -o Vtop -LDFLAGS "-Wl,-rpath,/Users/Dilan/Projects/from-rtl-to-pixels/.venv/lib/python3.14/site-packages/cocotb/libs -L/Users/Dilan/Projects/from-rtl-to-pixels/.venv/lib/python3.14/site-packages/cocotb/libs -lcocotbvpi_verilator"  /Users/Dilan/Projects/from-rtl-to-pixels/rtl/pixel_pkg.sv /Users/Dilan/Projects/from-rtl-to-pixels/rtl/rgb_to_gray.sv /Users/Dilan/Projects/from-rtl-to-pixels/rtl/elastic_stage.sv /Users/Dilan/Projects/from-rtl-to-pixels/rtl/apb_regs.sv /Users/Dilan/Projects/from-rtl-to-pixels/rtl/pixel_control.sv /Users/Dilan/Projects/from-rtl-to-pixels/rtl/line_buffer.sv /Users/Dilan/Projects/from-rtl-to-pixels/rtl/window_3x3.sv /Users/Dilan/Projects/from-rtl-to-pixels/rtl/sobel_compact.sv /Users/Dilan/Projects/from-rtl-to-pixels/rtl/magnitude_clamp.sv /Users/Dilan/Projects/from-rtl-to-pixels/rtl/threshold_stage.sv /Users/Dilan/Projects/from-rtl-to-pixels/rtl/output_control.sv /Users/Dilan/Projects/from-rtl-to-pixels/rtl/rtl_to_pixels_top_pipelined.sv /Users/Dilan/Projects/from-rtl-to-pixels/.venv/lib/python3.14/site-packages/cocotb/share/lib/verilator/verilator.cpp
- V e r i l a t i o n   R e p o r t: Verilator 5.052 2026-09-05 rev vUNKNOWN-built20260905
- Verilator: Built from 0.389 MB sources in 13 modules, into 0.288 MB in 7 C++ files needing 0.000 MB
- Verilator: Walltime 0.035 s (elab=0.004, cvt=0.020, bld=0.000); cpu 0.034 s on 1 threads; allocated 14.094 MB
/Applications/Xcode.app/Contents/Developer/usr/bin/make -C /var/folders/78/xn7s20w54m75pf1x_198zh980000gn/T/tmp.XVtM5l1ZWT  -f Vtop.mk
c++  -I.  -MMD -I/opt/homebrew/Cellar/verilator/5.052/share/verilator/include -I/opt/homebrew/Cellar/verilator/5.052/share/verilator/include/vltstd -DVERILATOR=1 -DVM_COVERAGE=0 -DVM_SC=0 -DVM_TIMING=0 -DVM_TRACE=0 -DVM_TRACE_FST=0 -DVM_TRACE_VCD=0 -DVM_TRACE_SAIF=0 -DVM_VPI=1 -faligned-new -fbracket-depth=4096 -fcf-protection=none -Xclang -fno-pch-timestamp -Qunused-arguments -Wno-bool-operation -Wno-c++11-narrowing -Wno-constant-logical-operand -Wno-int-in-bool-context -Wno-non-pod-varargs -Wno-parentheses-equality -Wno-shadow -Wno-sign-compare -Wno-tautological-bitwise-compare -Wno-tautological-compare -Wno-uninitialized -Wno-unnecessary-virtual-specifier -Wno-unused-but-set-parameter -Wno-unused-but-set-variable -Wno-unused-parameter -Wno-unused-variable -Wno-vla-cxx-extension      -Os  -c -o verilator.o /Users/Dilan/Projects/from-rtl-to-pixels/.venv/lib/python3.14/site-packages/cocotb/share/lib/verilator/verilator.cpp
c++ -Os  -I.  -MMD -I/opt/homebrew/Cellar/verilator/5.052/share/verilator/include -I/opt/homebrew/Cellar/verilator/5.052/share/verilator/include/vltstd -DVERILATOR=1 -DVM_COVERAGE=0 -DVM_SC=0 -DVM_TIMING=0 -DVM_TRACE=0 -DVM_TRACE_FST=0 -DVM_TRACE_VCD=0 -DVM_TRACE_SAIF=0 -DVM_VPI=1 -faligned-new -fbracket-depth=4096 -fcf-protection=none -Xclang -fno-pch-timestamp -Qunused-arguments -Wno-bool-operation -Wno-c++11-narrowing -Wno-constant-logical-operand -Wno-int-in-bool-context -Wno-non-pod-varargs -Wno-parentheses-equality -Wno-shadow -Wno-sign-compare -Wno-tautological-bitwise-compare -Wno-tautological-compare -Wno-uninitialized -Wno-unnecessary-virtual-specifier -Wno-unused-but-set-parameter -Wno-unused-but-set-variable -Wno-unused-parameter -Wno-unused-variable -Wno-vla-cxx-extension      -c -o verilated.o /opt/homebrew/Cellar/verilator/5.052/share/verilator/include/verilated.cpp
c++ -Os  -I.  -MMD -I/opt/homebrew/Cellar/verilator/5.052/share/verilator/include -I/opt/homebrew/Cellar/verilator/5.052/share/verilator/include/vltstd -DVERILATOR=1 -DVM_COVERAGE=0 -DVM_SC=0 -DVM_TIMING=0 -DVM_TRACE=0 -DVM_TRACE_FST=0 -DVM_TRACE_VCD=0 -DVM_TRACE_SAIF=0 -DVM_VPI=1 -faligned-new -fbracket-depth=4096 -fcf-protection=none -Xclang -fno-pch-timestamp -Qunused-arguments -Wno-bool-operation -Wno-c++11-narrowing -Wno-constant-logical-operand -Wno-int-in-bool-context -Wno-non-pod-varargs -Wno-parentheses-equality -Wno-shadow -Wno-sign-compare -Wno-tautological-bitwise-compare -Wno-tautological-compare -Wno-uninitialized -Wno-unnecessary-virtual-specifier -Wno-unused-but-set-parameter -Wno-unused-but-set-variable -Wno-unused-parameter -Wno-unused-variable -Wno-vla-cxx-extension      -c -o verilated_dpi.o /opt/homebrew/Cellar/verilator/5.052/share/verilator/include/verilated_dpi.cpp
c++ -Os  -I.  -MMD -I/opt/homebrew/Cellar/verilator/5.052/share/verilator/include -I/opt/homebrew/Cellar/verilator/5.052/share/verilator/include/vltstd -DVERILATOR=1 -DVM_COVERAGE=0 -DVM_SC=0 -DVM_TIMING=0 -DVM_TRACE=0 -DVM_TRACE_FST=0 -DVM_TRACE_VCD=0 -DVM_TRACE_SAIF=0 -DVM_VPI=1 -faligned-new -fbracket-depth=4096 -fcf-protection=none -Xclang -fno-pch-timestamp -Qunused-arguments -Wno-bool-operation -Wno-c++11-narrowing -Wno-constant-logical-operand -Wno-int-in-bool-context -Wno-non-pod-varargs -Wno-parentheses-equality -Wno-shadow -Wno-sign-compare -Wno-tautological-bitwise-compare -Wno-tautological-compare -Wno-uninitialized -Wno-unnecessary-virtual-specifier -Wno-unused-but-set-parameter -Wno-unused-but-set-variable -Wno-unused-parameter -Wno-unused-variable -Wno-vla-cxx-extension      -c -o verilated_vpi.o /opt/homebrew/Cellar/verilator/5.052/share/verilator/include/verilated_vpi.cpp
c++ -Os  -I.  -MMD -I/opt/homebrew/Cellar/verilator/5.052/share/verilator/include -I/opt/homebrew/Cellar/verilator/5.052/share/verilator/include/vltstd -DVERILATOR=1 -DVM_COVERAGE=0 -DVM_SC=0 -DVM_TIMING=0 -DVM_TRACE=0 -DVM_TRACE_FST=0 -DVM_TRACE_VCD=0 -DVM_TRACE_SAIF=0 -DVM_VPI=1 -faligned-new -fbracket-depth=4096 -fcf-protection=none -Xclang -fno-pch-timestamp -Qunused-arguments -Wno-bool-operation -Wno-c++11-narrowing -Wno-constant-logical-operand -Wno-int-in-bool-context -Wno-non-pod-varargs -Wno-parentheses-equality -Wno-shadow -Wno-sign-compare -Wno-tautological-bitwise-compare -Wno-tautological-compare -Wno-uninitialized -Wno-unnecessary-virtual-specifier -Wno-unused-but-set-parameter -Wno-unused-but-set-variable -Wno-unused-parameter -Wno-unused-variable -Wno-vla-cxx-extension      -c -o verilated_threads.o /opt/homebrew/Cellar/verilator/5.052/share/verilator/include/verilated_threads.cpp
python3 /opt/homebrew/Cellar/verilator/5.052/share/verilator/bin/verilator_includer -DVL_INCLUDE_OPT=include Vtop.cpp Vtop___024root__0.cpp Vtop__Dpi.cpp Vtop__ConstPool__0__Slow.cpp Vtop___024root__Slow.cpp Vtop___024root__0__Slow.cpp Vtop__Syms__Slow.cpp > Vtop__ALL.cpp
c++ -Os  -I.  -MMD -I/opt/homebrew/Cellar/verilator/5.052/share/verilator/include -I/opt/homebrew/Cellar/verilator/5.052/share/verilator/include/vltstd -DVERILATOR=1 -DVM_COVERAGE=0 -DVM_SC=0 -DVM_TIMING=0 -DVM_TRACE=0 -DVM_TRACE_FST=0 -DVM_TRACE_VCD=0 -DVM_TRACE_SAIF=0 -DVM_VPI=1 -faligned-new -fbracket-depth=4096 -fcf-protection=none -Xclang -fno-pch-timestamp -Qunused-arguments -Wno-bool-operation -Wno-c++11-narrowing -Wno-constant-logical-operand -Wno-int-in-bool-context -Wno-non-pod-varargs -Wno-parentheses-equality -Wno-shadow -Wno-sign-compare -Wno-tautological-bitwise-compare -Wno-tautological-compare -Wno-uninitialized -Wno-unnecessary-virtual-specifier -Wno-unused-but-set-parameter -Wno-unused-but-set-variable -Wno-unused-parameter -Wno-unused-variable -Wno-vla-cxx-extension      -c -o Vtop__ALL.o Vtop__ALL.cpp
c++  -Wl,-U,__Z15vl_time_stamp64v,-U,__Z13sc_time_stampv,-U,_vlog_startup_routines   -rdynamic verilator.o verilated.o verilated_dpi.o verilated_vpi.o verilated_threads.o Vtop__ALL.a   -Wl,-rpath,/Users/Dilan/Projects/from-rtl-to-pixels/.venv/lib/python3.14/site-packages/cocotb/libs -L/Users/Dilan/Projects/from-rtl-to-pixels/.venv/lib/python3.14/site-packages/cocotb/libs -lcocotbvpi_verilator  -pthread -lpthread -ldl   -o Vtop
rm Vtop__ALL.verilator_deplist.tmp
rm -f /var/folders/78/xn7s20w54m75pf1x_198zh980000gn/T/tmp.XVtM5l1ZWT/results.xml
COCOTB_TEST_MODULES=test_rtl_to_pixels_top_recovery COCOTB_TESTCASE=  COCOTB_TOPLEVEL=rtl_to_pixels_top_pipelined TOPLEVEL_LANG=verilog       \
         /var/folders/78/xn7s20w54m75pf1x_198zh980000gn/T/tmp.XVtM5l1ZWT/Vtop
     -.--ns INFO     gpi                                ../gpi/GpiCommon.cpp:242  in gpi_load_users                  Loaded entry library: '/Library/Frameworks/Python.framework/Versions/3.14/Python'
     -.--ns INFO     gpi                                ../gpi/GpiCommon.cpp:234  in gpi_load_users                  Running entry func 'initialize' from loaded library '/Users/Dilan/Projects/from-rtl-to-pixels/.venv/lib/python3.14/site-packages/cocotb/simulator.cpython-314-darwin.so'
     -.--ns INFO     pygpi                              ..ib/pygpi/embed.cpp:115  in initialize                      Using Python 3.14.6 interpreter at /Users/Dilan/Projects/from-rtl-to-pixels/.venv/bin/python
     -.--ns INFO     gpi                                ../gpi/GpiCommon.cpp:74   in gpi_print_registered_impl       GPI: VPI support registered
     0.00ns INFO     cocotb.initialize                  Seeding Python random module with 1790117037
     0.00ns INFO     cocotb.initialize                  Initialized cocotb v2.1.0 from /Users/Dilan/Projects/from-rtl-to-pixels/.venv/lib/python3.14/site-packages/cocotb
     0.00ns INFO     cocotb.initialize                  Running on Verilator version 5.052 2026-09-05
     0.00ns INFO     cocotb.regression                  Running tests
     0.00ns INFO     cocotb.regression                  running test_rtl_to_pixels_top_recovery.idle_reset_restores_defaults_and_clean_recovery (1/11)
recovery frame: label=idle-reset accepted_input=40 accepted_output=40 mismatch_count=0
   681.00ns INFO     cocotb.regression                  test_rtl_to_pixels_top_recovery.idle_reset_restores_defaults_and_clean_recovery passed
   681.00ns INFO     cocotb.regression                  running test_rtl_to_pixels_top_recovery.reset_immediately_before_frame_blocks_acceptance (2/11)
recovery frame: label=reset-before-frame accepted_input=40 accepted_output=40 mismatch_count=0
  1412.00ns INFO     cocotb.regression                  test_rtl_to_pixels_top_recovery.reset_immediately_before_frame_blocks_acceptance passed
  1412.00ns INFO     cocotb.regression                  running test_rtl_to_pixels_top_recovery.reset_after_first_accepted_pixel_recovers (3/11)
recovery frame: label=reset-after-first-pixel accepted_input=40 accepted_output=40 mismatch_count=0
  2173.00ns INFO     cocotb.regression                  test_rtl_to_pixels_top_recovery.reset_after_first_accepted_pixel_recovers passed
  2173.00ns INFO     cocotb.regression                  running test_rtl_to_pixels_top_recovery.reset_mid_line_recovers (4/11)
recovery frame: label=reset-mid-line accepted_input=40 accepted_output=40 mismatch_count=0
  2944.00ns INFO     cocotb.regression                  test_rtl_to_pixels_top_recovery.reset_mid_line_recovers passed
  2944.00ns INFO     cocotb.regression                  running test_rtl_to_pixels_top_recovery.reset_after_eol_recovers (5/11)
recovery frame: label=reset-after-eol accepted_input=40 accepted_output=40 mismatch_count=0
  3775.00ns INFO     cocotb.regression                  test_rtl_to_pixels_top_recovery.reset_after_eol_recovers passed
  3775.00ns INFO     cocotb.regression                  running test_rtl_to_pixels_top_recovery.reset_late_frame_recovers (6/11)
recovery frame: label=reset-late-frame accepted_input=40 accepted_output=40 mismatch_count=0
  4916.01ns INFO     cocotb.regression                  test_rtl_to_pixels_top_recovery.reset_late_frame_recovers passed
  4916.01ns INFO     cocotb.regression                  running test_rtl_to_pixels_top_recovery.reset_during_drain_recovers (7/11)
recovery frame: label=reset-during-drain accepted_input=40 accepted_output=40 mismatch_count=0
  6087.01ns INFO     cocotb.regression                  test_rtl_to_pixels_top_recovery.reset_during_drain_recovers passed
  6087.01ns INFO     cocotb.regression                  running test_rtl_to_pixels_top_recovery.early_eol_aborts_and_recovers (8/11)
recovery frame: label=early-eol accepted_input=40 accepted_output=40 mismatch_count=0
metadata abort: label=early-eol bad_index=1 prior_output_transfers=0 aborted_frame_count=0 recovered_frame_count=1
  6808.01ns INFO     cocotb.regression                  test_rtl_to_pixels_top_recovery.early_eol_aborts_and_recovers passed
  6808.01ns INFO     cocotb.regression                  running test_rtl_to_pixels_top_recovery.missing_row_eol_aborts_and_recovers (9/11)
recovery frame: label=missing-row-eol accepted_input=40 accepted_output=40 mismatch_count=0
metadata abort: label=missing-row-eol bad_index=7 prior_output_transfers=0 aborted_frame_count=0 recovered_frame_count=1
  7589.01ns INFO     cocotb.regression                  test_rtl_to_pixels_top_recovery.missing_row_eol_aborts_and_recovers passed
  7589.01ns INFO     cocotb.regression                  running test_rtl_to_pixels_top_recovery.unexpected_sof_after_partial_output_aborts_and_recovers (10/11)
partial-output precondition: label=unexpected-sof extra_idle_cycles=2 prior_output_transfer=1
recovery frame: label=unexpected-sof accepted_input=40 accepted_output=40 mismatch_count=0
metadata abort: label=unexpected-sof bad_index=10 prior_output_transfers=1 aborted_frame_count=0 recovered_frame_count=1
  8420.01ns INFO     cocotb.regression                  test_rtl_to_pixels_top_recovery.unexpected_sof_after_partial_output_aborts_and_recovers passed
  8420.01ns INFO     cocotb.regression                  running test_rtl_to_pixels_top_recovery.missing_final_eol_aborts_without_frame_completion (11/11)
recovery frame: label=missing-final-eol accepted_input=40 accepted_output=40 mismatch_count=0
metadata abort: label=missing-final-eol bad_index=39 prior_output_transfers=29 aborted_frame_count=0 recovered_frame_count=1
  9521.01ns INFO     cocotb.regression                  test_rtl_to_pixels_top_recovery.missing_final_eol_aborts_without_frame_completion passed
  9521.01ns INFO     cocotb.regression                  *************************************************************************************************************************************************
                                                        ** TEST                                                                                     STATUS  SIM TIME (ns)  REAL TIME (s)  RATIO (ns/s) **
                                                        *************************************************************************************************************************************************
                                                        ** test_rtl_to_pixels_top_recovery.idle_reset_restores_defaults_and_clean_recovery           PASS         681.00           0.02      29848.35  **
                                                        ** test_rtl_to_pixels_top_recovery.reset_immediately_before_frame_blocks_acceptance          PASS         731.00           0.00     437571.80  **
                                                        ** test_rtl_to_pixels_top_recovery.reset_after_first_accepted_pixel_recovers                 PASS         761.00           0.00     465265.56  **
                                                        ** test_rtl_to_pixels_top_recovery.reset_mid_line_recovers                                   PASS         771.00           0.00     469942.86  **
                                                        ** test_rtl_to_pixels_top_recovery.reset_after_eol_recovers                                  PASS         831.00           0.00     483643.42  **
                                                        ** test_rtl_to_pixels_top_recovery.reset_late_frame_recovers                                 PASS        1141.00           0.00     509668.98  **
                                                        ** test_rtl_to_pixels_top_recovery.reset_during_drain_recovers                               PASS        1171.00           0.00     460842.18  **
                                                        ** test_rtl_to_pixels_top_recovery.early_eol_aborts_and_recovers                             PASS         721.00           0.00     468004.65  **
                                                        ** test_rtl_to_pixels_top_recovery.missing_row_eol_aborts_and_recovers                       PASS         781.00           0.00     483903.55  **
                                                        ** test_rtl_to_pixels_top_recovery.unexpected_sof_after_partial_output_aborts_and_recovers   PASS         831.00           0.00     489639.50  **
                                                        ** test_rtl_to_pixels_top_recovery.missing_final_eol_aborts_without_frame_completion         PASS        1101.00           0.00     515429.42  **
                                                        *************************************************************************************************************************************************
                                                        ** TESTS=11 PASS=11 FAIL=0 SKIP=0                                                                        9521.01           0.04     220601.42  **
                                                        *************************************************************************************************************************************************
- :0: Verilog $finish

=== CONFIG_B 8x5 ===
rm -f /var/folders/78/xn7s20w54m75pf1x_198zh980000gn/T/tmp.1AcRMnjbIQ/results.xml
/opt/homebrew/bin/verilator -cc --exe -Mdir /var/folders/78/xn7s20w54m75pf1x_198zh980000gn/T/tmp.1AcRMnjbIQ --top-module rtl_to_pixels_top_pipelined -GIMG_WIDTH=8 -GIMG_HEIGHT=5 --timescale 1ns/1ps --vpi --public-flat-rw --prefix Vtop -o Vtop -LDFLAGS "-Wl,-rpath,/Users/Dilan/Projects/from-rtl-to-pixels/.venv/lib/python3.14/site-packages/cocotb/libs -L/Users/Dilan/Projects/from-rtl-to-pixels/.venv/lib/python3.14/site-packages/cocotb/libs -lcocotbvpi_verilator"  /Users/Dilan/Projects/from-rtl-to-pixels/rtl/pixel_pkg.sv /Users/Dilan/Projects/from-rtl-to-pixels/rtl/rgb_to_gray.sv /Users/Dilan/Projects/from-rtl-to-pixels/rtl/elastic_stage.sv /Users/Dilan/Projects/from-rtl-to-pixels/rtl/apb_regs.sv /Users/Dilan/Projects/from-rtl-to-pixels/rtl/pixel_control.sv /Users/Dilan/Projects/from-rtl-to-pixels/rtl/line_buffer.sv /Users/Dilan/Projects/from-rtl-to-pixels/rtl/window_3x3.sv /Users/Dilan/Projects/from-rtl-to-pixels/rtl/sobel_compact.sv /Users/Dilan/Projects/from-rtl-to-pixels/rtl/magnitude_clamp.sv /Users/Dilan/Projects/from-rtl-to-pixels/rtl/threshold_stage.sv /Users/Dilan/Projects/from-rtl-to-pixels/rtl/output_control.sv /Users/Dilan/Projects/from-rtl-to-pixels/rtl/rtl_to_pixels_top_pipelined.sv /Users/Dilan/Projects/from-rtl-to-pixels/.venv/lib/python3.14/site-packages/cocotb/share/lib/verilator/verilator.cpp
- V e r i l a t i o n   R e p o r t: Verilator 5.052 2026-09-05 rev vUNKNOWN-built20260905
- Verilator: Built from 0.389 MB sources in 13 modules, into 0.288 MB in 7 C++ files needing 0.000 MB
- Verilator: Walltime 0.033 s (elab=0.003, cvt=0.019, bld=0.000); cpu 0.033 s on 1 threads; allocated 14.234 MB
/Applications/Xcode.app/Contents/Developer/usr/bin/make -C /var/folders/78/xn7s20w54m75pf1x_198zh980000gn/T/tmp.1AcRMnjbIQ  -f Vtop.mk
c++  -I.  -MMD -I/opt/homebrew/Cellar/verilator/5.052/share/verilator/include -I/opt/homebrew/Cellar/verilator/5.052/share/verilator/include/vltstd -DVERILATOR=1 -DVM_COVERAGE=0 -DVM_SC=0 -DVM_TIMING=0 -DVM_TRACE=0 -DVM_TRACE_FST=0 -DVM_TRACE_VCD=0 -DVM_TRACE_SAIF=0 -DVM_VPI=1 -faligned-new -fbracket-depth=4096 -fcf-protection=none -Xclang -fno-pch-timestamp -Qunused-arguments -Wno-bool-operation -Wno-c++11-narrowing -Wno-constant-logical-operand -Wno-int-in-bool-context -Wno-non-pod-varargs -Wno-parentheses-equality -Wno-shadow -Wno-sign-compare -Wno-tautological-bitwise-compare -Wno-tautological-compare -Wno-uninitialized -Wno-unnecessary-virtual-specifier -Wno-unused-but-set-parameter -Wno-unused-but-set-variable -Wno-unused-parameter -Wno-unused-variable -Wno-vla-cxx-extension      -Os  -c -o verilator.o /Users/Dilan/Projects/from-rtl-to-pixels/.venv/lib/python3.14/site-packages/cocotb/share/lib/verilator/verilator.cpp
c++ -Os  -I.  -MMD -I/opt/homebrew/Cellar/verilator/5.052/share/verilator/include -I/opt/homebrew/Cellar/verilator/5.052/share/verilator/include/vltstd -DVERILATOR=1 -DVM_COVERAGE=0 -DVM_SC=0 -DVM_TIMING=0 -DVM_TRACE=0 -DVM_TRACE_FST=0 -DVM_TRACE_VCD=0 -DVM_TRACE_SAIF=0 -DVM_VPI=1 -faligned-new -fbracket-depth=4096 -fcf-protection=none -Xclang -fno-pch-timestamp -Qunused-arguments -Wno-bool-operation -Wno-c++11-narrowing -Wno-constant-logical-operand -Wno-int-in-bool-context -Wno-non-pod-varargs -Wno-parentheses-equality -Wno-shadow -Wno-sign-compare -Wno-tautological-bitwise-compare -Wno-tautological-compare -Wno-uninitialized -Wno-unnecessary-virtual-specifier -Wno-unused-but-set-parameter -Wno-unused-but-set-variable -Wno-unused-parameter -Wno-unused-variable -Wno-vla-cxx-extension      -c -o verilated.o /opt/homebrew/Cellar/verilator/5.052/share/verilator/include/verilated.cpp
c++ -Os  -I.  -MMD -I/opt/homebrew/Cellar/verilator/5.052/share/verilator/include -I/opt/homebrew/Cellar/verilator/5.052/share/verilator/include/vltstd -DVERILATOR=1 -DVM_COVERAGE=0 -DVM_SC=0 -DVM_TIMING=0 -DVM_TRACE=0 -DVM_TRACE_FST=0 -DVM_TRACE_VCD=0 -DVM_TRACE_SAIF=0 -DVM_VPI=1 -faligned-new -fbracket-depth=4096 -fcf-protection=none -Xclang -fno-pch-timestamp -Qunused-arguments -Wno-bool-operation -Wno-c++11-narrowing -Wno-constant-logical-operand -Wno-int-in-bool-context -Wno-non-pod-varargs -Wno-parentheses-equality -Wno-shadow -Wno-sign-compare -Wno-tautological-bitwise-compare -Wno-tautological-compare -Wno-uninitialized -Wno-unnecessary-virtual-specifier -Wno-unused-but-set-parameter -Wno-unused-but-set-variable -Wno-unused-parameter -Wno-unused-variable -Wno-vla-cxx-extension      -c -o verilated_dpi.o /opt/homebrew/Cellar/verilator/5.052/share/verilator/include/verilated_dpi.cpp
c++ -Os  -I.  -MMD -I/opt/homebrew/Cellar/verilator/5.052/share/verilator/include -I/opt/homebrew/Cellar/verilator/5.052/share/verilator/include/vltstd -DVERILATOR=1 -DVM_COVERAGE=0 -DVM_SC=0 -DVM_TIMING=0 -DVM_TRACE=0 -DVM_TRACE_FST=0 -DVM_TRACE_VCD=0 -DVM_TRACE_SAIF=0 -DVM_VPI=1 -faligned-new -fbracket-depth=4096 -fcf-protection=none -Xclang -fno-pch-timestamp -Qunused-arguments -Wno-bool-operation -Wno-c++11-narrowing -Wno-constant-logical-operand -Wno-int-in-bool-context -Wno-non-pod-varargs -Wno-parentheses-equality -Wno-shadow -Wno-sign-compare -Wno-tautological-bitwise-compare -Wno-tautological-compare -Wno-uninitialized -Wno-unnecessary-virtual-specifier -Wno-unused-but-set-parameter -Wno-unused-but-set-variable -Wno-unused-parameter -Wno-unused-variable -Wno-vla-cxx-extension      -c -o verilated_vpi.o /opt/homebrew/Cellar/verilator/5.052/share/verilator/include/verilated_vpi.cpp
c++ -Os  -I.  -MMD -I/opt/homebrew/Cellar/verilator/5.052/share/verilator/include -I/opt/homebrew/Cellar/verilator/5.052/share/verilator/include/vltstd -DVERILATOR=1 -DVM_COVERAGE=0 -DVM_SC=0 -DVM_TIMING=0 -DVM_TRACE=0 -DVM_TRACE_FST=0 -DVM_TRACE_VCD=0 -DVM_TRACE_SAIF=0 -DVM_VPI=1 -faligned-new -fbracket-depth=4096 -fcf-protection=none -Xclang -fno-pch-timestamp -Qunused-arguments -Wno-bool-operation -Wno-c++11-narrowing -Wno-constant-logical-operand -Wno-int-in-bool-context -Wno-non-pod-varargs -Wno-parentheses-equality -Wno-shadow -Wno-sign-compare -Wno-tautological-bitwise-compare -Wno-tautological-compare -Wno-uninitialized -Wno-unnecessary-virtual-specifier -Wno-unused-but-set-parameter -Wno-unused-but-set-variable -Wno-unused-parameter -Wno-unused-variable -Wno-vla-cxx-extension      -c -o verilated_threads.o /opt/homebrew/Cellar/verilator/5.052/share/verilator/include/verilated_threads.cpp
python3 /opt/homebrew/Cellar/verilator/5.052/share/verilator/bin/verilator_includer -DVL_INCLUDE_OPT=include Vtop.cpp Vtop___024root__0.cpp Vtop__Dpi.cpp Vtop__ConstPool__0__Slow.cpp Vtop___024root__Slow.cpp Vtop___024root__0__Slow.cpp Vtop__Syms__Slow.cpp > Vtop__ALL.cpp
c++ -Os  -I.  -MMD -I/opt/homebrew/Cellar/verilator/5.052/share/verilator/include -I/opt/homebrew/Cellar/verilator/5.052/share/verilator/include/vltstd -DVERILATOR=1 -DVM_COVERAGE=0 -DVM_SC=0 -DVM_TIMING=0 -DVM_TRACE=0 -DVM_TRACE_FST=0 -DVM_TRACE_VCD=0 -DVM_TRACE_SAIF=0 -DVM_VPI=1 -faligned-new -fbracket-depth=4096 -fcf-protection=none -Xclang -fno-pch-timestamp -Qunused-arguments -Wno-bool-operation -Wno-c++11-narrowing -Wno-constant-logical-operand -Wno-int-in-bool-context -Wno-non-pod-varargs -Wno-parentheses-equality -Wno-shadow -Wno-sign-compare -Wno-tautological-bitwise-compare -Wno-tautological-compare -Wno-uninitialized -Wno-unnecessary-virtual-specifier -Wno-unused-but-set-parameter -Wno-unused-but-set-variable -Wno-unused-parameter -Wno-unused-variable -Wno-vla-cxx-extension      -c -o Vtop__ALL.o Vtop__ALL.cpp
c++  -Wl,-U,__Z15vl_time_stamp64v,-U,__Z13sc_time_stampv,-U,_vlog_startup_routines   -rdynamic verilator.o verilated.o verilated_dpi.o verilated_vpi.o verilated_threads.o Vtop__ALL.a   -Wl,-rpath,/Users/Dilan/Projects/from-rtl-to-pixels/.venv/lib/python3.14/site-packages/cocotb/libs -L/Users/Dilan/Projects/from-rtl-to-pixels/.venv/lib/python3.14/site-packages/cocotb/libs -lcocotbvpi_verilator  -pthread -lpthread -ldl   -o Vtop
rm Vtop__ALL.verilator_deplist.tmp
rm -f /var/folders/78/xn7s20w54m75pf1x_198zh980000gn/T/tmp.1AcRMnjbIQ/results.xml
COCOTB_TEST_MODULES=test_rtl_to_pixels_top_config COCOTB_TESTCASE=  COCOTB_TOPLEVEL=rtl_to_pixels_top_pipelined TOPLEVEL_LANG=verilog       \
         /var/folders/78/xn7s20w54m75pf1x_198zh980000gn/T/tmp.1AcRMnjbIQ/Vtop
     -.--ns INFO     gpi                                ../gpi/GpiCommon.cpp:242  in gpi_load_users                  Loaded entry library: '/Library/Frameworks/Python.framework/Versions/3.14/Python'
     -.--ns INFO     gpi                                ../gpi/GpiCommon.cpp:234  in gpi_load_users                  Running entry func 'initialize' from loaded library '/Users/Dilan/Projects/from-rtl-to-pixels/.venv/lib/python3.14/site-packages/cocotb/simulator.cpython-314-darwin.so'
     -.--ns INFO     pygpi                              ..ib/pygpi/embed.cpp:115  in initialize                      Using Python 3.14.6 interpreter at /Users/Dilan/Projects/from-rtl-to-pixels/.venv/bin/python
     -.--ns INFO     gpi                                ../gpi/GpiCommon.cpp:74   in gpi_print_registered_impl       GPI: VPI support registered
     0.00ns INFO     cocotb.initialize                  Seeding Python random module with 1790117045
     0.00ns INFO     cocotb.initialize                  Initialized cocotb v2.1.0 from /Users/Dilan/Projects/from-rtl-to-pixels/.venv/lib/python3.14/site-packages/cocotb
     0.00ns INFO     cocotb.initialize                  Running on Verilator version 5.052 2026-09-05
     0.00ns INFO     cocotb.regression                  Running tests
     0.00ns INFO     cocotb.regression                  running test_rtl_to_pixels_top_config.idle_shadow_write_sets_pending_and_sof_activates (1/6)
config frame: label=idle-shadow-activation threshold=20 bypass=1 accepted_input=40 accepted_output=40 mismatch_count=0
   641.00ns INFO     cocotb.regression                  test_rtl_to_pixels_top_config.idle_shadow_write_sets_pending_and_sof_activates passed
   641.00ns INFO     cocotb.regression                  running test_rtl_to_pixels_top_config.midframe_threshold_write_applies_only_next_frame (2/6)
config frame: label=midframe-threshold-current threshold=10 bypass=0 accepted_input=40 accepted_output=40 mismatch_count=0
config frame: label=midframe-threshold-next threshold=20 bypass=0 accepted_input=40 accepted_output=40 mismatch_count=0
  1862.00ns INFO     cocotb.regression                  test_rtl_to_pixels_top_config.midframe_threshold_write_applies_only_next_frame passed
  1862.00ns INFO     cocotb.regression                  running test_rtl_to_pixels_top_config.midframe_bypass_write_applies_only_next_frame (3/6)
config frame: label=midframe-bypass-current threshold=20 bypass=0 accepted_input=40 accepted_output=40 mismatch_count=0
config frame: label=midframe-bypass-next threshold=20 bypass=1 accepted_input=40 accepted_output=40 mismatch_count=0
  3043.00ns INFO     cocotb.regression                  test_rtl_to_pixels_top_config.midframe_bypass_write_applies_only_next_frame passed
  3043.00ns INFO     cocotb.regression                  running test_rtl_to_pixels_top_config.same_edge_threshold_write_and_sof_uses_preedge_shadow (4/6)
config frame: label=same-edge-threshold-current threshold=10 bypass=0 accepted_input=40 accepted_output=40 mismatch_count=0
config frame: label=same-edge-threshold-next threshold=20 bypass=0 accepted_input=40 accepted_output=40 mismatch_count=0
  4214.00ns INFO     cocotb.regression                  test_rtl_to_pixels_top_config.same_edge_threshold_write_and_sof_uses_preedge_shadow passed
  4214.00ns INFO     cocotb.regression                  running test_rtl_to_pixels_top_config.same_edge_bypass_write_and_sof_uses_preedge_shadow (5/6)
config frame: label=same-edge-bypass-current threshold=20 bypass=0 accepted_input=40 accepted_output=40 mismatch_count=0
config frame: label=same-edge-bypass-next threshold=20 bypass=1 accepted_input=40 accepted_output=40 mismatch_count=0
  5385.00ns INFO     cocotb.regression                  test_rtl_to_pixels_top_config.same_edge_bypass_write_and_sof_uses_preedge_shadow passed
  5385.00ns INFO     cocotb.regression                  running test_rtl_to_pixels_top_config.run_enable_clear_midframe_finishes_current_and_blocks_next (6/6)
config frame: label=run-enable-current-frame threshold=10 bypass=0 accepted_input=40 accepted_output=40 mismatch_count=0
config frame: label=run-enable-reenabled-frame threshold=10 bypass=0 accepted_input=40 accepted_output=40 mismatch_count=0
  6656.01ns INFO     cocotb.regression                  test_rtl_to_pixels_top_config.run_enable_clear_midframe_finishes_current_and_blocks_next passed
  6656.01ns INFO     cocotb.regression                  **************************************************************************************************************************************************
                                                        ** TEST                                                                                      STATUS  SIM TIME (ns)  REAL TIME (s)  RATIO (ns/s) **
                                                        **************************************************************************************************************************************************
                                                        ** test_rtl_to_pixels_top_config.idle_shadow_write_sets_pending_and_sof_activates             PASS         641.00           0.00     325718.33  **
                                                        ** test_rtl_to_pixels_top_config.midframe_threshold_write_applies_only_next_frame             PASS        1221.00           0.00     403092.29  **
                                                        ** test_rtl_to_pixels_top_config.midframe_bypass_write_applies_only_next_frame                PASS        1181.00           0.00     458173.70  **
                                                        ** test_rtl_to_pixels_top_config.same_edge_threshold_write_and_sof_uses_preedge_shadow        PASS        1171.00           0.00     409894.45  **
                                                        ** test_rtl_to_pixels_top_config.same_edge_bypass_write_and_sof_uses_preedge_shadow           PASS        1171.00           0.00     443833.80  **
                                                        ** test_rtl_to_pixels_top_config.run_enable_clear_midframe_finishes_current_and_blocks_next   PASS        1271.00           0.00     490079.27  **
                                                        **************************************************************************************************************************************************
                                                        ** TESTS=6 PASS=6 FAIL=0 SKIP=0                                                                           6656.01           0.02     384691.08  **
                                                        **************************************************************************************************************************************************
- :0: Verilog $finish

=== RANDOM_DIMENSION_B 4x4 ===
rm -f /var/folders/78/xn7s20w54m75pf1x_198zh980000gn/T/tmp.Buigfdt8em/results.xml
/opt/homebrew/bin/verilator -cc --exe -Mdir /var/folders/78/xn7s20w54m75pf1x_198zh980000gn/T/tmp.Buigfdt8em --top-module rtl_to_pixels_top_pipelined -GIMG_WIDTH=4 -GIMG_HEIGHT=4 --timescale 1ns/1ps --vpi --public-flat-rw --prefix Vtop -o Vtop -LDFLAGS "-Wl,-rpath,/Users/Dilan/Projects/from-rtl-to-pixels/.venv/lib/python3.14/site-packages/cocotb/libs -L/Users/Dilan/Projects/from-rtl-to-pixels/.venv/lib/python3.14/site-packages/cocotb/libs -lcocotbvpi_verilator"  /Users/Dilan/Projects/from-rtl-to-pixels/rtl/pixel_pkg.sv /Users/Dilan/Projects/from-rtl-to-pixels/rtl/rgb_to_gray.sv /Users/Dilan/Projects/from-rtl-to-pixels/rtl/elastic_stage.sv /Users/Dilan/Projects/from-rtl-to-pixels/rtl/apb_regs.sv /Users/Dilan/Projects/from-rtl-to-pixels/rtl/pixel_control.sv /Users/Dilan/Projects/from-rtl-to-pixels/rtl/line_buffer.sv /Users/Dilan/Projects/from-rtl-to-pixels/rtl/window_3x3.sv /Users/Dilan/Projects/from-rtl-to-pixels/rtl/sobel_compact.sv /Users/Dilan/Projects/from-rtl-to-pixels/rtl/magnitude_clamp.sv /Users/Dilan/Projects/from-rtl-to-pixels/rtl/threshold_stage.sv /Users/Dilan/Projects/from-rtl-to-pixels/rtl/output_control.sv /Users/Dilan/Projects/from-rtl-to-pixels/rtl/rtl_to_pixels_top_pipelined.sv /Users/Dilan/Projects/from-rtl-to-pixels/.venv/lib/python3.14/site-packages/cocotb/share/lib/verilator/verilator.cpp
- V e r i l a t i o n   R e p o r t: Verilator 5.052 2026-09-05 rev vUNKNOWN-built20260905
- Verilator: Built from 0.389 MB sources in 13 modules, into 0.291 MB in 7 C++ files needing 0.000 MB
- Verilator: Walltime 0.038 s (elab=0.004, cvt=0.021, bld=0.000); cpu 0.036 s on 1 threads; allocated 14.297 MB
/Applications/Xcode.app/Contents/Developer/usr/bin/make -C /var/folders/78/xn7s20w54m75pf1x_198zh980000gn/T/tmp.Buigfdt8em  -f Vtop.mk
c++  -I.  -MMD -I/opt/homebrew/Cellar/verilator/5.052/share/verilator/include -I/opt/homebrew/Cellar/verilator/5.052/share/verilator/include/vltstd -DVERILATOR=1 -DVM_COVERAGE=0 -DVM_SC=0 -DVM_TIMING=0 -DVM_TRACE=0 -DVM_TRACE_FST=0 -DVM_TRACE_VCD=0 -DVM_TRACE_SAIF=0 -DVM_VPI=1 -faligned-new -fbracket-depth=4096 -fcf-protection=none -Xclang -fno-pch-timestamp -Qunused-arguments -Wno-bool-operation -Wno-c++11-narrowing -Wno-constant-logical-operand -Wno-int-in-bool-context -Wno-non-pod-varargs -Wno-parentheses-equality -Wno-shadow -Wno-sign-compare -Wno-tautological-bitwise-compare -Wno-tautological-compare -Wno-uninitialized -Wno-unnecessary-virtual-specifier -Wno-unused-but-set-parameter -Wno-unused-but-set-variable -Wno-unused-parameter -Wno-unused-variable -Wno-vla-cxx-extension      -Os  -c -o verilator.o /Users/Dilan/Projects/from-rtl-to-pixels/.venv/lib/python3.14/site-packages/cocotb/share/lib/verilator/verilator.cpp
c++ -Os  -I.  -MMD -I/opt/homebrew/Cellar/verilator/5.052/share/verilator/include -I/opt/homebrew/Cellar/verilator/5.052/share/verilator/include/vltstd -DVERILATOR=1 -DVM_COVERAGE=0 -DVM_SC=0 -DVM_TIMING=0 -DVM_TRACE=0 -DVM_TRACE_FST=0 -DVM_TRACE_VCD=0 -DVM_TRACE_SAIF=0 -DVM_VPI=1 -faligned-new -fbracket-depth=4096 -fcf-protection=none -Xclang -fno-pch-timestamp -Qunused-arguments -Wno-bool-operation -Wno-c++11-narrowing -Wno-constant-logical-operand -Wno-int-in-bool-context -Wno-non-pod-varargs -Wno-parentheses-equality -Wno-shadow -Wno-sign-compare -Wno-tautological-bitwise-compare -Wno-tautological-compare -Wno-uninitialized -Wno-unnecessary-virtual-specifier -Wno-unused-but-set-parameter -Wno-unused-but-set-variable -Wno-unused-parameter -Wno-unused-variable -Wno-vla-cxx-extension      -c -o verilated.o /opt/homebrew/Cellar/verilator/5.052/share/verilator/include/verilated.cpp
c++ -Os  -I.  -MMD -I/opt/homebrew/Cellar/verilator/5.052/share/verilator/include -I/opt/homebrew/Cellar/verilator/5.052/share/verilator/include/vltstd -DVERILATOR=1 -DVM_COVERAGE=0 -DVM_SC=0 -DVM_TIMING=0 -DVM_TRACE=0 -DVM_TRACE_FST=0 -DVM_TRACE_VCD=0 -DVM_TRACE_SAIF=0 -DVM_VPI=1 -faligned-new -fbracket-depth=4096 -fcf-protection=none -Xclang -fno-pch-timestamp -Qunused-arguments -Wno-bool-operation -Wno-c++11-narrowing -Wno-constant-logical-operand -Wno-int-in-bool-context -Wno-non-pod-varargs -Wno-parentheses-equality -Wno-shadow -Wno-sign-compare -Wno-tautological-bitwise-compare -Wno-tautological-compare -Wno-uninitialized -Wno-unnecessary-virtual-specifier -Wno-unused-but-set-parameter -Wno-unused-but-set-variable -Wno-unused-parameter -Wno-unused-variable -Wno-vla-cxx-extension      -c -o verilated_dpi.o /opt/homebrew/Cellar/verilator/5.052/share/verilator/include/verilated_dpi.cpp
c++ -Os  -I.  -MMD -I/opt/homebrew/Cellar/verilator/5.052/share/verilator/include -I/opt/homebrew/Cellar/verilator/5.052/share/verilator/include/vltstd -DVERILATOR=1 -DVM_COVERAGE=0 -DVM_SC=0 -DVM_TIMING=0 -DVM_TRACE=0 -DVM_TRACE_FST=0 -DVM_TRACE_VCD=0 -DVM_TRACE_SAIF=0 -DVM_VPI=1 -faligned-new -fbracket-depth=4096 -fcf-protection=none -Xclang -fno-pch-timestamp -Qunused-arguments -Wno-bool-operation -Wno-c++11-narrowing -Wno-constant-logical-operand -Wno-int-in-bool-context -Wno-non-pod-varargs -Wno-parentheses-equality -Wno-shadow -Wno-sign-compare -Wno-tautological-bitwise-compare -Wno-tautological-compare -Wno-uninitialized -Wno-unnecessary-virtual-specifier -Wno-unused-but-set-parameter -Wno-unused-but-set-variable -Wno-unused-parameter -Wno-unused-variable -Wno-vla-cxx-extension      -c -o verilated_vpi.o /opt/homebrew/Cellar/verilator/5.052/share/verilator/include/verilated_vpi.cpp
c++ -Os  -I.  -MMD -I/opt/homebrew/Cellar/verilator/5.052/share/verilator/include -I/opt/homebrew/Cellar/verilator/5.052/share/verilator/include/vltstd -DVERILATOR=1 -DVM_COVERAGE=0 -DVM_SC=0 -DVM_TIMING=0 -DVM_TRACE=0 -DVM_TRACE_FST=0 -DVM_TRACE_VCD=0 -DVM_TRACE_SAIF=0 -DVM_VPI=1 -faligned-new -fbracket-depth=4096 -fcf-protection=none -Xclang -fno-pch-timestamp -Qunused-arguments -Wno-bool-operation -Wno-c++11-narrowing -Wno-constant-logical-operand -Wno-int-in-bool-context -Wno-non-pod-varargs -Wno-parentheses-equality -Wno-shadow -Wno-sign-compare -Wno-tautological-bitwise-compare -Wno-tautological-compare -Wno-uninitialized -Wno-unnecessary-virtual-specifier -Wno-unused-but-set-parameter -Wno-unused-but-set-variable -Wno-unused-parameter -Wno-unused-variable -Wno-vla-cxx-extension      -c -o verilated_threads.o /opt/homebrew/Cellar/verilator/5.052/share/verilator/include/verilated_threads.cpp
python3 /opt/homebrew/Cellar/verilator/5.052/share/verilator/bin/verilator_includer -DVL_INCLUDE_OPT=include Vtop.cpp Vtop___024root__0.cpp Vtop__Dpi.cpp Vtop__ConstPool__0__Slow.cpp Vtop___024root__Slow.cpp Vtop___024root__0__Slow.cpp Vtop__Syms__Slow.cpp > Vtop__ALL.cpp
c++ -Os  -I.  -MMD -I/opt/homebrew/Cellar/verilator/5.052/share/verilator/include -I/opt/homebrew/Cellar/verilator/5.052/share/verilator/include/vltstd -DVERILATOR=1 -DVM_COVERAGE=0 -DVM_SC=0 -DVM_TIMING=0 -DVM_TRACE=0 -DVM_TRACE_FST=0 -DVM_TRACE_VCD=0 -DVM_TRACE_SAIF=0 -DVM_VPI=1 -faligned-new -fbracket-depth=4096 -fcf-protection=none -Xclang -fno-pch-timestamp -Qunused-arguments -Wno-bool-operation -Wno-c++11-narrowing -Wno-constant-logical-operand -Wno-int-in-bool-context -Wno-non-pod-varargs -Wno-parentheses-equality -Wno-shadow -Wno-sign-compare -Wno-tautological-bitwise-compare -Wno-tautological-compare -Wno-uninitialized -Wno-unnecessary-virtual-specifier -Wno-unused-but-set-parameter -Wno-unused-but-set-variable -Wno-unused-parameter -Wno-unused-variable -Wno-vla-cxx-extension      -c -o Vtop__ALL.o Vtop__ALL.cpp
c++  -Wl,-U,__Z15vl_time_stamp64v,-U,__Z13sc_time_stampv,-U,_vlog_startup_routines   -rdynamic verilator.o verilated.o verilated_dpi.o verilated_vpi.o verilated_threads.o Vtop__ALL.a   -Wl,-rpath,/Users/Dilan/Projects/from-rtl-to-pixels/.venv/lib/python3.14/site-packages/cocotb/libs -L/Users/Dilan/Projects/from-rtl-to-pixels/.venv/lib/python3.14/site-packages/cocotb/libs -lcocotbvpi_verilator  -pthread -lpthread -ldl   -o Vtop
rm Vtop__ALL.verilator_deplist.tmp
rm -f /var/folders/78/xn7s20w54m75pf1x_198zh980000gn/T/tmp.Buigfdt8em/results.xml
COCOTB_TEST_MODULES=test_rtl_to_pixels_top_dimension_image COCOTB_TESTCASE=  COCOTB_TOPLEVEL=rtl_to_pixels_top_pipelined TOPLEVEL_LANG=verilog       \
         /var/folders/78/xn7s20w54m75pf1x_198zh980000gn/T/tmp.Buigfdt8em/Vtop
     -.--ns INFO     gpi                                ../gpi/GpiCommon.cpp:242  in gpi_load_users                  Loaded entry library: '/Library/Frameworks/Python.framework/Versions/3.14/Python'
     -.--ns INFO     gpi                                ../gpi/GpiCommon.cpp:234  in gpi_load_users                  Running entry func 'initialize' from loaded library '/Users/Dilan/Projects/from-rtl-to-pixels/.venv/lib/python3.14/site-packages/cocotb/simulator.cpython-314-darwin.so'
     -.--ns INFO     pygpi                              ..ib/pygpi/embed.cpp:115  in initialize                      Using Python 3.14.6 interpreter at /Users/Dilan/Projects/from-rtl-to-pixels/.venv/bin/python
     -.--ns INFO     gpi                                ../gpi/GpiCommon.cpp:74   in gpi_print_registered_impl       GPI: VPI support registered
     0.00ns INFO     cocotb.initialize                  Seeding Python random module with 1790117054
     0.00ns INFO     cocotb.initialize                  Initialized cocotb v2.1.0 from /Users/Dilan/Projects/from-rtl-to-pixels/.venv/lib/python3.14/site-packages/cocotb
     0.00ns INFO     cocotb.initialize                  Running on Verilator version 5.052 2026-09-05
     0.00ns INFO     cocotb.regression                  Running tests
     0.00ns INFO     cocotb.regression                  running test_rtl_to_pixels_top_dimension_image.dimension_and_image_regression (1/1)
dimension image frame: label=random-0 width=4 height=4 threshold=17 bypass=0 accepted_input=16 accepted_output=16 mismatch_count=0 cycles=23 input_sha256=84b36fd0c837d063613da079d863f87dc10efd76835f233c999ab867abc9bcd9
dimension image frame: label=random-1 width=4 height=4 threshold=128 bypass=1 accepted_input=16 accepted_output=16 mismatch_count=0 cycles=23 input_sha256=dca6c35e69972911b7e05cd3d01a91e8ebd5fa4466ce390d3f8c6c8251cb7b18
dimension image frame: label=random-2 width=4 height=4 threshold=223 bypass=0 accepted_input=16 accepted_output=16 mismatch_count=0 cycles=23 input_sha256=358d47e2c375efcd6af2257e94658e1c426e24cdc4cb1e01388585f62bca0cec
dimension random summary: width=4 height=4 frames=3 final_frame_count=3
   961.00ns INFO     cocotb.regression                  test_rtl_to_pixels_top_dimension_image.dimension_and_image_regression passed
   961.00ns INFO     cocotb.regression                  *******************************************************************************************************************************
                                                        ** TEST                                                                   STATUS  SIM TIME (ns)  REAL TIME (s)  RATIO (ns/s) **
                                                        *******************************************************************************************************************************
                                                        ** test_rtl_to_pixels_top_dimension_image.dimension_and_image_regression   PASS         961.00           0.03      30079.58  **
                                                        *******************************************************************************************************************************
                                                        ** TESTS=1 PASS=1 FAIL=0 SKIP=0                                                         961.00           0.03      29347.92  **
                                                        *******************************************************************************************************************************
- :0: Verilog $finish

=== RANDOM_DIMENSION_B 5x5 ===
rm -f /var/folders/78/xn7s20w54m75pf1x_198zh980000gn/T/tmp.e8tGRMamHC/results.xml
/opt/homebrew/bin/verilator -cc --exe -Mdir /var/folders/78/xn7s20w54m75pf1x_198zh980000gn/T/tmp.e8tGRMamHC --top-module rtl_to_pixels_top_pipelined -GIMG_WIDTH=5 -GIMG_HEIGHT=5 --timescale 1ns/1ps --vpi --public-flat-rw --prefix Vtop -o Vtop -LDFLAGS "-Wl,-rpath,/Users/Dilan/Projects/from-rtl-to-pixels/.venv/lib/python3.14/site-packages/cocotb/libs -L/Users/Dilan/Projects/from-rtl-to-pixels/.venv/lib/python3.14/site-packages/cocotb/libs -lcocotbvpi_verilator"  /Users/Dilan/Projects/from-rtl-to-pixels/rtl/pixel_pkg.sv /Users/Dilan/Projects/from-rtl-to-pixels/rtl/rgb_to_gray.sv /Users/Dilan/Projects/from-rtl-to-pixels/rtl/elastic_stage.sv /Users/Dilan/Projects/from-rtl-to-pixels/rtl/apb_regs.sv /Users/Dilan/Projects/from-rtl-to-pixels/rtl/pixel_control.sv /Users/Dilan/Projects/from-rtl-to-pixels/rtl/line_buffer.sv /Users/Dilan/Projects/from-rtl-to-pixels/rtl/window_3x3.sv /Users/Dilan/Projects/from-rtl-to-pixels/rtl/sobel_compact.sv /Users/Dilan/Projects/from-rtl-to-pixels/rtl/magnitude_clamp.sv /Users/Dilan/Projects/from-rtl-to-pixels/rtl/threshold_stage.sv /Users/Dilan/Projects/from-rtl-to-pixels/rtl/output_control.sv /Users/Dilan/Projects/from-rtl-to-pixels/rtl/rtl_to_pixels_top_pipelined.sv /Users/Dilan/Projects/from-rtl-to-pixels/.venv/lib/python3.14/site-packages/cocotb/share/lib/verilator/verilator.cpp
- V e r i l a t i o n   R e p o r t: Verilator 5.052 2026-09-05 rev vUNKNOWN-built20260905
- Verilator: Built from 0.389 MB sources in 13 modules, into 0.289 MB in 7 C++ files needing 0.000 MB
- Verilator: Walltime 0.038 s (elab=0.004, cvt=0.021, bld=0.000); cpu 0.036 s on 1 threads; allocated 14.203 MB
/Applications/Xcode.app/Contents/Developer/usr/bin/make -C /var/folders/78/xn7s20w54m75pf1x_198zh980000gn/T/tmp.e8tGRMamHC  -f Vtop.mk
c++  -I.  -MMD -I/opt/homebrew/Cellar/verilator/5.052/share/verilator/include -I/opt/homebrew/Cellar/verilator/5.052/share/verilator/include/vltstd -DVERILATOR=1 -DVM_COVERAGE=0 -DVM_SC=0 -DVM_TIMING=0 -DVM_TRACE=0 -DVM_TRACE_FST=0 -DVM_TRACE_VCD=0 -DVM_TRACE_SAIF=0 -DVM_VPI=1 -faligned-new -fbracket-depth=4096 -fcf-protection=none -Xclang -fno-pch-timestamp -Qunused-arguments -Wno-bool-operation -Wno-c++11-narrowing -Wno-constant-logical-operand -Wno-int-in-bool-context -Wno-non-pod-varargs -Wno-parentheses-equality -Wno-shadow -Wno-sign-compare -Wno-tautological-bitwise-compare -Wno-tautological-compare -Wno-uninitialized -Wno-unnecessary-virtual-specifier -Wno-unused-but-set-parameter -Wno-unused-but-set-variable -Wno-unused-parameter -Wno-unused-variable -Wno-vla-cxx-extension      -Os  -c -o verilator.o /Users/Dilan/Projects/from-rtl-to-pixels/.venv/lib/python3.14/site-packages/cocotb/share/lib/verilator/verilator.cpp
c++ -Os  -I.  -MMD -I/opt/homebrew/Cellar/verilator/5.052/share/verilator/include -I/opt/homebrew/Cellar/verilator/5.052/share/verilator/include/vltstd -DVERILATOR=1 -DVM_COVERAGE=0 -DVM_SC=0 -DVM_TIMING=0 -DVM_TRACE=0 -DVM_TRACE_FST=0 -DVM_TRACE_VCD=0 -DVM_TRACE_SAIF=0 -DVM_VPI=1 -faligned-new -fbracket-depth=4096 -fcf-protection=none -Xclang -fno-pch-timestamp -Qunused-arguments -Wno-bool-operation -Wno-c++11-narrowing -Wno-constant-logical-operand -Wno-int-in-bool-context -Wno-non-pod-varargs -Wno-parentheses-equality -Wno-shadow -Wno-sign-compare -Wno-tautological-bitwise-compare -Wno-tautological-compare -Wno-uninitialized -Wno-unnecessary-virtual-specifier -Wno-unused-but-set-parameter -Wno-unused-but-set-variable -Wno-unused-parameter -Wno-unused-variable -Wno-vla-cxx-extension      -c -o verilated.o /opt/homebrew/Cellar/verilator/5.052/share/verilator/include/verilated.cpp
c++ -Os  -I.  -MMD -I/opt/homebrew/Cellar/verilator/5.052/share/verilator/include -I/opt/homebrew/Cellar/verilator/5.052/share/verilator/include/vltstd -DVERILATOR=1 -DVM_COVERAGE=0 -DVM_SC=0 -DVM_TIMING=0 -DVM_TRACE=0 -DVM_TRACE_FST=0 -DVM_TRACE_VCD=0 -DVM_TRACE_SAIF=0 -DVM_VPI=1 -faligned-new -fbracket-depth=4096 -fcf-protection=none -Xclang -fno-pch-timestamp -Qunused-arguments -Wno-bool-operation -Wno-c++11-narrowing -Wno-constant-logical-operand -Wno-int-in-bool-context -Wno-non-pod-varargs -Wno-parentheses-equality -Wno-shadow -Wno-sign-compare -Wno-tautological-bitwise-compare -Wno-tautological-compare -Wno-uninitialized -Wno-unnecessary-virtual-specifier -Wno-unused-but-set-parameter -Wno-unused-but-set-variable -Wno-unused-parameter -Wno-unused-variable -Wno-vla-cxx-extension      -c -o verilated_dpi.o /opt/homebrew/Cellar/verilator/5.052/share/verilator/include/verilated_dpi.cpp
c++ -Os  -I.  -MMD -I/opt/homebrew/Cellar/verilator/5.052/share/verilator/include -I/opt/homebrew/Cellar/verilator/5.052/share/verilator/include/vltstd -DVERILATOR=1 -DVM_COVERAGE=0 -DVM_SC=0 -DVM_TIMING=0 -DVM_TRACE=0 -DVM_TRACE_FST=0 -DVM_TRACE_VCD=0 -DVM_TRACE_SAIF=0 -DVM_VPI=1 -faligned-new -fbracket-depth=4096 -fcf-protection=none -Xclang -fno-pch-timestamp -Qunused-arguments -Wno-bool-operation -Wno-c++11-narrowing -Wno-constant-logical-operand -Wno-int-in-bool-context -Wno-non-pod-varargs -Wno-parentheses-equality -Wno-shadow -Wno-sign-compare -Wno-tautological-bitwise-compare -Wno-tautological-compare -Wno-uninitialized -Wno-unnecessary-virtual-specifier -Wno-unused-but-set-parameter -Wno-unused-but-set-variable -Wno-unused-parameter -Wno-unused-variable -Wno-vla-cxx-extension      -c -o verilated_vpi.o /opt/homebrew/Cellar/verilator/5.052/share/verilator/include/verilated_vpi.cpp
c++ -Os  -I.  -MMD -I/opt/homebrew/Cellar/verilator/5.052/share/verilator/include -I/opt/homebrew/Cellar/verilator/5.052/share/verilator/include/vltstd -DVERILATOR=1 -DVM_COVERAGE=0 -DVM_SC=0 -DVM_TIMING=0 -DVM_TRACE=0 -DVM_TRACE_FST=0 -DVM_TRACE_VCD=0 -DVM_TRACE_SAIF=0 -DVM_VPI=1 -faligned-new -fbracket-depth=4096 -fcf-protection=none -Xclang -fno-pch-timestamp -Qunused-arguments -Wno-bool-operation -Wno-c++11-narrowing -Wno-constant-logical-operand -Wno-int-in-bool-context -Wno-non-pod-varargs -Wno-parentheses-equality -Wno-shadow -Wno-sign-compare -Wno-tautological-bitwise-compare -Wno-tautological-compare -Wno-uninitialized -Wno-unnecessary-virtual-specifier -Wno-unused-but-set-parameter -Wno-unused-but-set-variable -Wno-unused-parameter -Wno-unused-variable -Wno-vla-cxx-extension      -c -o verilated_threads.o /opt/homebrew/Cellar/verilator/5.052/share/verilator/include/verilated_threads.cpp
python3 /opt/homebrew/Cellar/verilator/5.052/share/verilator/bin/verilator_includer -DVL_INCLUDE_OPT=include Vtop.cpp Vtop___024root__0.cpp Vtop__Dpi.cpp Vtop__ConstPool__0__Slow.cpp Vtop___024root__Slow.cpp Vtop___024root__0__Slow.cpp Vtop__Syms__Slow.cpp > Vtop__ALL.cpp
c++ -Os  -I.  -MMD -I/opt/homebrew/Cellar/verilator/5.052/share/verilator/include -I/opt/homebrew/Cellar/verilator/5.052/share/verilator/include/vltstd -DVERILATOR=1 -DVM_COVERAGE=0 -DVM_SC=0 -DVM_TIMING=0 -DVM_TRACE=0 -DVM_TRACE_FST=0 -DVM_TRACE_VCD=0 -DVM_TRACE_SAIF=0 -DVM_VPI=1 -faligned-new -fbracket-depth=4096 -fcf-protection=none -Xclang -fno-pch-timestamp -Qunused-arguments -Wno-bool-operation -Wno-c++11-narrowing -Wno-constant-logical-operand -Wno-int-in-bool-context -Wno-non-pod-varargs -Wno-parentheses-equality -Wno-shadow -Wno-sign-compare -Wno-tautological-bitwise-compare -Wno-tautological-compare -Wno-uninitialized -Wno-unnecessary-virtual-specifier -Wno-unused-but-set-parameter -Wno-unused-but-set-variable -Wno-unused-parameter -Wno-unused-variable -Wno-vla-cxx-extension      -c -o Vtop__ALL.o Vtop__ALL.cpp
c++  -Wl,-U,__Z15vl_time_stamp64v,-U,__Z13sc_time_stampv,-U,_vlog_startup_routines   -rdynamic verilator.o verilated.o verilated_dpi.o verilated_vpi.o verilated_threads.o Vtop__ALL.a   -Wl,-rpath,/Users/Dilan/Projects/from-rtl-to-pixels/.venv/lib/python3.14/site-packages/cocotb/libs -L/Users/Dilan/Projects/from-rtl-to-pixels/.venv/lib/python3.14/site-packages/cocotb/libs -lcocotbvpi_verilator  -pthread -lpthread -ldl   -o Vtop
rm Vtop__ALL.verilator_deplist.tmp
rm -f /var/folders/78/xn7s20w54m75pf1x_198zh980000gn/T/tmp.e8tGRMamHC/results.xml
COCOTB_TEST_MODULES=test_rtl_to_pixels_top_dimension_image COCOTB_TESTCASE=  COCOTB_TOPLEVEL=rtl_to_pixels_top_pipelined TOPLEVEL_LANG=verilog       \
         /var/folders/78/xn7s20w54m75pf1x_198zh980000gn/T/tmp.e8tGRMamHC/Vtop
     -.--ns INFO     gpi                                ../gpi/GpiCommon.cpp:242  in gpi_load_users                  Loaded entry library: '/Library/Frameworks/Python.framework/Versions/3.14/Python'
     -.--ns INFO     gpi                                ../gpi/GpiCommon.cpp:234  in gpi_load_users                  Running entry func 'initialize' from loaded library '/Users/Dilan/Projects/from-rtl-to-pixels/.venv/lib/python3.14/site-packages/cocotb/simulator.cpython-314-darwin.so'
     -.--ns INFO     pygpi                              ..ib/pygpi/embed.cpp:115  in initialize                      Using Python 3.14.6 interpreter at /Users/Dilan/Projects/from-rtl-to-pixels/.venv/bin/python
     -.--ns INFO     gpi                                ../gpi/GpiCommon.cpp:74   in gpi_print_registered_impl       GPI: VPI support registered
     0.00ns INFO     cocotb.initialize                  Seeding Python random module with 1790117063
     0.00ns INFO     cocotb.initialize                  Initialized cocotb v2.1.0 from /Users/Dilan/Projects/from-rtl-to-pixels/.venv/lib/python3.14/site-packages/cocotb
     0.00ns INFO     cocotb.initialize                  Running on Verilator version 5.052 2026-09-05
     0.00ns INFO     cocotb.regression                  Running tests
     0.00ns INFO     cocotb.regression                  running test_rtl_to_pixels_top_dimension_image.dimension_and_image_regression (1/1)
dimension image frame: label=random-0 width=5 height=5 threshold=17 bypass=0 accepted_input=25 accepted_output=25 mismatch_count=0 cycles=33 input_sha256=5793d2d7fc59fa82780c3d0c8c38de00267ebe70121a8bdcf748b874f8690c74
dimension image frame: label=random-1 width=5 height=5 threshold=128 bypass=1 accepted_input=25 accepted_output=25 mismatch_count=0 cycles=33 input_sha256=a9c057636f0135b5a675eb7b250f2f4a6473c83a01035b40c4eeec6f9da4e79b
dimension image frame: label=random-2 width=5 height=5 threshold=223 bypass=0 accepted_input=25 accepted_output=25 mismatch_count=0 cycles=33 input_sha256=cec6f0b505241926ee98c885bd33539cd2253055b1da221e73ae173a063dade4
dimension random summary: width=5 height=5 frames=3 final_frame_count=3
  1261.00ns INFO     cocotb.regression                  test_rtl_to_pixels_top_dimension_image.dimension_and_image_regression passed
  1261.00ns INFO     cocotb.regression                  *******************************************************************************************************************************
                                                        ** TEST                                                                   STATUS  SIM TIME (ns)  REAL TIME (s)  RATIO (ns/s) **
                                                        *******************************************************************************************************************************
                                                        ** test_rtl_to_pixels_top_dimension_image.dimension_and_image_regression   PASS        1261.00           0.02      51984.82  **
                                                        *******************************************************************************************************************************
                                                        ** TESTS=1 PASS=1 FAIL=0 SKIP=0                                                        1261.00           0.02      50538.38  **
                                                        *******************************************************************************************************************************
- :0: Verilog $finish

=== RANDOM_DIMENSION_B 3x7 ===
rm -f /var/folders/78/xn7s20w54m75pf1x_198zh980000gn/T/tmp.ZGC6w9cj1U/results.xml
/opt/homebrew/bin/verilator -cc --exe -Mdir /var/folders/78/xn7s20w54m75pf1x_198zh980000gn/T/tmp.ZGC6w9cj1U --top-module rtl_to_pixels_top_pipelined -GIMG_WIDTH=3 -GIMG_HEIGHT=7 --timescale 1ns/1ps --vpi --public-flat-rw --prefix Vtop -o Vtop -LDFLAGS "-Wl,-rpath,/Users/Dilan/Projects/from-rtl-to-pixels/.venv/lib/python3.14/site-packages/cocotb/libs -L/Users/Dilan/Projects/from-rtl-to-pixels/.venv/lib/python3.14/site-packages/cocotb/libs -lcocotbvpi_verilator"  /Users/Dilan/Projects/from-rtl-to-pixels/rtl/pixel_pkg.sv /Users/Dilan/Projects/from-rtl-to-pixels/rtl/rgb_to_gray.sv /Users/Dilan/Projects/from-rtl-to-pixels/rtl/elastic_stage.sv /Users/Dilan/Projects/from-rtl-to-pixels/rtl/apb_regs.sv /Users/Dilan/Projects/from-rtl-to-pixels/rtl/pixel_control.sv /Users/Dilan/Projects/from-rtl-to-pixels/rtl/line_buffer.sv /Users/Dilan/Projects/from-rtl-to-pixels/rtl/window_3x3.sv /Users/Dilan/Projects/from-rtl-to-pixels/rtl/sobel_compact.sv /Users/Dilan/Projects/from-rtl-to-pixels/rtl/magnitude_clamp.sv /Users/Dilan/Projects/from-rtl-to-pixels/rtl/threshold_stage.sv /Users/Dilan/Projects/from-rtl-to-pixels/rtl/output_control.sv /Users/Dilan/Projects/from-rtl-to-pixels/rtl/rtl_to_pixels_top_pipelined.sv /Users/Dilan/Projects/from-rtl-to-pixels/.venv/lib/python3.14/site-packages/cocotb/share/lib/verilator/verilator.cpp
- V e r i l a t i o n   R e p o r t: Verilator 5.052 2026-09-05 rev vUNKNOWN-built20260905
- Verilator: Built from 0.389 MB sources in 13 modules, into 0.289 MB in 7 C++ files needing 0.000 MB
- Verilator: Walltime 0.059 s (elab=0.010, cvt=0.030, bld=0.000); cpu 0.040 s on 1 threads; allocated 14.172 MB
/Applications/Xcode.app/Contents/Developer/usr/bin/make -C /var/folders/78/xn7s20w54m75pf1x_198zh980000gn/T/tmp.ZGC6w9cj1U  -f Vtop.mk
c++  -I.  -MMD -I/opt/homebrew/Cellar/verilator/5.052/share/verilator/include -I/opt/homebrew/Cellar/verilator/5.052/share/verilator/include/vltstd -DVERILATOR=1 -DVM_COVERAGE=0 -DVM_SC=0 -DVM_TIMING=0 -DVM_TRACE=0 -DVM_TRACE_FST=0 -DVM_TRACE_VCD=0 -DVM_TRACE_SAIF=0 -DVM_VPI=1 -faligned-new -fbracket-depth=4096 -fcf-protection=none -Xclang -fno-pch-timestamp -Qunused-arguments -Wno-bool-operation -Wno-c++11-narrowing -Wno-constant-logical-operand -Wno-int-in-bool-context -Wno-non-pod-varargs -Wno-parentheses-equality -Wno-shadow -Wno-sign-compare -Wno-tautological-bitwise-compare -Wno-tautological-compare -Wno-uninitialized -Wno-unnecessary-virtual-specifier -Wno-unused-but-set-parameter -Wno-unused-but-set-variable -Wno-unused-parameter -Wno-unused-variable -Wno-vla-cxx-extension      -Os  -c -o verilator.o /Users/Dilan/Projects/from-rtl-to-pixels/.venv/lib/python3.14/site-packages/cocotb/share/lib/verilator/verilator.cpp
c++ -Os  -I.  -MMD -I/opt/homebrew/Cellar/verilator/5.052/share/verilator/include -I/opt/homebrew/Cellar/verilator/5.052/share/verilator/include/vltstd -DVERILATOR=1 -DVM_COVERAGE=0 -DVM_SC=0 -DVM_TIMING=0 -DVM_TRACE=0 -DVM_TRACE_FST=0 -DVM_TRACE_VCD=0 -DVM_TRACE_SAIF=0 -DVM_VPI=1 -faligned-new -fbracket-depth=4096 -fcf-protection=none -Xclang -fno-pch-timestamp -Qunused-arguments -Wno-bool-operation -Wno-c++11-narrowing -Wno-constant-logical-operand -Wno-int-in-bool-context -Wno-non-pod-varargs -Wno-parentheses-equality -Wno-shadow -Wno-sign-compare -Wno-tautological-bitwise-compare -Wno-tautological-compare -Wno-uninitialized -Wno-unnecessary-virtual-specifier -Wno-unused-but-set-parameter -Wno-unused-but-set-variable -Wno-unused-parameter -Wno-unused-variable -Wno-vla-cxx-extension      -c -o verilated.o /opt/homebrew/Cellar/verilator/5.052/share/verilator/include/verilated.cpp
c++ -Os  -I.  -MMD -I/opt/homebrew/Cellar/verilator/5.052/share/verilator/include -I/opt/homebrew/Cellar/verilator/5.052/share/verilator/include/vltstd -DVERILATOR=1 -DVM_COVERAGE=0 -DVM_SC=0 -DVM_TIMING=0 -DVM_TRACE=0 -DVM_TRACE_FST=0 -DVM_TRACE_VCD=0 -DVM_TRACE_SAIF=0 -DVM_VPI=1 -faligned-new -fbracket-depth=4096 -fcf-protection=none -Xclang -fno-pch-timestamp -Qunused-arguments -Wno-bool-operation -Wno-c++11-narrowing -Wno-constant-logical-operand -Wno-int-in-bool-context -Wno-non-pod-varargs -Wno-parentheses-equality -Wno-shadow -Wno-sign-compare -Wno-tautological-bitwise-compare -Wno-tautological-compare -Wno-uninitialized -Wno-unnecessary-virtual-specifier -Wno-unused-but-set-parameter -Wno-unused-but-set-variable -Wno-unused-parameter -Wno-unused-variable -Wno-vla-cxx-extension      -c -o verilated_dpi.o /opt/homebrew/Cellar/verilator/5.052/share/verilator/include/verilated_dpi.cpp
c++ -Os  -I.  -MMD -I/opt/homebrew/Cellar/verilator/5.052/share/verilator/include -I/opt/homebrew/Cellar/verilator/5.052/share/verilator/include/vltstd -DVERILATOR=1 -DVM_COVERAGE=0 -DVM_SC=0 -DVM_TIMING=0 -DVM_TRACE=0 -DVM_TRACE_FST=0 -DVM_TRACE_VCD=0 -DVM_TRACE_SAIF=0 -DVM_VPI=1 -faligned-new -fbracket-depth=4096 -fcf-protection=none -Xclang -fno-pch-timestamp -Qunused-arguments -Wno-bool-operation -Wno-c++11-narrowing -Wno-constant-logical-operand -Wno-int-in-bool-context -Wno-non-pod-varargs -Wno-parentheses-equality -Wno-shadow -Wno-sign-compare -Wno-tautological-bitwise-compare -Wno-tautological-compare -Wno-uninitialized -Wno-unnecessary-virtual-specifier -Wno-unused-but-set-parameter -Wno-unused-but-set-variable -Wno-unused-parameter -Wno-unused-variable -Wno-vla-cxx-extension      -c -o verilated_vpi.o /opt/homebrew/Cellar/verilator/5.052/share/verilator/include/verilated_vpi.cpp
c++ -Os  -I.  -MMD -I/opt/homebrew/Cellar/verilator/5.052/share/verilator/include -I/opt/homebrew/Cellar/verilator/5.052/share/verilator/include/vltstd -DVERILATOR=1 -DVM_COVERAGE=0 -DVM_SC=0 -DVM_TIMING=0 -DVM_TRACE=0 -DVM_TRACE_FST=0 -DVM_TRACE_VCD=0 -DVM_TRACE_SAIF=0 -DVM_VPI=1 -faligned-new -fbracket-depth=4096 -fcf-protection=none -Xclang -fno-pch-timestamp -Qunused-arguments -Wno-bool-operation -Wno-c++11-narrowing -Wno-constant-logical-operand -Wno-int-in-bool-context -Wno-non-pod-varargs -Wno-parentheses-equality -Wno-shadow -Wno-sign-compare -Wno-tautological-bitwise-compare -Wno-tautological-compare -Wno-uninitialized -Wno-unnecessary-virtual-specifier -Wno-unused-but-set-parameter -Wno-unused-but-set-variable -Wno-unused-parameter -Wno-unused-variable -Wno-vla-cxx-extension      -c -o verilated_threads.o /opt/homebrew/Cellar/verilator/5.052/share/verilator/include/verilated_threads.cpp
python3 /opt/homebrew/Cellar/verilator/5.052/share/verilator/bin/verilator_includer -DVL_INCLUDE_OPT=include Vtop.cpp Vtop___024root__0.cpp Vtop__Dpi.cpp Vtop__ConstPool__0__Slow.cpp Vtop___024root__Slow.cpp Vtop___024root__0__Slow.cpp Vtop__Syms__Slow.cpp > Vtop__ALL.cpp
c++ -Os  -I.  -MMD -I/opt/homebrew/Cellar/verilator/5.052/share/verilator/include -I/opt/homebrew/Cellar/verilator/5.052/share/verilator/include/vltstd -DVERILATOR=1 -DVM_COVERAGE=0 -DVM_SC=0 -DVM_TIMING=0 -DVM_TRACE=0 -DVM_TRACE_FST=0 -DVM_TRACE_VCD=0 -DVM_TRACE_SAIF=0 -DVM_VPI=1 -faligned-new -fbracket-depth=4096 -fcf-protection=none -Xclang -fno-pch-timestamp -Qunused-arguments -Wno-bool-operation -Wno-c++11-narrowing -Wno-constant-logical-operand -Wno-int-in-bool-context -Wno-non-pod-varargs -Wno-parentheses-equality -Wno-shadow -Wno-sign-compare -Wno-tautological-bitwise-compare -Wno-tautological-compare -Wno-uninitialized -Wno-unnecessary-virtual-specifier -Wno-unused-but-set-parameter -Wno-unused-but-set-variable -Wno-unused-parameter -Wno-unused-variable -Wno-vla-cxx-extension      -c -o Vtop__ALL.o Vtop__ALL.cpp
c++  -Wl,-U,__Z15vl_time_stamp64v,-U,__Z13sc_time_stampv,-U,_vlog_startup_routines   -rdynamic verilator.o verilated.o verilated_dpi.o verilated_vpi.o verilated_threads.o Vtop__ALL.a   -Wl,-rpath,/Users/Dilan/Projects/from-rtl-to-pixels/.venv/lib/python3.14/site-packages/cocotb/libs -L/Users/Dilan/Projects/from-rtl-to-pixels/.venv/lib/python3.14/site-packages/cocotb/libs -lcocotbvpi_verilator  -pthread -lpthread -ldl   -o Vtop
rm Vtop__ALL.verilator_deplist.tmp
rm -f /var/folders/78/xn7s20w54m75pf1x_198zh980000gn/T/tmp.ZGC6w9cj1U/results.xml
COCOTB_TEST_MODULES=test_rtl_to_pixels_top_dimension_image COCOTB_TESTCASE=  COCOTB_TOPLEVEL=rtl_to_pixels_top_pipelined TOPLEVEL_LANG=verilog       \
         /var/folders/78/xn7s20w54m75pf1x_198zh980000gn/T/tmp.ZGC6w9cj1U/Vtop
     -.--ns INFO     gpi                                ../gpi/GpiCommon.cpp:242  in gpi_load_users                  Loaded entry library: '/Library/Frameworks/Python.framework/Versions/3.14/Python'
     -.--ns INFO     gpi                                ../gpi/GpiCommon.cpp:234  in gpi_load_users                  Running entry func 'initialize' from loaded library '/Users/Dilan/Projects/from-rtl-to-pixels/.venv/lib/python3.14/site-packages/cocotb/simulator.cpython-314-darwin.so'
     -.--ns INFO     pygpi                              ..ib/pygpi/embed.cpp:115  in initialize                      Using Python 3.14.6 interpreter at /Users/Dilan/Projects/from-rtl-to-pixels/.venv/bin/python
     -.--ns INFO     gpi                                ../gpi/GpiCommon.cpp:74   in gpi_print_registered_impl       GPI: VPI support registered
     0.00ns INFO     cocotb.initialize                  Seeding Python random module with 1790117071
     0.00ns INFO     cocotb.initialize                  Initialized cocotb v2.1.0 from /Users/Dilan/Projects/from-rtl-to-pixels/.venv/lib/python3.14/site-packages/cocotb
     0.00ns INFO     cocotb.initialize                  Running on Verilator version 5.052 2026-09-05
     0.00ns INFO     cocotb.regression                  Running tests
     0.00ns INFO     cocotb.regression                  running test_rtl_to_pixels_top_dimension_image.dimension_and_image_regression (1/1)
dimension image frame: label=random-0 width=3 height=7 threshold=17 bypass=0 accepted_input=21 accepted_output=21 mismatch_count=0 cycles=27 input_sha256=bfdf2e8467abdb467882d2ea57c67e20597054c87e21eebd3e0a20fc5ce0bebc
dimension image frame: label=random-1 width=3 height=7 threshold=128 bypass=1 accepted_input=21 accepted_output=21 mismatch_count=0 cycles=27 input_sha256=d38e0e4b42671e9f96765b64d7d575a2d43de6f6edcce7e77b27310fa82207e5
dimension image frame: label=random-2 width=3 height=7 threshold=223 bypass=0 accepted_input=21 accepted_output=21 mismatch_count=0 cycles=27 input_sha256=452e63876431aea0441bf50fffbdc1f4aabe901c85f8e4e15e0d2ed982468c3a
dimension random summary: width=3 height=7 frames=3 final_frame_count=3
  1081.00ns INFO     cocotb.regression                  test_rtl_to_pixels_top_dimension_image.dimension_and_image_regression passed
  1081.00ns INFO     cocotb.regression                  *******************************************************************************************************************************
                                                        ** TEST                                                                   STATUS  SIM TIME (ns)  REAL TIME (s)  RATIO (ns/s) **
                                                        *******************************************************************************************************************************
                                                        ** test_rtl_to_pixels_top_dimension_image.dimension_and_image_regression   PASS        1081.00           0.02      44767.54  **
                                                        *******************************************************************************************************************************
                                                        ** TESTS=1 PASS=1 FAIL=0 SKIP=0                                                        1081.00           0.02      43356.85  **
                                                        *******************************************************************************************************************************
- :0: Verilog $finish

=== RANDOM_DIMENSION_B 7x3 ===
rm -f /var/folders/78/xn7s20w54m75pf1x_198zh980000gn/T/tmp.4yL9pihDWq/results.xml
/opt/homebrew/bin/verilator -cc --exe -Mdir /var/folders/78/xn7s20w54m75pf1x_198zh980000gn/T/tmp.4yL9pihDWq --top-module rtl_to_pixels_top_pipelined -GIMG_WIDTH=7 -GIMG_HEIGHT=3 --timescale 1ns/1ps --vpi --public-flat-rw --prefix Vtop -o Vtop -LDFLAGS "-Wl,-rpath,/Users/Dilan/Projects/from-rtl-to-pixels/.venv/lib/python3.14/site-packages/cocotb/libs -L/Users/Dilan/Projects/from-rtl-to-pixels/.venv/lib/python3.14/site-packages/cocotb/libs -lcocotbvpi_verilator"  /Users/Dilan/Projects/from-rtl-to-pixels/rtl/pixel_pkg.sv /Users/Dilan/Projects/from-rtl-to-pixels/rtl/rgb_to_gray.sv /Users/Dilan/Projects/from-rtl-to-pixels/rtl/elastic_stage.sv /Users/Dilan/Projects/from-rtl-to-pixels/rtl/apb_regs.sv /Users/Dilan/Projects/from-rtl-to-pixels/rtl/pixel_control.sv /Users/Dilan/Projects/from-rtl-to-pixels/rtl/line_buffer.sv /Users/Dilan/Projects/from-rtl-to-pixels/rtl/window_3x3.sv /Users/Dilan/Projects/from-rtl-to-pixels/rtl/sobel_compact.sv /Users/Dilan/Projects/from-rtl-to-pixels/rtl/magnitude_clamp.sv /Users/Dilan/Projects/from-rtl-to-pixels/rtl/threshold_stage.sv /Users/Dilan/Projects/from-rtl-to-pixels/rtl/output_control.sv /Users/Dilan/Projects/from-rtl-to-pixels/rtl/rtl_to_pixels_top_pipelined.sv /Users/Dilan/Projects/from-rtl-to-pixels/.venv/lib/python3.14/site-packages/cocotb/share/lib/verilator/verilator.cpp
- V e r i l a t i o n   R e p o r t: Verilator 5.052 2026-09-05 rev vUNKNOWN-built20260905
- Verilator: Built from 0.389 MB sources in 13 modules, into 0.289 MB in 7 C++ files needing 0.000 MB
- Verilator: Walltime 0.036 s (elab=0.004, cvt=0.020, bld=0.000); cpu 0.034 s on 1 threads; allocated 14.188 MB
/Applications/Xcode.app/Contents/Developer/usr/bin/make -C /var/folders/78/xn7s20w54m75pf1x_198zh980000gn/T/tmp.4yL9pihDWq  -f Vtop.mk
c++  -I.  -MMD -I/opt/homebrew/Cellar/verilator/5.052/share/verilator/include -I/opt/homebrew/Cellar/verilator/5.052/share/verilator/include/vltstd -DVERILATOR=1 -DVM_COVERAGE=0 -DVM_SC=0 -DVM_TIMING=0 -DVM_TRACE=0 -DVM_TRACE_FST=0 -DVM_TRACE_VCD=0 -DVM_TRACE_SAIF=0 -DVM_VPI=1 -faligned-new -fbracket-depth=4096 -fcf-protection=none -Xclang -fno-pch-timestamp -Qunused-arguments -Wno-bool-operation -Wno-c++11-narrowing -Wno-constant-logical-operand -Wno-int-in-bool-context -Wno-non-pod-varargs -Wno-parentheses-equality -Wno-shadow -Wno-sign-compare -Wno-tautological-bitwise-compare -Wno-tautological-compare -Wno-uninitialized -Wno-unnecessary-virtual-specifier -Wno-unused-but-set-parameter -Wno-unused-but-set-variable -Wno-unused-parameter -Wno-unused-variable -Wno-vla-cxx-extension      -Os  -c -o verilator.o /Users/Dilan/Projects/from-rtl-to-pixels/.venv/lib/python3.14/site-packages/cocotb/share/lib/verilator/verilator.cpp
c++ -Os  -I.  -MMD -I/opt/homebrew/Cellar/verilator/5.052/share/verilator/include -I/opt/homebrew/Cellar/verilator/5.052/share/verilator/include/vltstd -DVERILATOR=1 -DVM_COVERAGE=0 -DVM_SC=0 -DVM_TIMING=0 -DVM_TRACE=0 -DVM_TRACE_FST=0 -DVM_TRACE_VCD=0 -DVM_TRACE_SAIF=0 -DVM_VPI=1 -faligned-new -fbracket-depth=4096 -fcf-protection=none -Xclang -fno-pch-timestamp -Qunused-arguments -Wno-bool-operation -Wno-c++11-narrowing -Wno-constant-logical-operand -Wno-int-in-bool-context -Wno-non-pod-varargs -Wno-parentheses-equality -Wno-shadow -Wno-sign-compare -Wno-tautological-bitwise-compare -Wno-tautological-compare -Wno-uninitialized -Wno-unnecessary-virtual-specifier -Wno-unused-but-set-parameter -Wno-unused-but-set-variable -Wno-unused-parameter -Wno-unused-variable -Wno-vla-cxx-extension      -c -o verilated.o /opt/homebrew/Cellar/verilator/5.052/share/verilator/include/verilated.cpp
c++ -Os  -I.  -MMD -I/opt/homebrew/Cellar/verilator/5.052/share/verilator/include -I/opt/homebrew/Cellar/verilator/5.052/share/verilator/include/vltstd -DVERILATOR=1 -DVM_COVERAGE=0 -DVM_SC=0 -DVM_TIMING=0 -DVM_TRACE=0 -DVM_TRACE_FST=0 -DVM_TRACE_VCD=0 -DVM_TRACE_SAIF=0 -DVM_VPI=1 -faligned-new -fbracket-depth=4096 -fcf-protection=none -Xclang -fno-pch-timestamp -Qunused-arguments -Wno-bool-operation -Wno-c++11-narrowing -Wno-constant-logical-operand -Wno-int-in-bool-context -Wno-non-pod-varargs -Wno-parentheses-equality -Wno-shadow -Wno-sign-compare -Wno-tautological-bitwise-compare -Wno-tautological-compare -Wno-uninitialized -Wno-unnecessary-virtual-specifier -Wno-unused-but-set-parameter -Wno-unused-but-set-variable -Wno-unused-parameter -Wno-unused-variable -Wno-vla-cxx-extension      -c -o verilated_dpi.o /opt/homebrew/Cellar/verilator/5.052/share/verilator/include/verilated_dpi.cpp
c++ -Os  -I.  -MMD -I/opt/homebrew/Cellar/verilator/5.052/share/verilator/include -I/opt/homebrew/Cellar/verilator/5.052/share/verilator/include/vltstd -DVERILATOR=1 -DVM_COVERAGE=0 -DVM_SC=0 -DVM_TIMING=0 -DVM_TRACE=0 -DVM_TRACE_FST=0 -DVM_TRACE_VCD=0 -DVM_TRACE_SAIF=0 -DVM_VPI=1 -faligned-new -fbracket-depth=4096 -fcf-protection=none -Xclang -fno-pch-timestamp -Qunused-arguments -Wno-bool-operation -Wno-c++11-narrowing -Wno-constant-logical-operand -Wno-int-in-bool-context -Wno-non-pod-varargs -Wno-parentheses-equality -Wno-shadow -Wno-sign-compare -Wno-tautological-bitwise-compare -Wno-tautological-compare -Wno-uninitialized -Wno-unnecessary-virtual-specifier -Wno-unused-but-set-parameter -Wno-unused-but-set-variable -Wno-unused-parameter -Wno-unused-variable -Wno-vla-cxx-extension      -c -o verilated_vpi.o /opt/homebrew/Cellar/verilator/5.052/share/verilator/include/verilated_vpi.cpp
c++ -Os  -I.  -MMD -I/opt/homebrew/Cellar/verilator/5.052/share/verilator/include -I/opt/homebrew/Cellar/verilator/5.052/share/verilator/include/vltstd -DVERILATOR=1 -DVM_COVERAGE=0 -DVM_SC=0 -DVM_TIMING=0 -DVM_TRACE=0 -DVM_TRACE_FST=0 -DVM_TRACE_VCD=0 -DVM_TRACE_SAIF=0 -DVM_VPI=1 -faligned-new -fbracket-depth=4096 -fcf-protection=none -Xclang -fno-pch-timestamp -Qunused-arguments -Wno-bool-operation -Wno-c++11-narrowing -Wno-constant-logical-operand -Wno-int-in-bool-context -Wno-non-pod-varargs -Wno-parentheses-equality -Wno-shadow -Wno-sign-compare -Wno-tautological-bitwise-compare -Wno-tautological-compare -Wno-uninitialized -Wno-unnecessary-virtual-specifier -Wno-unused-but-set-parameter -Wno-unused-but-set-variable -Wno-unused-parameter -Wno-unused-variable -Wno-vla-cxx-extension      -c -o verilated_threads.o /opt/homebrew/Cellar/verilator/5.052/share/verilator/include/verilated_threads.cpp
python3 /opt/homebrew/Cellar/verilator/5.052/share/verilator/bin/verilator_includer -DVL_INCLUDE_OPT=include Vtop.cpp Vtop___024root__0.cpp Vtop__Dpi.cpp Vtop__ConstPool__0__Slow.cpp Vtop___024root__Slow.cpp Vtop___024root__0__Slow.cpp Vtop__Syms__Slow.cpp > Vtop__ALL.cpp
c++ -Os  -I.  -MMD -I/opt/homebrew/Cellar/verilator/5.052/share/verilator/include -I/opt/homebrew/Cellar/verilator/5.052/share/verilator/include/vltstd -DVERILATOR=1 -DVM_COVERAGE=0 -DVM_SC=0 -DVM_TIMING=0 -DVM_TRACE=0 -DVM_TRACE_FST=0 -DVM_TRACE_VCD=0 -DVM_TRACE_SAIF=0 -DVM_VPI=1 -faligned-new -fbracket-depth=4096 -fcf-protection=none -Xclang -fno-pch-timestamp -Qunused-arguments -Wno-bool-operation -Wno-c++11-narrowing -Wno-constant-logical-operand -Wno-int-in-bool-context -Wno-non-pod-varargs -Wno-parentheses-equality -Wno-shadow -Wno-sign-compare -Wno-tautological-bitwise-compare -Wno-tautological-compare -Wno-uninitialized -Wno-unnecessary-virtual-specifier -Wno-unused-but-set-parameter -Wno-unused-but-set-variable -Wno-unused-parameter -Wno-unused-variable -Wno-vla-cxx-extension      -c -o Vtop__ALL.o Vtop__ALL.cpp
c++  -Wl,-U,__Z15vl_time_stamp64v,-U,__Z13sc_time_stampv,-U,_vlog_startup_routines   -rdynamic verilator.o verilated.o verilated_dpi.o verilated_vpi.o verilated_threads.o Vtop__ALL.a   -Wl,-rpath,/Users/Dilan/Projects/from-rtl-to-pixels/.venv/lib/python3.14/site-packages/cocotb/libs -L/Users/Dilan/Projects/from-rtl-to-pixels/.venv/lib/python3.14/site-packages/cocotb/libs -lcocotbvpi_verilator  -pthread -lpthread -ldl   -o Vtop
rm Vtop__ALL.verilator_deplist.tmp
rm -f /var/folders/78/xn7s20w54m75pf1x_198zh980000gn/T/tmp.4yL9pihDWq/results.xml
COCOTB_TEST_MODULES=test_rtl_to_pixels_top_dimension_image COCOTB_TESTCASE=  COCOTB_TOPLEVEL=rtl_to_pixels_top_pipelined TOPLEVEL_LANG=verilog       \
         /var/folders/78/xn7s20w54m75pf1x_198zh980000gn/T/tmp.4yL9pihDWq/Vtop
     -.--ns INFO     gpi                                ../gpi/GpiCommon.cpp:242  in gpi_load_users                  Loaded entry library: '/Library/Frameworks/Python.framework/Versions/3.14/Python'
     -.--ns INFO     gpi                                ../gpi/GpiCommon.cpp:234  in gpi_load_users                  Running entry func 'initialize' from loaded library '/Users/Dilan/Projects/from-rtl-to-pixels/.venv/lib/python3.14/site-packages/cocotb/simulator.cpython-314-darwin.so'
     -.--ns INFO     pygpi                              ..ib/pygpi/embed.cpp:115  in initialize                      Using Python 3.14.6 interpreter at /Users/Dilan/Projects/from-rtl-to-pixels/.venv/bin/python
     -.--ns INFO     gpi                                ../gpi/GpiCommon.cpp:74   in gpi_print_registered_impl       GPI: VPI support registered
     0.00ns INFO     cocotb.initialize                  Seeding Python random module with 1790117080
     0.00ns INFO     cocotb.initialize                  Initialized cocotb v2.1.0 from /Users/Dilan/Projects/from-rtl-to-pixels/.venv/lib/python3.14/site-packages/cocotb
     0.00ns INFO     cocotb.initialize                  Running on Verilator version 5.052 2026-09-05
     0.00ns INFO     cocotb.regression                  Running tests
     0.00ns INFO     cocotb.regression                  running test_rtl_to_pixels_top_dimension_image.dimension_and_image_regression (1/1)
dimension image frame: label=random-0 width=7 height=3 threshold=17 bypass=0 accepted_input=21 accepted_output=21 mismatch_count=0 cycles=31 input_sha256=70b617677e1dbc7c233ba4bdcacc302173720143448ab73860a23bb17cf9870c
dimension image frame: label=random-1 width=7 height=3 threshold=128 bypass=1 accepted_input=21 accepted_output=21 mismatch_count=0 cycles=31 input_sha256=d00091f5d2c48c23dfe62f58b982f4580b4d1200651cb46b2fbfc00f61384774
dimension image frame: label=random-2 width=7 height=3 threshold=223 bypass=0 accepted_input=21 accepted_output=21 mismatch_count=0 cycles=31 input_sha256=1bae3f21fd12762f2def432af685feb9c14b7e442b30e59c5aa0bf5db18ae38f
dimension random summary: width=7 height=3 frames=3 final_frame_count=3
  1201.00ns INFO     cocotb.regression                  test_rtl_to_pixels_top_dimension_image.dimension_and_image_regression passed
  1201.00ns INFO     cocotb.regression                  *******************************************************************************************************************************
                                                        ** TEST                                                                   STATUS  SIM TIME (ns)  REAL TIME (s)  RATIO (ns/s) **
                                                        *******************************************************************************************************************************
                                                        ** test_rtl_to_pixels_top_dimension_image.dimension_and_image_regression   PASS        1201.00           0.03      43819.19  **
                                                        *******************************************************************************************************************************
                                                        ** TESTS=1 PASS=1 FAIL=0 SKIP=0                                                        1201.00           0.03      42682.24  **
                                                        *******************************************************************************************************************************
- :0: Verilog $finish

=== RANDOM_DIMENSION_B 16x9 ===
rm -f /var/folders/78/xn7s20w54m75pf1x_198zh980000gn/T/tmp.uMDoR11QVD/results.xml
/opt/homebrew/bin/verilator -cc --exe -Mdir /var/folders/78/xn7s20w54m75pf1x_198zh980000gn/T/tmp.uMDoR11QVD --top-module rtl_to_pixels_top_pipelined -GIMG_WIDTH=16 -GIMG_HEIGHT=9 --timescale 1ns/1ps --vpi --public-flat-rw --prefix Vtop -o Vtop -LDFLAGS "-Wl,-rpath,/Users/Dilan/Projects/from-rtl-to-pixels/.venv/lib/python3.14/site-packages/cocotb/libs -L/Users/Dilan/Projects/from-rtl-to-pixels/.venv/lib/python3.14/site-packages/cocotb/libs -lcocotbvpi_verilator"  /Users/Dilan/Projects/from-rtl-to-pixels/rtl/pixel_pkg.sv /Users/Dilan/Projects/from-rtl-to-pixels/rtl/rgb_to_gray.sv /Users/Dilan/Projects/from-rtl-to-pixels/rtl/elastic_stage.sv /Users/Dilan/Projects/from-rtl-to-pixels/rtl/apb_regs.sv /Users/Dilan/Projects/from-rtl-to-pixels/rtl/pixel_control.sv /Users/Dilan/Projects/from-rtl-to-pixels/rtl/line_buffer.sv /Users/Dilan/Projects/from-rtl-to-pixels/rtl/window_3x3.sv /Users/Dilan/Projects/from-rtl-to-pixels/rtl/sobel_compact.sv /Users/Dilan/Projects/from-rtl-to-pixels/rtl/magnitude_clamp.sv /Users/Dilan/Projects/from-rtl-to-pixels/rtl/threshold_stage.sv /Users/Dilan/Projects/from-rtl-to-pixels/rtl/output_control.sv /Users/Dilan/Projects/from-rtl-to-pixels/rtl/rtl_to_pixels_top_pipelined.sv /Users/Dilan/Projects/from-rtl-to-pixels/.venv/lib/python3.14/site-packages/cocotb/share/lib/verilator/verilator.cpp
- V e r i l a t i o n   R e p o r t: Verilator 5.052 2026-09-05 rev vUNKNOWN-built20260905
- Verilator: Built from 0.389 MB sources in 13 modules, into 0.289 MB in 7 C++ files needing 0.000 MB
- Verilator: Walltime 0.062 s (elab=0.012, cvt=0.030, bld=0.000); cpu 0.041 s on 1 threads; allocated 14.312 MB
/Applications/Xcode.app/Contents/Developer/usr/bin/make -C /var/folders/78/xn7s20w54m75pf1x_198zh980000gn/T/tmp.uMDoR11QVD  -f Vtop.mk
c++  -I.  -MMD -I/opt/homebrew/Cellar/verilator/5.052/share/verilator/include -I/opt/homebrew/Cellar/verilator/5.052/share/verilator/include/vltstd -DVERILATOR=1 -DVM_COVERAGE=0 -DVM_SC=0 -DVM_TIMING=0 -DVM_TRACE=0 -DVM_TRACE_FST=0 -DVM_TRACE_VCD=0 -DVM_TRACE_SAIF=0 -DVM_VPI=1 -faligned-new -fbracket-depth=4096 -fcf-protection=none -Xclang -fno-pch-timestamp -Qunused-arguments -Wno-bool-operation -Wno-c++11-narrowing -Wno-constant-logical-operand -Wno-int-in-bool-context -Wno-non-pod-varargs -Wno-parentheses-equality -Wno-shadow -Wno-sign-compare -Wno-tautological-bitwise-compare -Wno-tautological-compare -Wno-uninitialized -Wno-unnecessary-virtual-specifier -Wno-unused-but-set-parameter -Wno-unused-but-set-variable -Wno-unused-parameter -Wno-unused-variable -Wno-vla-cxx-extension      -Os  -c -o verilator.o /Users/Dilan/Projects/from-rtl-to-pixels/.venv/lib/python3.14/site-packages/cocotb/share/lib/verilator/verilator.cpp
c++ -Os  -I.  -MMD -I/opt/homebrew/Cellar/verilator/5.052/share/verilator/include -I/opt/homebrew/Cellar/verilator/5.052/share/verilator/include/vltstd -DVERILATOR=1 -DVM_COVERAGE=0 -DVM_SC=0 -DVM_TIMING=0 -DVM_TRACE=0 -DVM_TRACE_FST=0 -DVM_TRACE_VCD=0 -DVM_TRACE_SAIF=0 -DVM_VPI=1 -faligned-new -fbracket-depth=4096 -fcf-protection=none -Xclang -fno-pch-timestamp -Qunused-arguments -Wno-bool-operation -Wno-c++11-narrowing -Wno-constant-logical-operand -Wno-int-in-bool-context -Wno-non-pod-varargs -Wno-parentheses-equality -Wno-shadow -Wno-sign-compare -Wno-tautological-bitwise-compare -Wno-tautological-compare -Wno-uninitialized -Wno-unnecessary-virtual-specifier -Wno-unused-but-set-parameter -Wno-unused-but-set-variable -Wno-unused-parameter -Wno-unused-variable -Wno-vla-cxx-extension      -c -o verilated.o /opt/homebrew/Cellar/verilator/5.052/share/verilator/include/verilated.cpp
c++ -Os  -I.  -MMD -I/opt/homebrew/Cellar/verilator/5.052/share/verilator/include -I/opt/homebrew/Cellar/verilator/5.052/share/verilator/include/vltstd -DVERILATOR=1 -DVM_COVERAGE=0 -DVM_SC=0 -DVM_TIMING=0 -DVM_TRACE=0 -DVM_TRACE_FST=0 -DVM_TRACE_VCD=0 -DVM_TRACE_SAIF=0 -DVM_VPI=1 -faligned-new -fbracket-depth=4096 -fcf-protection=none -Xclang -fno-pch-timestamp -Qunused-arguments -Wno-bool-operation -Wno-c++11-narrowing -Wno-constant-logical-operand -Wno-int-in-bool-context -Wno-non-pod-varargs -Wno-parentheses-equality -Wno-shadow -Wno-sign-compare -Wno-tautological-bitwise-compare -Wno-tautological-compare -Wno-uninitialized -Wno-unnecessary-virtual-specifier -Wno-unused-but-set-parameter -Wno-unused-but-set-variable -Wno-unused-parameter -Wno-unused-variable -Wno-vla-cxx-extension      -c -o verilated_dpi.o /opt/homebrew/Cellar/verilator/5.052/share/verilator/include/verilated_dpi.cpp
c++ -Os  -I.  -MMD -I/opt/homebrew/Cellar/verilator/5.052/share/verilator/include -I/opt/homebrew/Cellar/verilator/5.052/share/verilator/include/vltstd -DVERILATOR=1 -DVM_COVERAGE=0 -DVM_SC=0 -DVM_TIMING=0 -DVM_TRACE=0 -DVM_TRACE_FST=0 -DVM_TRACE_VCD=0 -DVM_TRACE_SAIF=0 -DVM_VPI=1 -faligned-new -fbracket-depth=4096 -fcf-protection=none -Xclang -fno-pch-timestamp -Qunused-arguments -Wno-bool-operation -Wno-c++11-narrowing -Wno-constant-logical-operand -Wno-int-in-bool-context -Wno-non-pod-varargs -Wno-parentheses-equality -Wno-shadow -Wno-sign-compare -Wno-tautological-bitwise-compare -Wno-tautological-compare -Wno-uninitialized -Wno-unnecessary-virtual-specifier -Wno-unused-but-set-parameter -Wno-unused-but-set-variable -Wno-unused-parameter -Wno-unused-variable -Wno-vla-cxx-extension      -c -o verilated_vpi.o /opt/homebrew/Cellar/verilator/5.052/share/verilator/include/verilated_vpi.cpp
c++ -Os  -I.  -MMD -I/opt/homebrew/Cellar/verilator/5.052/share/verilator/include -I/opt/homebrew/Cellar/verilator/5.052/share/verilator/include/vltstd -DVERILATOR=1 -DVM_COVERAGE=0 -DVM_SC=0 -DVM_TIMING=0 -DVM_TRACE=0 -DVM_TRACE_FST=0 -DVM_TRACE_VCD=0 -DVM_TRACE_SAIF=0 -DVM_VPI=1 -faligned-new -fbracket-depth=4096 -fcf-protection=none -Xclang -fno-pch-timestamp -Qunused-arguments -Wno-bool-operation -Wno-c++11-narrowing -Wno-constant-logical-operand -Wno-int-in-bool-context -Wno-non-pod-varargs -Wno-parentheses-equality -Wno-shadow -Wno-sign-compare -Wno-tautological-bitwise-compare -Wno-tautological-compare -Wno-uninitialized -Wno-unnecessary-virtual-specifier -Wno-unused-but-set-parameter -Wno-unused-but-set-variable -Wno-unused-parameter -Wno-unused-variable -Wno-vla-cxx-extension      -c -o verilated_threads.o /opt/homebrew/Cellar/verilator/5.052/share/verilator/include/verilated_threads.cpp
python3 /opt/homebrew/Cellar/verilator/5.052/share/verilator/bin/verilator_includer -DVL_INCLUDE_OPT=include Vtop.cpp Vtop___024root__0.cpp Vtop__Dpi.cpp Vtop__ConstPool__0__Slow.cpp Vtop___024root__Slow.cpp Vtop___024root__0__Slow.cpp Vtop__Syms__Slow.cpp > Vtop__ALL.cpp
c++ -Os  -I.  -MMD -I/opt/homebrew/Cellar/verilator/5.052/share/verilator/include -I/opt/homebrew/Cellar/verilator/5.052/share/verilator/include/vltstd -DVERILATOR=1 -DVM_COVERAGE=0 -DVM_SC=0 -DVM_TIMING=0 -DVM_TRACE=0 -DVM_TRACE_FST=0 -DVM_TRACE_VCD=0 -DVM_TRACE_SAIF=0 -DVM_VPI=1 -faligned-new -fbracket-depth=4096 -fcf-protection=none -Xclang -fno-pch-timestamp -Qunused-arguments -Wno-bool-operation -Wno-c++11-narrowing -Wno-constant-logical-operand -Wno-int-in-bool-context -Wno-non-pod-varargs -Wno-parentheses-equality -Wno-shadow -Wno-sign-compare -Wno-tautological-bitwise-compare -Wno-tautological-compare -Wno-uninitialized -Wno-unnecessary-virtual-specifier -Wno-unused-but-set-parameter -Wno-unused-but-set-variable -Wno-unused-parameter -Wno-unused-variable -Wno-vla-cxx-extension      -c -o Vtop__ALL.o Vtop__ALL.cpp
c++  -Wl,-U,__Z15vl_time_stamp64v,-U,__Z13sc_time_stampv,-U,_vlog_startup_routines   -rdynamic verilator.o verilated.o verilated_dpi.o verilated_vpi.o verilated_threads.o Vtop__ALL.a   -Wl,-rpath,/Users/Dilan/Projects/from-rtl-to-pixels/.venv/lib/python3.14/site-packages/cocotb/libs -L/Users/Dilan/Projects/from-rtl-to-pixels/.venv/lib/python3.14/site-packages/cocotb/libs -lcocotbvpi_verilator  -pthread -lpthread -ldl   -o Vtop
rm Vtop__ALL.verilator_deplist.tmp
rm -f /var/folders/78/xn7s20w54m75pf1x_198zh980000gn/T/tmp.uMDoR11QVD/results.xml
COCOTB_TEST_MODULES=test_rtl_to_pixels_top_dimension_image COCOTB_TESTCASE=  COCOTB_TOPLEVEL=rtl_to_pixels_top_pipelined TOPLEVEL_LANG=verilog       \
         /var/folders/78/xn7s20w54m75pf1x_198zh980000gn/T/tmp.uMDoR11QVD/Vtop
     -.--ns INFO     gpi                                ../gpi/GpiCommon.cpp:242  in gpi_load_users                  Loaded entry library: '/Library/Frameworks/Python.framework/Versions/3.14/Python'
     -.--ns INFO     gpi                                ../gpi/GpiCommon.cpp:234  in gpi_load_users                  Running entry func 'initialize' from loaded library '/Users/Dilan/Projects/from-rtl-to-pixels/.venv/lib/python3.14/site-packages/cocotb/simulator.cpython-314-darwin.so'
     -.--ns INFO     pygpi                              ..ib/pygpi/embed.cpp:115  in initialize                      Using Python 3.14.6 interpreter at /Users/Dilan/Projects/from-rtl-to-pixels/.venv/bin/python
     -.--ns INFO     gpi                                ../gpi/GpiCommon.cpp:74   in gpi_print_registered_impl       GPI: VPI support registered
     0.00ns INFO     cocotb.initialize                  Seeding Python random module with 1790117089
     0.00ns INFO     cocotb.initialize                  Initialized cocotb v2.1.0 from /Users/Dilan/Projects/from-rtl-to-pixels/.venv/lib/python3.14/site-packages/cocotb
     0.00ns INFO     cocotb.initialize                  Running on Verilator version 5.052 2026-09-05
     0.00ns INFO     cocotb.regression                  Running tests
     0.00ns INFO     cocotb.regression                  running test_rtl_to_pixels_top_dimension_image.dimension_and_image_regression (1/1)
dimension image frame: label=random-0 width=16 height=9 threshold=17 bypass=0 accepted_input=144 accepted_output=144 mismatch_count=0 cycles=163 input_sha256=fd9c75528afbc54caba20e4767be6b05883b15910843efde2872c24aac0f22dc
dimension image frame: label=random-1 width=16 height=9 threshold=128 bypass=1 accepted_input=144 accepted_output=144 mismatch_count=0 cycles=163 input_sha256=2aca6f55d127f5163bd964c2549af30e9f7f9b21fdfba9787799352fec2df20d
dimension image frame: label=random-2 width=16 height=9 threshold=223 bypass=0 accepted_input=144 accepted_output=144 mismatch_count=0 cycles=163 input_sha256=6b6ed58bed66231771abc0be97746a1676edf7815bc5ae8e1a62fc2b0cbed10e
dimension random summary: width=16 height=9 frames=3 final_frame_count=3
  5161.00ns INFO     cocotb.regression                  test_rtl_to_pixels_top_dimension_image.dimension_and_image_regression passed
  5161.00ns INFO     cocotb.regression                  *******************************************************************************************************************************
                                                        ** TEST                                                                   STATUS  SIM TIME (ns)  REAL TIME (s)  RATIO (ns/s) **
                                                        *******************************************************************************************************************************
                                                        ** test_rtl_to_pixels_top_dimension_image.dimension_and_image_regression   PASS        5161.00           0.03     156649.29  **
                                                        *******************************************************************************************************************************
                                                        ** TESTS=1 PASS=1 FAIL=0 SKIP=0                                                        5161.00           0.03     152800.43  **
                                                        *******************************************************************************************************************************
- :0: Verilog $finish

=== RANDOM_DIMENSION_B 31x17 ===
rm -f /var/folders/78/xn7s20w54m75pf1x_198zh980000gn/T/tmp.shGAcL5U7X/results.xml
/opt/homebrew/bin/verilator -cc --exe -Mdir /var/folders/78/xn7s20w54m75pf1x_198zh980000gn/T/tmp.shGAcL5U7X --top-module rtl_to_pixels_top_pipelined -GIMG_WIDTH=31 -GIMG_HEIGHT=17 --timescale 1ns/1ps --vpi --public-flat-rw --prefix Vtop -o Vtop -LDFLAGS "-Wl,-rpath,/Users/Dilan/Projects/from-rtl-to-pixels/.venv/lib/python3.14/site-packages/cocotb/libs -L/Users/Dilan/Projects/from-rtl-to-pixels/.venv/lib/python3.14/site-packages/cocotb/libs -lcocotbvpi_verilator"  /Users/Dilan/Projects/from-rtl-to-pixels/rtl/pixel_pkg.sv /Users/Dilan/Projects/from-rtl-to-pixels/rtl/rgb_to_gray.sv /Users/Dilan/Projects/from-rtl-to-pixels/rtl/elastic_stage.sv /Users/Dilan/Projects/from-rtl-to-pixels/rtl/apb_regs.sv /Users/Dilan/Projects/from-rtl-to-pixels/rtl/pixel_control.sv /Users/Dilan/Projects/from-rtl-to-pixels/rtl/line_buffer.sv /Users/Dilan/Projects/from-rtl-to-pixels/rtl/window_3x3.sv /Users/Dilan/Projects/from-rtl-to-pixels/rtl/sobel_compact.sv /Users/Dilan/Projects/from-rtl-to-pixels/rtl/magnitude_clamp.sv /Users/Dilan/Projects/from-rtl-to-pixels/rtl/threshold_stage.sv /Users/Dilan/Projects/from-rtl-to-pixels/rtl/output_control.sv /Users/Dilan/Projects/from-rtl-to-pixels/rtl/rtl_to_pixels_top_pipelined.sv /Users/Dilan/Projects/from-rtl-to-pixels/.venv/lib/python3.14/site-packages/cocotb/share/lib/verilator/verilator.cpp
- V e r i l a t i o n   R e p o r t: Verilator 5.052 2026-09-05 rev vUNKNOWN-built20260905
- Verilator: Built from 0.389 MB sources in 13 modules, into 0.290 MB in 7 C++ files needing 0.000 MB
- Verilator: Walltime 0.047 s (elab=0.004, cvt=0.027, bld=0.000); cpu 0.039 s on 1 threads; allocated 14.234 MB
/Applications/Xcode.app/Contents/Developer/usr/bin/make -C /var/folders/78/xn7s20w54m75pf1x_198zh980000gn/T/tmp.shGAcL5U7X  -f Vtop.mk
c++  -I.  -MMD -I/opt/homebrew/Cellar/verilator/5.052/share/verilator/include -I/opt/homebrew/Cellar/verilator/5.052/share/verilator/include/vltstd -DVERILATOR=1 -DVM_COVERAGE=0 -DVM_SC=0 -DVM_TIMING=0 -DVM_TRACE=0 -DVM_TRACE_FST=0 -DVM_TRACE_VCD=0 -DVM_TRACE_SAIF=0 -DVM_VPI=1 -faligned-new -fbracket-depth=4096 -fcf-protection=none -Xclang -fno-pch-timestamp -Qunused-arguments -Wno-bool-operation -Wno-c++11-narrowing -Wno-constant-logical-operand -Wno-int-in-bool-context -Wno-non-pod-varargs -Wno-parentheses-equality -Wno-shadow -Wno-sign-compare -Wno-tautological-bitwise-compare -Wno-tautological-compare -Wno-uninitialized -Wno-unnecessary-virtual-specifier -Wno-unused-but-set-parameter -Wno-unused-but-set-variable -Wno-unused-parameter -Wno-unused-variable -Wno-vla-cxx-extension      -Os  -c -o verilator.o /Users/Dilan/Projects/from-rtl-to-pixels/.venv/lib/python3.14/site-packages/cocotb/share/lib/verilator/verilator.cpp
c++ -Os  -I.  -MMD -I/opt/homebrew/Cellar/verilator/5.052/share/verilator/include -I/opt/homebrew/Cellar/verilator/5.052/share/verilator/include/vltstd -DVERILATOR=1 -DVM_COVERAGE=0 -DVM_SC=0 -DVM_TIMING=0 -DVM_TRACE=0 -DVM_TRACE_FST=0 -DVM_TRACE_VCD=0 -DVM_TRACE_SAIF=0 -DVM_VPI=1 -faligned-new -fbracket-depth=4096 -fcf-protection=none -Xclang -fno-pch-timestamp -Qunused-arguments -Wno-bool-operation -Wno-c++11-narrowing -Wno-constant-logical-operand -Wno-int-in-bool-context -Wno-non-pod-varargs -Wno-parentheses-equality -Wno-shadow -Wno-sign-compare -Wno-tautological-bitwise-compare -Wno-tautological-compare -Wno-uninitialized -Wno-unnecessary-virtual-specifier -Wno-unused-but-set-parameter -Wno-unused-but-set-variable -Wno-unused-parameter -Wno-unused-variable -Wno-vla-cxx-extension      -c -o verilated.o /opt/homebrew/Cellar/verilator/5.052/share/verilator/include/verilated.cpp
c++ -Os  -I.  -MMD -I/opt/homebrew/Cellar/verilator/5.052/share/verilator/include -I/opt/homebrew/Cellar/verilator/5.052/share/verilator/include/vltstd -DVERILATOR=1 -DVM_COVERAGE=0 -DVM_SC=0 -DVM_TIMING=0 -DVM_TRACE=0 -DVM_TRACE_FST=0 -DVM_TRACE_VCD=0 -DVM_TRACE_SAIF=0 -DVM_VPI=1 -faligned-new -fbracket-depth=4096 -fcf-protection=none -Xclang -fno-pch-timestamp -Qunused-arguments -Wno-bool-operation -Wno-c++11-narrowing -Wno-constant-logical-operand -Wno-int-in-bool-context -Wno-non-pod-varargs -Wno-parentheses-equality -Wno-shadow -Wno-sign-compare -Wno-tautological-bitwise-compare -Wno-tautological-compare -Wno-uninitialized -Wno-unnecessary-virtual-specifier -Wno-unused-but-set-parameter -Wno-unused-but-set-variable -Wno-unused-parameter -Wno-unused-variable -Wno-vla-cxx-extension      -c -o verilated_dpi.o /opt/homebrew/Cellar/verilator/5.052/share/verilator/include/verilated_dpi.cpp
c++ -Os  -I.  -MMD -I/opt/homebrew/Cellar/verilator/5.052/share/verilator/include -I/opt/homebrew/Cellar/verilator/5.052/share/verilator/include/vltstd -DVERILATOR=1 -DVM_COVERAGE=0 -DVM_SC=0 -DVM_TIMING=0 -DVM_TRACE=0 -DVM_TRACE_FST=0 -DVM_TRACE_VCD=0 -DVM_TRACE_SAIF=0 -DVM_VPI=1 -faligned-new -fbracket-depth=4096 -fcf-protection=none -Xclang -fno-pch-timestamp -Qunused-arguments -Wno-bool-operation -Wno-c++11-narrowing -Wno-constant-logical-operand -Wno-int-in-bool-context -Wno-non-pod-varargs -Wno-parentheses-equality -Wno-shadow -Wno-sign-compare -Wno-tautological-bitwise-compare -Wno-tautological-compare -Wno-uninitialized -Wno-unnecessary-virtual-specifier -Wno-unused-but-set-parameter -Wno-unused-but-set-variable -Wno-unused-parameter -Wno-unused-variable -Wno-vla-cxx-extension      -c -o verilated_vpi.o /opt/homebrew/Cellar/verilator/5.052/share/verilator/include/verilated_vpi.cpp
c++ -Os  -I.  -MMD -I/opt/homebrew/Cellar/verilator/5.052/share/verilator/include -I/opt/homebrew/Cellar/verilator/5.052/share/verilator/include/vltstd -DVERILATOR=1 -DVM_COVERAGE=0 -DVM_SC=0 -DVM_TIMING=0 -DVM_TRACE=0 -DVM_TRACE_FST=0 -DVM_TRACE_VCD=0 -DVM_TRACE_SAIF=0 -DVM_VPI=1 -faligned-new -fbracket-depth=4096 -fcf-protection=none -Xclang -fno-pch-timestamp -Qunused-arguments -Wno-bool-operation -Wno-c++11-narrowing -Wno-constant-logical-operand -Wno-int-in-bool-context -Wno-non-pod-varargs -Wno-parentheses-equality -Wno-shadow -Wno-sign-compare -Wno-tautological-bitwise-compare -Wno-tautological-compare -Wno-uninitialized -Wno-unnecessary-virtual-specifier -Wno-unused-but-set-parameter -Wno-unused-but-set-variable -Wno-unused-parameter -Wno-unused-variable -Wno-vla-cxx-extension      -c -o verilated_threads.o /opt/homebrew/Cellar/verilator/5.052/share/verilator/include/verilated_threads.cpp
python3 /opt/homebrew/Cellar/verilator/5.052/share/verilator/bin/verilator_includer -DVL_INCLUDE_OPT=include Vtop.cpp Vtop___024root__0.cpp Vtop__Dpi.cpp Vtop__ConstPool__0__Slow.cpp Vtop___024root__Slow.cpp Vtop___024root__0__Slow.cpp Vtop__Syms__Slow.cpp > Vtop__ALL.cpp
c++ -Os  -I.  -MMD -I/opt/homebrew/Cellar/verilator/5.052/share/verilator/include -I/opt/homebrew/Cellar/verilator/5.052/share/verilator/include/vltstd -DVERILATOR=1 -DVM_COVERAGE=0 -DVM_SC=0 -DVM_TIMING=0 -DVM_TRACE=0 -DVM_TRACE_FST=0 -DVM_TRACE_VCD=0 -DVM_TRACE_SAIF=0 -DVM_VPI=1 -faligned-new -fbracket-depth=4096 -fcf-protection=none -Xclang -fno-pch-timestamp -Qunused-arguments -Wno-bool-operation -Wno-c++11-narrowing -Wno-constant-logical-operand -Wno-int-in-bool-context -Wno-non-pod-varargs -Wno-parentheses-equality -Wno-shadow -Wno-sign-compare -Wno-tautological-bitwise-compare -Wno-tautological-compare -Wno-uninitialized -Wno-unnecessary-virtual-specifier -Wno-unused-but-set-parameter -Wno-unused-but-set-variable -Wno-unused-parameter -Wno-unused-variable -Wno-vla-cxx-extension      -c -o Vtop__ALL.o Vtop__ALL.cpp
c++  -Wl,-U,__Z15vl_time_stamp64v,-U,__Z13sc_time_stampv,-U,_vlog_startup_routines   -rdynamic verilator.o verilated.o verilated_dpi.o verilated_vpi.o verilated_threads.o Vtop__ALL.a   -Wl,-rpath,/Users/Dilan/Projects/from-rtl-to-pixels/.venv/lib/python3.14/site-packages/cocotb/libs -L/Users/Dilan/Projects/from-rtl-to-pixels/.venv/lib/python3.14/site-packages/cocotb/libs -lcocotbvpi_verilator  -pthread -lpthread -ldl   -o Vtop
rm Vtop__ALL.verilator_deplist.tmp
rm -f /var/folders/78/xn7s20w54m75pf1x_198zh980000gn/T/tmp.shGAcL5U7X/results.xml
COCOTB_TEST_MODULES=test_rtl_to_pixels_top_dimension_image COCOTB_TESTCASE=  COCOTB_TOPLEVEL=rtl_to_pixels_top_pipelined TOPLEVEL_LANG=verilog       \
         /var/folders/78/xn7s20w54m75pf1x_198zh980000gn/T/tmp.shGAcL5U7X/Vtop
     -.--ns INFO     gpi                                ../gpi/GpiCommon.cpp:242  in gpi_load_users                  Loaded entry library: '/Library/Frameworks/Python.framework/Versions/3.14/Python'
     -.--ns INFO     gpi                                ../gpi/GpiCommon.cpp:234  in gpi_load_users                  Running entry func 'initialize' from loaded library '/Users/Dilan/Projects/from-rtl-to-pixels/.venv/lib/python3.14/site-packages/cocotb/simulator.cpython-314-darwin.so'
     -.--ns INFO     pygpi                              ..ib/pygpi/embed.cpp:115  in initialize                      Using Python 3.14.6 interpreter at /Users/Dilan/Projects/from-rtl-to-pixels/.venv/bin/python
     -.--ns INFO     gpi                                ../gpi/GpiCommon.cpp:74   in gpi_print_registered_impl       GPI: VPI support registered
     0.00ns INFO     cocotb.initialize                  Seeding Python random module with 1790117097
     0.00ns INFO     cocotb.initialize                  Initialized cocotb v2.1.0 from /Users/Dilan/Projects/from-rtl-to-pixels/.venv/lib/python3.14/site-packages/cocotb
     0.00ns INFO     cocotb.initialize                  Running on Verilator version 5.052 2026-09-05
     0.00ns INFO     cocotb.regression                  Running tests
     0.00ns INFO     cocotb.regression                  running test_rtl_to_pixels_top_dimension_image.dimension_and_image_regression (1/1)
dimension image frame: label=random-0 width=31 height=17 threshold=17 bypass=0 accepted_input=527 accepted_output=527 mismatch_count=0 cycles=561 input_sha256=47c36f2a7fe1c04d9e68f740afa775afe9510014334c3524cdf461323b58c8b8
dimension image frame: label=random-1 width=31 height=17 threshold=128 bypass=1 accepted_input=527 accepted_output=527 mismatch_count=0 cycles=561 input_sha256=d08de97454409f7f61a51ab6f36eeeb408bf70ddf65f50a851dded8eeaa3ce3b
dimension image frame: label=random-2 width=31 height=17 threshold=223 bypass=0 accepted_input=527 accepted_output=527 mismatch_count=0 cycles=561 input_sha256=a2122484e7512539f051886c1e610290d71d5ca7458f559184db977b227309ba
dimension random summary: width=31 height=17 frames=3 final_frame_count=3
 17101.00ns INFO     cocotb.regression                  test_rtl_to_pixels_top_dimension_image.dimension_and_image_regression passed
 17101.00ns INFO     cocotb.regression                  *******************************************************************************************************************************
                                                        ** TEST                                                                   STATUS  SIM TIME (ns)  REAL TIME (s)  RATIO (ns/s) **
                                                        *******************************************************************************************************************************
                                                        ** test_rtl_to_pixels_top_dimension_image.dimension_and_image_regression   PASS       17101.00           0.07     249730.75  **
                                                        *******************************************************************************************************************************
                                                        ** TESTS=1 PASS=1 FAIL=0 SKIP=0                                                       17101.00           0.07     247120.11  **
                                                        *******************************************************************************************************************************
- :0: Verilog $finish

=== CANONICAL_B 640x480 ===
rm -f /var/folders/78/xn7s20w54m75pf1x_198zh980000gn/T/tmp.1BKWcIXQqx/results.xml
/opt/homebrew/bin/verilator -cc --exe -Mdir /var/folders/78/xn7s20w54m75pf1x_198zh980000gn/T/tmp.1BKWcIXQqx --top-module rtl_to_pixels_top_pipelined -GIMG_WIDTH=640 -GIMG_HEIGHT=480 --timescale 1ns/1ps --vpi --public-flat-rw --prefix Vtop -o Vtop -LDFLAGS "-Wl,-rpath,/Users/Dilan/Projects/from-rtl-to-pixels/.venv/lib/python3.14/site-packages/cocotb/libs -L/Users/Dilan/Projects/from-rtl-to-pixels/.venv/lib/python3.14/site-packages/cocotb/libs -lcocotbvpi_verilator"  /Users/Dilan/Projects/from-rtl-to-pixels/rtl/pixel_pkg.sv /Users/Dilan/Projects/from-rtl-to-pixels/rtl/rgb_to_gray.sv /Users/Dilan/Projects/from-rtl-to-pixels/rtl/elastic_stage.sv /Users/Dilan/Projects/from-rtl-to-pixels/rtl/apb_regs.sv /Users/Dilan/Projects/from-rtl-to-pixels/rtl/pixel_control.sv /Users/Dilan/Projects/from-rtl-to-pixels/rtl/line_buffer.sv /Users/Dilan/Projects/from-rtl-to-pixels/rtl/window_3x3.sv /Users/Dilan/Projects/from-rtl-to-pixels/rtl/sobel_compact.sv /Users/Dilan/Projects/from-rtl-to-pixels/rtl/magnitude_clamp.sv /Users/Dilan/Projects/from-rtl-to-pixels/rtl/threshold_stage.sv /Users/Dilan/Projects/from-rtl-to-pixels/rtl/output_control.sv /Users/Dilan/Projects/from-rtl-to-pixels/rtl/rtl_to_pixels_top_pipelined.sv /Users/Dilan/Projects/from-rtl-to-pixels/.venv/lib/python3.14/site-packages/cocotb/share/lib/verilator/verilator.cpp
- V e r i l a t i o n   R e p o r t: Verilator 5.052 2026-09-05 rev vUNKNOWN-built20260905
- Verilator: Built from 0.389 MB sources in 13 modules, into 0.290 MB in 7 C++ files needing 0.000 MB
- Verilator: Walltime 0.036 s (elab=0.004, cvt=0.020, bld=0.000); cpu 0.034 s on 1 threads; allocated 13.984 MB
/Applications/Xcode.app/Contents/Developer/usr/bin/make -C /var/folders/78/xn7s20w54m75pf1x_198zh980000gn/T/tmp.1BKWcIXQqx  -f Vtop.mk
c++  -I.  -MMD -I/opt/homebrew/Cellar/verilator/5.052/share/verilator/include -I/opt/homebrew/Cellar/verilator/5.052/share/verilator/include/vltstd -DVERILATOR=1 -DVM_COVERAGE=0 -DVM_SC=0 -DVM_TIMING=0 -DVM_TRACE=0 -DVM_TRACE_FST=0 -DVM_TRACE_VCD=0 -DVM_TRACE_SAIF=0 -DVM_VPI=1 -faligned-new -fbracket-depth=4096 -fcf-protection=none -Xclang -fno-pch-timestamp -Qunused-arguments -Wno-bool-operation -Wno-c++11-narrowing -Wno-constant-logical-operand -Wno-int-in-bool-context -Wno-non-pod-varargs -Wno-parentheses-equality -Wno-shadow -Wno-sign-compare -Wno-tautological-bitwise-compare -Wno-tautological-compare -Wno-uninitialized -Wno-unnecessary-virtual-specifier -Wno-unused-but-set-parameter -Wno-unused-but-set-variable -Wno-unused-parameter -Wno-unused-variable -Wno-vla-cxx-extension      -Os  -c -o verilator.o /Users/Dilan/Projects/from-rtl-to-pixels/.venv/lib/python3.14/site-packages/cocotb/share/lib/verilator/verilator.cpp
c++ -Os  -I.  -MMD -I/opt/homebrew/Cellar/verilator/5.052/share/verilator/include -I/opt/homebrew/Cellar/verilator/5.052/share/verilator/include/vltstd -DVERILATOR=1 -DVM_COVERAGE=0 -DVM_SC=0 -DVM_TIMING=0 -DVM_TRACE=0 -DVM_TRACE_FST=0 -DVM_TRACE_VCD=0 -DVM_TRACE_SAIF=0 -DVM_VPI=1 -faligned-new -fbracket-depth=4096 -fcf-protection=none -Xclang -fno-pch-timestamp -Qunused-arguments -Wno-bool-operation -Wno-c++11-narrowing -Wno-constant-logical-operand -Wno-int-in-bool-context -Wno-non-pod-varargs -Wno-parentheses-equality -Wno-shadow -Wno-sign-compare -Wno-tautological-bitwise-compare -Wno-tautological-compare -Wno-uninitialized -Wno-unnecessary-virtual-specifier -Wno-unused-but-set-parameter -Wno-unused-but-set-variable -Wno-unused-parameter -Wno-unused-variable -Wno-vla-cxx-extension      -c -o verilated.o /opt/homebrew/Cellar/verilator/5.052/share/verilator/include/verilated.cpp
c++ -Os  -I.  -MMD -I/opt/homebrew/Cellar/verilator/5.052/share/verilator/include -I/opt/homebrew/Cellar/verilator/5.052/share/verilator/include/vltstd -DVERILATOR=1 -DVM_COVERAGE=0 -DVM_SC=0 -DVM_TIMING=0 -DVM_TRACE=0 -DVM_TRACE_FST=0 -DVM_TRACE_VCD=0 -DVM_TRACE_SAIF=0 -DVM_VPI=1 -faligned-new -fbracket-depth=4096 -fcf-protection=none -Xclang -fno-pch-timestamp -Qunused-arguments -Wno-bool-operation -Wno-c++11-narrowing -Wno-constant-logical-operand -Wno-int-in-bool-context -Wno-non-pod-varargs -Wno-parentheses-equality -Wno-shadow -Wno-sign-compare -Wno-tautological-bitwise-compare -Wno-tautological-compare -Wno-uninitialized -Wno-unnecessary-virtual-specifier -Wno-unused-but-set-parameter -Wno-unused-but-set-variable -Wno-unused-parameter -Wno-unused-variable -Wno-vla-cxx-extension      -c -o verilated_dpi.o /opt/homebrew/Cellar/verilator/5.052/share/verilator/include/verilated_dpi.cpp
c++ -Os  -I.  -MMD -I/opt/homebrew/Cellar/verilator/5.052/share/verilator/include -I/opt/homebrew/Cellar/verilator/5.052/share/verilator/include/vltstd -DVERILATOR=1 -DVM_COVERAGE=0 -DVM_SC=0 -DVM_TIMING=0 -DVM_TRACE=0 -DVM_TRACE_FST=0 -DVM_TRACE_VCD=0 -DVM_TRACE_SAIF=0 -DVM_VPI=1 -faligned-new -fbracket-depth=4096 -fcf-protection=none -Xclang -fno-pch-timestamp -Qunused-arguments -Wno-bool-operation -Wno-c++11-narrowing -Wno-constant-logical-operand -Wno-int-in-bool-context -Wno-non-pod-varargs -Wno-parentheses-equality -Wno-shadow -Wno-sign-compare -Wno-tautological-bitwise-compare -Wno-tautological-compare -Wno-uninitialized -Wno-unnecessary-virtual-specifier -Wno-unused-but-set-parameter -Wno-unused-but-set-variable -Wno-unused-parameter -Wno-unused-variable -Wno-vla-cxx-extension      -c -o verilated_vpi.o /opt/homebrew/Cellar/verilator/5.052/share/verilator/include/verilated_vpi.cpp
c++ -Os  -I.  -MMD -I/opt/homebrew/Cellar/verilator/5.052/share/verilator/include -I/opt/homebrew/Cellar/verilator/5.052/share/verilator/include/vltstd -DVERILATOR=1 -DVM_COVERAGE=0 -DVM_SC=0 -DVM_TIMING=0 -DVM_TRACE=0 -DVM_TRACE_FST=0 -DVM_TRACE_VCD=0 -DVM_TRACE_SAIF=0 -DVM_VPI=1 -faligned-new -fbracket-depth=4096 -fcf-protection=none -Xclang -fno-pch-timestamp -Qunused-arguments -Wno-bool-operation -Wno-c++11-narrowing -Wno-constant-logical-operand -Wno-int-in-bool-context -Wno-non-pod-varargs -Wno-parentheses-equality -Wno-shadow -Wno-sign-compare -Wno-tautological-bitwise-compare -Wno-tautological-compare -Wno-uninitialized -Wno-unnecessary-virtual-specifier -Wno-unused-but-set-parameter -Wno-unused-but-set-variable -Wno-unused-parameter -Wno-unused-variable -Wno-vla-cxx-extension      -c -o verilated_threads.o /opt/homebrew/Cellar/verilator/5.052/share/verilator/include/verilated_threads.cpp
python3 /opt/homebrew/Cellar/verilator/5.052/share/verilator/bin/verilator_includer -DVL_INCLUDE_OPT=include Vtop.cpp Vtop___024root__0.cpp Vtop__Dpi.cpp Vtop__ConstPool__0__Slow.cpp Vtop___024root__Slow.cpp Vtop___024root__0__Slow.cpp Vtop__Syms__Slow.cpp > Vtop__ALL.cpp
c++ -Os  -I.  -MMD -I/opt/homebrew/Cellar/verilator/5.052/share/verilator/include -I/opt/homebrew/Cellar/verilator/5.052/share/verilator/include/vltstd -DVERILATOR=1 -DVM_COVERAGE=0 -DVM_SC=0 -DVM_TIMING=0 -DVM_TRACE=0 -DVM_TRACE_FST=0 -DVM_TRACE_VCD=0 -DVM_TRACE_SAIF=0 -DVM_VPI=1 -faligned-new -fbracket-depth=4096 -fcf-protection=none -Xclang -fno-pch-timestamp -Qunused-arguments -Wno-bool-operation -Wno-c++11-narrowing -Wno-constant-logical-operand -Wno-int-in-bool-context -Wno-non-pod-varargs -Wno-parentheses-equality -Wno-shadow -Wno-sign-compare -Wno-tautological-bitwise-compare -Wno-tautological-compare -Wno-uninitialized -Wno-unnecessary-virtual-specifier -Wno-unused-but-set-parameter -Wno-unused-but-set-variable -Wno-unused-parameter -Wno-unused-variable -Wno-vla-cxx-extension      -c -o Vtop__ALL.o Vtop__ALL.cpp
c++  -Wl,-U,__Z15vl_time_stamp64v,-U,__Z13sc_time_stampv,-U,_vlog_startup_routines   -rdynamic verilator.o verilated.o verilated_dpi.o verilated_vpi.o verilated_threads.o Vtop__ALL.a   -Wl,-rpath,/Users/Dilan/Projects/from-rtl-to-pixels/.venv/lib/python3.14/site-packages/cocotb/libs -L/Users/Dilan/Projects/from-rtl-to-pixels/.venv/lib/python3.14/site-packages/cocotb/libs -lcocotbvpi_verilator  -pthread -lpthread -ldl   -o Vtop
rm Vtop__ALL.verilator_deplist.tmp
rm -f /var/folders/78/xn7s20w54m75pf1x_198zh980000gn/T/tmp.1BKWcIXQqx/results.xml
COCOTB_TEST_MODULES=test_rtl_to_pixels_top_dimension_image COCOTB_TESTCASE=  COCOTB_TOPLEVEL=rtl_to_pixels_top_pipelined TOPLEVEL_LANG=verilog       \
         /var/folders/78/xn7s20w54m75pf1x_198zh980000gn/T/tmp.1BKWcIXQqx/Vtop
     -.--ns INFO     gpi                                ../gpi/GpiCommon.cpp:242  in gpi_load_users                  Loaded entry library: '/Library/Frameworks/Python.framework/Versions/3.14/Python'
     -.--ns INFO     gpi                                ../gpi/GpiCommon.cpp:234  in gpi_load_users                  Running entry func 'initialize' from loaded library '/Users/Dilan/Projects/from-rtl-to-pixels/.venv/lib/python3.14/site-packages/cocotb/simulator.cpython-314-darwin.so'
     -.--ns INFO     pygpi                              ..ib/pygpi/embed.cpp:115  in initialize                      Using Python 3.14.6 interpreter at /Users/Dilan/Projects/from-rtl-to-pixels/.venv/bin/python
     -.--ns INFO     gpi                                ../gpi/GpiCommon.cpp:74   in gpi_print_registered_impl       GPI: VPI support registered
     0.00ns INFO     cocotb.initialize                  Seeding Python random module with 1790117106
     0.00ns INFO     cocotb.initialize                  Initialized cocotb v2.1.0 from /Users/Dilan/Projects/from-rtl-to-pixels/.venv/lib/python3.14/site-packages/cocotb
     0.00ns INFO     cocotb.initialize                  Running on Verilator version 5.052 2026-09-05
     0.00ns INFO     cocotb.regression                  Running tests
     0.00ns INFO     cocotb.regression                  running test_rtl_to_pixels_top_dimension_image.dimension_and_image_regression (1/1)
real image provenance: path=/Users/Dilan/Projects/from-rtl-to-pixels/tb/images/Tokinokane2005-1-4.jpg width=640 height=480 file_sha256=8331a2d0edb64057fdf31b1b1385430c58b2698942ef7d29e00e392b7350d5e4
dimension image frame: label=public-real-image width=640 height=480 threshold=128 bypass=0 accepted_input=307200 accepted_output=307200 mismatch_count=0 cycles=307843 input_sha256=8a74b4b40cced20eb411d6e91e705b6efe21dd10befd597366da9f1e78ae497d
real image outputs: reference=/Users/Dilan/Projects/from-rtl-to-pixels/results/processed/arch-b/gate3-real-reference.png rtl=/Users/Dilan/Projects/from-rtl-to-pixels/results/processed/arch-b/gate3-real-rtl.png diff=/Users/Dilan/Projects/from-rtl-to-pixels/results/processed/arch-b/gate3-real-diff.png diff_nonzero=0
3078521.00ns INFO     cocotb.regression                  test_rtl_to_pixels_top_dimension_image.dimension_and_image_regression passed
3078521.00ns INFO     cocotb.regression                  *******************************************************************************************************************************
                                                        ** TEST                                                                   STATUS  SIM TIME (ns)  REAL TIME (s)  RATIO (ns/s) **
                                                        *******************************************************************************************************************************
                                                        ** test_rtl_to_pixels_top_dimension_image.dimension_and_image_regression   PASS     3078521.00           6.30     488506.91  **
                                                        *******************************************************************************************************************************
                                                        ** TESTS=1 PASS=1 FAIL=0 SKIP=0                                                     3078521.00           6.30     488444.97  **
                                                        *******************************************************************************************************************************
- :0: Verilog $finish
ARCH_A_B_CANONICAL_IMAGE_EQUIVALENCE=PASS diff_nonzero=0 max_abs_diff=0

=== /Users/Dilan/Projects/from-rtl-to-pixels/.venv/bin/python -m pytest -q /Users/Dilan/Projects/from-rtl-to-pixels/tb/tests/test_reference_model.py ===
.............                                                            [100%]
13 passed in 0.10s
ARCH_B_FUNCTIONAL_REGRESSION=PASS

SUMMARY
Architecture-A recovery revalidation after shared recovery-test repair: 3x3 11/11, 5x4 11/11, 8x5 11/11.
Architecture-B recovery: 3x3 11/11, 5x4 11/11, 8x5 11/11.
Random dimensions: 4x4, 5x5, 3x7, 7x3, 16x9, 31x17; three frames each, 18 total, all mismatch_count=0 and final_frame_count=3.
Canonical B: accepted_input=307200 accepted_output=307200 mismatch_count=0 FRAME_COUNT=1 diff_nonzero=0.
Direct A/B image comparison: pixel mismatch count=0 max absolute difference=0.
Reference pytest: 13 passed.
Architecture-A RTL modified: No.
Architecture-B synthesis/P&R/timing: Not run.
