=== CASE 1/17: reference pytest ===
$ .venv/bin/python -m pytest -q tb/tests/test_reference_model.py
.............                                                            [100%]
13 passed in 0.09s

exit_code=0

=== CASE 2/17: rgb_to_gray ===
$ make -f tb/tests/Makefile.rgb_to_gray
rm -f /var/folders/78/xn7s20w54m75pf1x_198zh980000gn/T/tmpr_gy2u9r/results.xml
/opt/homebrew/bin/verilator -cc --exe -Mdir /var/folders/78/xn7s20w54m75pf1x_198zh980000gn/T/tmpr_gy2u9r --top-module rgb_to_gray --timescale 1ns/1ps --vpi --public-flat-rw --prefix Vtop -o Vtop -LDFLAGS "-Wl,-rpath,/Users/Dilan/Projects/from-rtl-to-pixels/.venv/lib/python3.14/site-packages/cocotb/libs -L/Users/Dilan/Projects/from-rtl-to-pixels/.venv/lib/python3.14/site-packages/cocotb/libs -lcocotbvpi_verilator"  /Users/Dilan/Projects/from-rtl-to-pixels/rtl/pixel_pkg.sv /Users/Dilan/Projects/from-rtl-to-pixels/rtl/rgb_to_gray.sv /Users/Dilan/Projects/from-rtl-to-pixels/.venv/lib/python3.14/site-packages/cocotb/share/lib/verilator/verilator.cpp
- V e r i l a t i o n   R e p o r t: Verilator 5.052 2026-09-05 rev vUNKNOWN-built20260905
- Verilator: Built from 0.046 MB sources in 3 modules, into 0.031 MB in 6 C++ files needing 0.000 MB
- Verilator: Walltime 0.008 s (elab=0.001, cvt=0.003, bld=0.000); cpu 0.006 s on 1 threads; allocated 9.828 MB
/Applications/Xcode.app/Contents/Developer/usr/bin/make -C /var/folders/78/xn7s20w54m75pf1x_198zh980000gn/T/tmpr_gy2u9r  -f Vtop.mk
c++  -I.  -MMD -I/opt/homebrew/Cellar/verilator/5.052/share/verilator/include -I/opt/homebrew/Cellar/verilator/5.052/share/verilator/include/vltstd -DVERILATOR=1 -DVM_COVERAGE=0 -DVM_SC=0 -DVM_TIMING=0 -DVM_TRACE=0 -DVM_TRACE_FST=0 -DVM_TRACE_VCD=0 -DVM_TRACE_SAIF=0 -DVM_VPI=1 -faligned-new -fbracket-depth=4096 -fcf-protection=none -Xclang -fno-pch-timestamp -Qunused-arguments -Wno-bool-operation -Wno-c++11-narrowing -Wno-constant-logical-operand -Wno-int-in-bool-context -Wno-non-pod-varargs -Wno-parentheses-equality -Wno-shadow -Wno-sign-compare -Wno-tautological-bitwise-compare -Wno-tautological-compare -Wno-uninitialized -Wno-unnecessary-virtual-specifier -Wno-unused-but-set-parameter -Wno-unused-but-set-variable -Wno-unused-parameter -Wno-unused-variable -Wno-vla-cxx-extension      -Os  -c -o verilator.o /Users/Dilan/Projects/from-rtl-to-pixels/.venv/lib/python3.14/site-packages/cocotb/share/lib/verilator/verilator.cpp
c++ -Os  -I.  -MMD -I/opt/homebrew/Cellar/verilator/5.052/share/verilator/include -I/opt/homebrew/Cellar/verilator/5.052/share/verilator/include/vltstd -DVERILATOR=1 -DVM_COVERAGE=0 -DVM_SC=0 -DVM_TIMING=0 -DVM_TRACE=0 -DVM_TRACE_FST=0 -DVM_TRACE_VCD=0 -DVM_TRACE_SAIF=0 -DVM_VPI=1 -faligned-new -fbracket-depth=4096 -fcf-protection=none -Xclang -fno-pch-timestamp -Qunused-arguments -Wno-bool-operation -Wno-c++11-narrowing -Wno-constant-logical-operand -Wno-int-in-bool-context -Wno-non-pod-varargs -Wno-parentheses-equality -Wno-shadow -Wno-sign-compare -Wno-tautological-bitwise-compare -Wno-tautological-compare -Wno-uninitialized -Wno-unnecessary-virtual-specifier -Wno-unused-but-set-parameter -Wno-unused-but-set-variable -Wno-unused-parameter -Wno-unused-variable -Wno-vla-cxx-extension      -c -o verilated.o /opt/homebrew/Cellar/verilator/5.052/share/verilator/include/verilated.cpp
c++ -Os  -I.  -MMD -I/opt/homebrew/Cellar/verilator/5.052/share/verilator/include -I/opt/homebrew/Cellar/verilator/5.052/share/verilator/include/vltstd -DVERILATOR=1 -DVM_COVERAGE=0 -DVM_SC=0 -DVM_TIMING=0 -DVM_TRACE=0 -DVM_TRACE_FST=0 -DVM_TRACE_VCD=0 -DVM_TRACE_SAIF=0 -DVM_VPI=1 -faligned-new -fbracket-depth=4096 -fcf-protection=none -Xclang -fno-pch-timestamp -Qunused-arguments -Wno-bool-operation -Wno-c++11-narrowing -Wno-constant-logical-operand -Wno-int-in-bool-context -Wno-non-pod-varargs -Wno-parentheses-equality -Wno-shadow -Wno-sign-compare -Wno-tautological-bitwise-compare -Wno-tautological-compare -Wno-uninitialized -Wno-unnecessary-virtual-specifier -Wno-unused-but-set-parameter -Wno-unused-but-set-variable -Wno-unused-parameter -Wno-unused-variable -Wno-vla-cxx-extension      -c -o verilated_dpi.o /opt/homebrew/Cellar/verilator/5.052/share/verilator/include/verilated_dpi.cpp
c++ -Os  -I.  -MMD -I/opt/homebrew/Cellar/verilator/5.052/share/verilator/include -I/opt/homebrew/Cellar/verilator/5.052/share/verilator/include/vltstd -DVERILATOR=1 -DVM_COVERAGE=0 -DVM_SC=0 -DVM_TIMING=0 -DVM_TRACE=0 -DVM_TRACE_FST=0 -DVM_TRACE_VCD=0 -DVM_TRACE_SAIF=0 -DVM_VPI=1 -faligned-new -fbracket-depth=4096 -fcf-protection=none -Xclang -fno-pch-timestamp -Qunused-arguments -Wno-bool-operation -Wno-c++11-narrowing -Wno-constant-logical-operand -Wno-int-in-bool-context -Wno-non-pod-varargs -Wno-parentheses-equality -Wno-shadow -Wno-sign-compare -Wno-tautological-bitwise-compare -Wno-tautological-compare -Wno-uninitialized -Wno-unnecessary-virtual-specifier -Wno-unused-but-set-parameter -Wno-unused-but-set-variable -Wno-unused-parameter -Wno-unused-variable -Wno-vla-cxx-extension      -c -o verilated_vpi.o /opt/homebrew/Cellar/verilator/5.052/share/verilator/include/verilated_vpi.cpp
c++ -Os  -I.  -MMD -I/opt/homebrew/Cellar/verilator/5.052/share/verilator/include -I/opt/homebrew/Cellar/verilator/5.052/share/verilator/include/vltstd -DVERILATOR=1 -DVM_COVERAGE=0 -DVM_SC=0 -DVM_TIMING=0 -DVM_TRACE=0 -DVM_TRACE_FST=0 -DVM_TRACE_VCD=0 -DVM_TRACE_SAIF=0 -DVM_VPI=1 -faligned-new -fbracket-depth=4096 -fcf-protection=none -Xclang -fno-pch-timestamp -Qunused-arguments -Wno-bool-operation -Wno-c++11-narrowing -Wno-constant-logical-operand -Wno-int-in-bool-context -Wno-non-pod-varargs -Wno-parentheses-equality -Wno-shadow -Wno-sign-compare -Wno-tautological-bitwise-compare -Wno-tautological-compare -Wno-uninitialized -Wno-unnecessary-virtual-specifier -Wno-unused-but-set-parameter -Wno-unused-but-set-variable -Wno-unused-parameter -Wno-unused-variable -Wno-vla-cxx-extension      -c -o verilated_threads.o /opt/homebrew/Cellar/verilator/5.052/share/verilator/include/verilated_threads.cpp
python3 /opt/homebrew/Cellar/verilator/5.052/share/verilator/bin/verilator_includer -DVL_INCLUDE_OPT=include Vtop.cpp Vtop___024root__0.cpp Vtop__Dpi.cpp Vtop___024root__Slow.cpp Vtop___024root__0__Slow.cpp Vtop__Syms__Slow.cpp > Vtop__ALL.cpp
c++ -Os  -I.  -MMD -I/opt/homebrew/Cellar/verilator/5.052/share/verilator/include -I/opt/homebrew/Cellar/verilator/5.052/share/verilator/include/vltstd -DVERILATOR=1 -DVM_COVERAGE=0 -DVM_SC=0 -DVM_TIMING=0 -DVM_TRACE=0 -DVM_TRACE_FST=0 -DVM_TRACE_VCD=0 -DVM_TRACE_SAIF=0 -DVM_VPI=1 -faligned-new -fbracket-depth=4096 -fcf-protection=none -Xclang -fno-pch-timestamp -Qunused-arguments -Wno-bool-operation -Wno-c++11-narrowing -Wno-constant-logical-operand -Wno-int-in-bool-context -Wno-non-pod-varargs -Wno-parentheses-equality -Wno-shadow -Wno-sign-compare -Wno-tautological-bitwise-compare -Wno-tautological-compare -Wno-uninitialized -Wno-unnecessary-virtual-specifier -Wno-unused-but-set-parameter -Wno-unused-but-set-variable -Wno-unused-parameter -Wno-unused-variable -Wno-vla-cxx-extension      -c -o Vtop__ALL.o Vtop__ALL.cpp
c++  -Wl,-U,__Z15vl_time_stamp64v,-U,__Z13sc_time_stampv,-U,_vlog_startup_routines   -rdynamic verilator.o verilated.o verilated_dpi.o verilated_vpi.o verilated_threads.o Vtop__ALL.a   -Wl,-rpath,/Users/Dilan/Projects/from-rtl-to-pixels/.venv/lib/python3.14/site-packages/cocotb/libs -L/Users/Dilan/Projects/from-rtl-to-pixels/.venv/lib/python3.14/site-packages/cocotb/libs -lcocotbvpi_verilator  -pthread -lpthread -ldl   -o Vtop
rm Vtop__ALL.verilator_deplist.tmp
rm -f /var/folders/78/xn7s20w54m75pf1x_198zh980000gn/T/tmpr_gy2u9r/results.xml
COCOTB_TEST_MODULES=test_rgb_to_gray COCOTB_TESTCASE=  COCOTB_TOPLEVEL=rgb_to_gray TOPLEVEL_LANG=verilog       \
         /var/folders/78/xn7s20w54m75pf1x_198zh980000gn/T/tmpr_gy2u9r/Vtop
     -.--ns INFO     gpi                                ../gpi/GpiCommon.cpp:242  in gpi_load_users                  Loaded entry library: '/Library/Frameworks/Python.framework/Versions/3.14/Python'
     -.--ns INFO     gpi                                ../gpi/GpiCommon.cpp:234  in gpi_load_users                  Running entry func 'initialize' from loaded library '/Users/Dilan/Projects/from-rtl-to-pixels/.venv/lib/python3.14/site-packages/cocotb/simulator.cpython-314-darwin.so'
     -.--ns INFO     pygpi                              ..ib/pygpi/embed.cpp:115  in initialize                      Using Python 3.14.6 interpreter at /Users/Dilan/Projects/from-rtl-to-pixels/.venv/bin/python
     -.--ns INFO     gpi                                ../gpi/GpiCommon.cpp:74   in gpi_print_registered_impl       GPI: VPI support registered
     0.00ns INFO     cocotb.initialize                  Seeding Python random module with 1789909147
     0.00ns INFO     cocotb.initialize                  Initialized cocotb v2.1.0 from /Users/Dilan/Projects/from-rtl-to-pixels/.venv/lib/python3.14/site-packages/cocotb
     0.00ns INFO     cocotb.initialize                  Running on Verilator version 5.052 2026-09-05
     0.00ns INFO     cocotb.regression                  Running tests
     0.00ns INFO     cocotb.regression                  running test_rgb_to_gray.directed_values (1/3)
    13.00ns INFO     cocotb.regression                  test_rgb_to_gray.directed_values passed
    13.00ns INFO     cocotb.regression                  running test_rgb_to_gray.grayscale_identity_exhaustive (2/3)
   269.00ns INFO     cocotb.regression                  test_rgb_to_gray.grayscale_identity_exhaustive passed
   269.00ns INFO     cocotb.regression                  running test_rgb_to_gray.deterministic_random_vectors (3/3)
  2317.00ns INFO     cocotb.regression                  test_rgb_to_gray.deterministic_random_vectors passed
  2317.00ns INFO     cocotb.regression                  ********************************************************************************************************
                                                        ** TEST                                            STATUS  SIM TIME (ns)  REAL TIME (s)  RATIO (ns/s) **
                                                        ********************************************************************************************************
                                                        ** test_rgb_to_gray.directed_values                 PASS          13.00           0.00      38946.41  **
                                                        ** test_rgb_to_gray.grayscale_identity_exhaustive   PASS         256.00           0.00     106385.94  **
                                                        ** test_rgb_to_gray.deterministic_random_vectors    PASS        2048.00           0.15      13959.45  **
                                                        ********************************************************************************************************
                                                        ** TESTS=3 PASS=3 FAIL=0 SKIP=0                                 2317.00           0.15      15440.81  **
                                                        ********************************************************************************************************
- :0: Verilog $finish

exit_code=0

=== CASE 3/17: elastic_stage ===
$ make -f tb/tests/Makefile.elastic_stage
rm -f /var/folders/78/xn7s20w54m75pf1x_198zh980000gn/T/tmppjy_1fkl/results.xml
/opt/homebrew/bin/verilator -cc --exe -Mdir /var/folders/78/xn7s20w54m75pf1x_198zh980000gn/T/tmppjy_1fkl --top-module elastic_stage --timescale 1ns/1ps --vpi --public-flat-rw --prefix Vtop -o Vtop -LDFLAGS "-Wl,-rpath,/Users/Dilan/Projects/from-rtl-to-pixels/.venv/lib/python3.14/site-packages/cocotb/libs -L/Users/Dilan/Projects/from-rtl-to-pixels/.venv/lib/python3.14/site-packages/cocotb/libs -lcocotbvpi_verilator"  /Users/Dilan/Projects/from-rtl-to-pixels/rtl/elastic_stage.sv /Users/Dilan/Projects/from-rtl-to-pixels/.venv/lib/python3.14/site-packages/cocotb/share/lib/verilator/verilator.cpp
- V e r i l a t i o n   R e p o r t: Verilator 5.052 2026-09-05 rev vUNKNOWN-built20260905
- Verilator: Built from 0.032 MB sources in 2 modules, into 0.040 MB in 6 C++ files needing 0.000 MB
- Verilator: Walltime 0.007 s (elab=0.000, cvt=0.003, bld=0.000); cpu 0.006 s on 1 threads; allocated 9.938 MB
/Applications/Xcode.app/Contents/Developer/usr/bin/make -C /var/folders/78/xn7s20w54m75pf1x_198zh980000gn/T/tmppjy_1fkl  -f Vtop.mk
c++  -I.  -MMD -I/opt/homebrew/Cellar/verilator/5.052/share/verilator/include -I/opt/homebrew/Cellar/verilator/5.052/share/verilator/include/vltstd -DVERILATOR=1 -DVM_COVERAGE=0 -DVM_SC=0 -DVM_TIMING=0 -DVM_TRACE=0 -DVM_TRACE_FST=0 -DVM_TRACE_VCD=0 -DVM_TRACE_SAIF=0 -DVM_VPI=1 -faligned-new -fbracket-depth=4096 -fcf-protection=none -Xclang -fno-pch-timestamp -Qunused-arguments -Wno-bool-operation -Wno-c++11-narrowing -Wno-constant-logical-operand -Wno-int-in-bool-context -Wno-non-pod-varargs -Wno-parentheses-equality -Wno-shadow -Wno-sign-compare -Wno-tautological-bitwise-compare -Wno-tautological-compare -Wno-uninitialized -Wno-unnecessary-virtual-specifier -Wno-unused-but-set-parameter -Wno-unused-but-set-variable -Wno-unused-parameter -Wno-unused-variable -Wno-vla-cxx-extension      -Os  -c -o verilator.o /Users/Dilan/Projects/from-rtl-to-pixels/.venv/lib/python3.14/site-packages/cocotb/share/lib/verilator/verilator.cpp
c++ -Os  -I.  -MMD -I/opt/homebrew/Cellar/verilator/5.052/share/verilator/include -I/opt/homebrew/Cellar/verilator/5.052/share/verilator/include/vltstd -DVERILATOR=1 -DVM_COVERAGE=0 -DVM_SC=0 -DVM_TIMING=0 -DVM_TRACE=0 -DVM_TRACE_FST=0 -DVM_TRACE_VCD=0 -DVM_TRACE_SAIF=0 -DVM_VPI=1 -faligned-new -fbracket-depth=4096 -fcf-protection=none -Xclang -fno-pch-timestamp -Qunused-arguments -Wno-bool-operation -Wno-c++11-narrowing -Wno-constant-logical-operand -Wno-int-in-bool-context -Wno-non-pod-varargs -Wno-parentheses-equality -Wno-shadow -Wno-sign-compare -Wno-tautological-bitwise-compare -Wno-tautological-compare -Wno-uninitialized -Wno-unnecessary-virtual-specifier -Wno-unused-but-set-parameter -Wno-unused-but-set-variable -Wno-unused-parameter -Wno-unused-variable -Wno-vla-cxx-extension      -c -o verilated.o /opt/homebrew/Cellar/verilator/5.052/share/verilator/include/verilated.cpp
c++ -Os  -I.  -MMD -I/opt/homebrew/Cellar/verilator/5.052/share/verilator/include -I/opt/homebrew/Cellar/verilator/5.052/share/verilator/include/vltstd -DVERILATOR=1 -DVM_COVERAGE=0 -DVM_SC=0 -DVM_TIMING=0 -DVM_TRACE=0 -DVM_TRACE_FST=0 -DVM_TRACE_VCD=0 -DVM_TRACE_SAIF=0 -DVM_VPI=1 -faligned-new -fbracket-depth=4096 -fcf-protection=none -Xclang -fno-pch-timestamp -Qunused-arguments -Wno-bool-operation -Wno-c++11-narrowing -Wno-constant-logical-operand -Wno-int-in-bool-context -Wno-non-pod-varargs -Wno-parentheses-equality -Wno-shadow -Wno-sign-compare -Wno-tautological-bitwise-compare -Wno-tautological-compare -Wno-uninitialized -Wno-unnecessary-virtual-specifier -Wno-unused-but-set-parameter -Wno-unused-but-set-variable -Wno-unused-parameter -Wno-unused-variable -Wno-vla-cxx-extension      -c -o verilated_dpi.o /opt/homebrew/Cellar/verilator/5.052/share/verilator/include/verilated_dpi.cpp
c++ -Os  -I.  -MMD -I/opt/homebrew/Cellar/verilator/5.052/share/verilator/include -I/opt/homebrew/Cellar/verilator/5.052/share/verilator/include/vltstd -DVERILATOR=1 -DVM_COVERAGE=0 -DVM_SC=0 -DVM_TIMING=0 -DVM_TRACE=0 -DVM_TRACE_FST=0 -DVM_TRACE_VCD=0 -DVM_TRACE_SAIF=0 -DVM_VPI=1 -faligned-new -fbracket-depth=4096 -fcf-protection=none -Xclang -fno-pch-timestamp -Qunused-arguments -Wno-bool-operation -Wno-c++11-narrowing -Wno-constant-logical-operand -Wno-int-in-bool-context -Wno-non-pod-varargs -Wno-parentheses-equality -Wno-shadow -Wno-sign-compare -Wno-tautological-bitwise-compare -Wno-tautological-compare -Wno-uninitialized -Wno-unnecessary-virtual-specifier -Wno-unused-but-set-parameter -Wno-unused-but-set-variable -Wno-unused-parameter -Wno-unused-variable -Wno-vla-cxx-extension      -c -o verilated_vpi.o /opt/homebrew/Cellar/verilator/5.052/share/verilator/include/verilated_vpi.cpp
c++ -Os  -I.  -MMD -I/opt/homebrew/Cellar/verilator/5.052/share/verilator/include -I/opt/homebrew/Cellar/verilator/5.052/share/verilator/include/vltstd -DVERILATOR=1 -DVM_COVERAGE=0 -DVM_SC=0 -DVM_TIMING=0 -DVM_TRACE=0 -DVM_TRACE_FST=0 -DVM_TRACE_VCD=0 -DVM_TRACE_SAIF=0 -DVM_VPI=1 -faligned-new -fbracket-depth=4096 -fcf-protection=none -Xclang -fno-pch-timestamp -Qunused-arguments -Wno-bool-operation -Wno-c++11-narrowing -Wno-constant-logical-operand -Wno-int-in-bool-context -Wno-non-pod-varargs -Wno-parentheses-equality -Wno-shadow -Wno-sign-compare -Wno-tautological-bitwise-compare -Wno-tautological-compare -Wno-uninitialized -Wno-unnecessary-virtual-specifier -Wno-unused-but-set-parameter -Wno-unused-but-set-variable -Wno-unused-parameter -Wno-unused-variable -Wno-vla-cxx-extension      -c -o verilated_threads.o /opt/homebrew/Cellar/verilator/5.052/share/verilator/include/verilated_threads.cpp
python3 /opt/homebrew/Cellar/verilator/5.052/share/verilator/bin/verilator_includer -DVL_INCLUDE_OPT=include Vtop.cpp Vtop___024root__0.cpp Vtop__Dpi.cpp Vtop___024root__Slow.cpp Vtop___024root__0__Slow.cpp Vtop__Syms__Slow.cpp > Vtop__ALL.cpp
c++ -Os  -I.  -MMD -I/opt/homebrew/Cellar/verilator/5.052/share/verilator/include -I/opt/homebrew/Cellar/verilator/5.052/share/verilator/include/vltstd -DVERILATOR=1 -DVM_COVERAGE=0 -DVM_SC=0 -DVM_TIMING=0 -DVM_TRACE=0 -DVM_TRACE_FST=0 -DVM_TRACE_VCD=0 -DVM_TRACE_SAIF=0 -DVM_VPI=1 -faligned-new -fbracket-depth=4096 -fcf-protection=none -Xclang -fno-pch-timestamp -Qunused-arguments -Wno-bool-operation -Wno-c++11-narrowing -Wno-constant-logical-operand -Wno-int-in-bool-context -Wno-non-pod-varargs -Wno-parentheses-equality -Wno-shadow -Wno-sign-compare -Wno-tautological-bitwise-compare -Wno-tautological-compare -Wno-uninitialized -Wno-unnecessary-virtual-specifier -Wno-unused-but-set-parameter -Wno-unused-but-set-variable -Wno-unused-parameter -Wno-unused-variable -Wno-vla-cxx-extension      -c -o Vtop__ALL.o Vtop__ALL.cpp
c++  -Wl,-U,__Z15vl_time_stamp64v,-U,__Z13sc_time_stampv,-U,_vlog_startup_routines   -rdynamic verilator.o verilated.o verilated_dpi.o verilated_vpi.o verilated_threads.o Vtop__ALL.a   -Wl,-rpath,/Users/Dilan/Projects/from-rtl-to-pixels/.venv/lib/python3.14/site-packages/cocotb/libs -L/Users/Dilan/Projects/from-rtl-to-pixels/.venv/lib/python3.14/site-packages/cocotb/libs -lcocotbvpi_verilator  -pthread -lpthread -ldl   -o Vtop
rm Vtop__ALL.verilator_deplist.tmp
rm -f /var/folders/78/xn7s20w54m75pf1x_198zh980000gn/T/tmppjy_1fkl/results.xml
COCOTB_TEST_MODULES=test_elastic_stage COCOTB_TESTCASE=  COCOTB_TOPLEVEL=elastic_stage TOPLEVEL_LANG=verilog       \
         /var/folders/78/xn7s20w54m75pf1x_198zh980000gn/T/tmppjy_1fkl/Vtop
     -.--ns INFO     gpi                                ../gpi/GpiCommon.cpp:242  in gpi_load_users                  Loaded entry library: '/Library/Frameworks/Python.framework/Versions/3.14/Python'
     -.--ns INFO     gpi                                ../gpi/GpiCommon.cpp:234  in gpi_load_users                  Running entry func 'initialize' from loaded library '/Users/Dilan/Projects/from-rtl-to-pixels/.venv/lib/python3.14/site-packages/cocotb/simulator.cpython-314-darwin.so'
     -.--ns INFO     pygpi                              ..ib/pygpi/embed.cpp:115  in initialize                      Using Python 3.14.6 interpreter at /Users/Dilan/Projects/from-rtl-to-pixels/.venv/bin/python
     -.--ns INFO     gpi                                ../gpi/GpiCommon.cpp:74   in gpi_print_registered_impl       GPI: VPI support registered
     0.00ns INFO     cocotb.initialize                  Seeding Python random module with 1789909153
     0.00ns INFO     cocotb.initialize                  Initialized cocotb v2.1.0 from /Users/Dilan/Projects/from-rtl-to-pixels/.venv/lib/python3.14/site-packages/cocotb
     0.00ns INFO     cocotb.initialize                  Running on Verilator version 5.052 2026-09-05
     0.00ns INFO     cocotb.regression                  Running tests
     0.00ns INFO     cocotb.regression                  running test_elastic_stage.pass_through_no_stall (1/6)
    31.00ns INFO     cocotb.regression                  test_elastic_stage.pass_through_no_stall passed
    31.00ns INFO     cocotb.regression                  running test_elastic_stage.backpressure_holds_output_stable (2/6)
   102.00ns INFO     cocotb.regression                  test_elastic_stage.backpressure_holds_output_stable passed
   102.00ns INFO     cocotb.regression                  running test_elastic_stage.source_gaps_leave_stage_empty (3/6)
   173.00ns INFO     cocotb.regression                  test_elastic_stage.source_gaps_leave_stage_empty passed
   173.00ns INFO     cocotb.regression                  running test_elastic_stage.replacement_on_consume (4/6)
   214.00ns INFO     cocotb.regression                  test_elastic_stage.replacement_on_consume passed
   214.00ns INFO     cocotb.regression                  running test_elastic_stage.synchronous_reset_discards_stored_token (5/6)
   265.00ns INFO     cocotb.regression                  test_elastic_stage.synchronous_reset_discards_stored_token passed
   265.00ns INFO     cocotb.regression                  running test_elastic_stage.randomized_no_loss_or_duplication (6/6)
  2297.01ns INFO     cocotb.regression                  test_elastic_stage.randomized_no_loss_or_duplication passed
  2297.01ns INFO     cocotb.regression                  ********************************************************************************************************************
                                                        ** TEST                                                        STATUS  SIM TIME (ns)  REAL TIME (s)  RATIO (ns/s) **
                                                        ********************************************************************************************************************
                                                        ** test_elastic_stage.pass_through_no_stall                     PASS          31.00           0.00     111980.87  **
                                                        ** test_elastic_stage.backpressure_holds_output_stable          PASS          71.00           0.00     512173.15  **
                                                        ** test_elastic_stage.source_gaps_leave_stage_empty             PASS          71.00           0.00     753979.63  **
                                                        ** test_elastic_stage.replacement_on_consume                    PASS          41.00           0.00     560998.33  **
                                                        ** test_elastic_stage.synchronous_reset_discards_stored_token   PASS          51.00           0.00     736015.70  **
                                                        ** test_elastic_stage.randomized_no_loss_or_duplication         PASS        2032.00           0.00     907159.86  **
                                                        ********************************************************************************************************************
                                                        ** TESTS=6 PASS=6 FAIL=0 SKIP=0                                             2297.01           0.00     592017.85  **
                                                        ********************************************************************************************************************
- :0: Verilog $finish

exit_code=0

=== CASE 4/17: apb_regs ===
$ make -f tb/tests/Makefile.apb_regs
rm -f /var/folders/78/xn7s20w54m75pf1x_198zh980000gn/T/tmpccc9a4a8/results.xml
/opt/homebrew/bin/verilator -cc --exe -Mdir /var/folders/78/xn7s20w54m75pf1x_198zh980000gn/T/tmpccc9a4a8 --top-module apb_regs --timescale 1ns/1ps --vpi --public-flat-rw --prefix Vtop -o Vtop -LDFLAGS "-Wl,-rpath,/Users/Dilan/Projects/from-rtl-to-pixels/.venv/lib/python3.14/site-packages/cocotb/libs -L/Users/Dilan/Projects/from-rtl-to-pixels/.venv/lib/python3.14/site-packages/cocotb/libs -lcocotbvpi_verilator"  /Users/Dilan/Projects/from-rtl-to-pixels/rtl/apb_regs.sv /Users/Dilan/Projects/from-rtl-to-pixels/.venv/lib/python3.14/site-packages/cocotb/share/lib/verilator/verilator.cpp
- V e r i l a t i o n   R e p o r t: Verilator 5.052 2026-09-05 rev vUNKNOWN-built20260905
- Verilator: Built from 0.036 MB sources in 2 modules, into 0.060 MB in 7 C++ files needing 0.000 MB
- Verilator: Walltime 0.009 s (elab=0.000, cvt=0.004, bld=0.000); cpu 0.008 s on 1 threads; allocated 10.266 MB
/Applications/Xcode.app/Contents/Developer/usr/bin/make -C /var/folders/78/xn7s20w54m75pf1x_198zh980000gn/T/tmpccc9a4a8  -f Vtop.mk
c++  -I.  -MMD -I/opt/homebrew/Cellar/verilator/5.052/share/verilator/include -I/opt/homebrew/Cellar/verilator/5.052/share/verilator/include/vltstd -DVERILATOR=1 -DVM_COVERAGE=0 -DVM_SC=0 -DVM_TIMING=0 -DVM_TRACE=0 -DVM_TRACE_FST=0 -DVM_TRACE_VCD=0 -DVM_TRACE_SAIF=0 -DVM_VPI=1 -faligned-new -fbracket-depth=4096 -fcf-protection=none -Xclang -fno-pch-timestamp -Qunused-arguments -Wno-bool-operation -Wno-c++11-narrowing -Wno-constant-logical-operand -Wno-int-in-bool-context -Wno-non-pod-varargs -Wno-parentheses-equality -Wno-shadow -Wno-sign-compare -Wno-tautological-bitwise-compare -Wno-tautological-compare -Wno-uninitialized -Wno-unnecessary-virtual-specifier -Wno-unused-but-set-parameter -Wno-unused-but-set-variable -Wno-unused-parameter -Wno-unused-variable -Wno-vla-cxx-extension      -Os  -c -o verilator.o /Users/Dilan/Projects/from-rtl-to-pixels/.venv/lib/python3.14/site-packages/cocotb/share/lib/verilator/verilator.cpp
c++ -Os  -I.  -MMD -I/opt/homebrew/Cellar/verilator/5.052/share/verilator/include -I/opt/homebrew/Cellar/verilator/5.052/share/verilator/include/vltstd -DVERILATOR=1 -DVM_COVERAGE=0 -DVM_SC=0 -DVM_TIMING=0 -DVM_TRACE=0 -DVM_TRACE_FST=0 -DVM_TRACE_VCD=0 -DVM_TRACE_SAIF=0 -DVM_VPI=1 -faligned-new -fbracket-depth=4096 -fcf-protection=none -Xclang -fno-pch-timestamp -Qunused-arguments -Wno-bool-operation -Wno-c++11-narrowing -Wno-constant-logical-operand -Wno-int-in-bool-context -Wno-non-pod-varargs -Wno-parentheses-equality -Wno-shadow -Wno-sign-compare -Wno-tautological-bitwise-compare -Wno-tautological-compare -Wno-uninitialized -Wno-unnecessary-virtual-specifier -Wno-unused-but-set-parameter -Wno-unused-but-set-variable -Wno-unused-parameter -Wno-unused-variable -Wno-vla-cxx-extension      -c -o verilated.o /opt/homebrew/Cellar/verilator/5.052/share/verilator/include/verilated.cpp
c++ -Os  -I.  -MMD -I/opt/homebrew/Cellar/verilator/5.052/share/verilator/include -I/opt/homebrew/Cellar/verilator/5.052/share/verilator/include/vltstd -DVERILATOR=1 -DVM_COVERAGE=0 -DVM_SC=0 -DVM_TIMING=0 -DVM_TRACE=0 -DVM_TRACE_FST=0 -DVM_TRACE_VCD=0 -DVM_TRACE_SAIF=0 -DVM_VPI=1 -faligned-new -fbracket-depth=4096 -fcf-protection=none -Xclang -fno-pch-timestamp -Qunused-arguments -Wno-bool-operation -Wno-c++11-narrowing -Wno-constant-logical-operand -Wno-int-in-bool-context -Wno-non-pod-varargs -Wno-parentheses-equality -Wno-shadow -Wno-sign-compare -Wno-tautological-bitwise-compare -Wno-tautological-compare -Wno-uninitialized -Wno-unnecessary-virtual-specifier -Wno-unused-but-set-parameter -Wno-unused-but-set-variable -Wno-unused-parameter -Wno-unused-variable -Wno-vla-cxx-extension      -c -o verilated_dpi.o /opt/homebrew/Cellar/verilator/5.052/share/verilator/include/verilated_dpi.cpp
c++ -Os  -I.  -MMD -I/opt/homebrew/Cellar/verilator/5.052/share/verilator/include -I/opt/homebrew/Cellar/verilator/5.052/share/verilator/include/vltstd -DVERILATOR=1 -DVM_COVERAGE=0 -DVM_SC=0 -DVM_TIMING=0 -DVM_TRACE=0 -DVM_TRACE_FST=0 -DVM_TRACE_VCD=0 -DVM_TRACE_SAIF=0 -DVM_VPI=1 -faligned-new -fbracket-depth=4096 -fcf-protection=none -Xclang -fno-pch-timestamp -Qunused-arguments -Wno-bool-operation -Wno-c++11-narrowing -Wno-constant-logical-operand -Wno-int-in-bool-context -Wno-non-pod-varargs -Wno-parentheses-equality -Wno-shadow -Wno-sign-compare -Wno-tautological-bitwise-compare -Wno-tautological-compare -Wno-uninitialized -Wno-unnecessary-virtual-specifier -Wno-unused-but-set-parameter -Wno-unused-but-set-variable -Wno-unused-parameter -Wno-unused-variable -Wno-vla-cxx-extension      -c -o verilated_vpi.o /opt/homebrew/Cellar/verilator/5.052/share/verilator/include/verilated_vpi.cpp
c++ -Os  -I.  -MMD -I/opt/homebrew/Cellar/verilator/5.052/share/verilator/include -I/opt/homebrew/Cellar/verilator/5.052/share/verilator/include/vltstd -DVERILATOR=1 -DVM_COVERAGE=0 -DVM_SC=0 -DVM_TIMING=0 -DVM_TRACE=0 -DVM_TRACE_FST=0 -DVM_TRACE_VCD=0 -DVM_TRACE_SAIF=0 -DVM_VPI=1 -faligned-new -fbracket-depth=4096 -fcf-protection=none -Xclang -fno-pch-timestamp -Qunused-arguments -Wno-bool-operation -Wno-c++11-narrowing -Wno-constant-logical-operand -Wno-int-in-bool-context -Wno-non-pod-varargs -Wno-parentheses-equality -Wno-shadow -Wno-sign-compare -Wno-tautological-bitwise-compare -Wno-tautological-compare -Wno-uninitialized -Wno-unnecessary-virtual-specifier -Wno-unused-but-set-parameter -Wno-unused-but-set-variable -Wno-unused-parameter -Wno-unused-variable -Wno-vla-cxx-extension      -c -o verilated_threads.o /opt/homebrew/Cellar/verilator/5.052/share/verilator/include/verilated_threads.cpp
python3 /opt/homebrew/Cellar/verilator/5.052/share/verilator/bin/verilator_includer -DVL_INCLUDE_OPT=include Vtop.cpp Vtop___024root__0.cpp Vtop__Dpi.cpp Vtop__ConstPool__0__Slow.cpp Vtop___024root__Slow.cpp Vtop___024root__0__Slow.cpp Vtop__Syms__Slow.cpp > Vtop__ALL.cpp
c++ -Os  -I.  -MMD -I/opt/homebrew/Cellar/verilator/5.052/share/verilator/include -I/opt/homebrew/Cellar/verilator/5.052/share/verilator/include/vltstd -DVERILATOR=1 -DVM_COVERAGE=0 -DVM_SC=0 -DVM_TIMING=0 -DVM_TRACE=0 -DVM_TRACE_FST=0 -DVM_TRACE_VCD=0 -DVM_TRACE_SAIF=0 -DVM_VPI=1 -faligned-new -fbracket-depth=4096 -fcf-protection=none -Xclang -fno-pch-timestamp -Qunused-arguments -Wno-bool-operation -Wno-c++11-narrowing -Wno-constant-logical-operand -Wno-int-in-bool-context -Wno-non-pod-varargs -Wno-parentheses-equality -Wno-shadow -Wno-sign-compare -Wno-tautological-bitwise-compare -Wno-tautological-compare -Wno-uninitialized -Wno-unnecessary-virtual-specifier -Wno-unused-but-set-parameter -Wno-unused-but-set-variable -Wno-unused-parameter -Wno-unused-variable -Wno-vla-cxx-extension      -c -o Vtop__ALL.o Vtop__ALL.cpp
c++  -Wl,-U,__Z15vl_time_stamp64v,-U,__Z13sc_time_stampv,-U,_vlog_startup_routines   -rdynamic verilator.o verilated.o verilated_dpi.o verilated_vpi.o verilated_threads.o Vtop__ALL.a   -Wl,-rpath,/Users/Dilan/Projects/from-rtl-to-pixels/.venv/lib/python3.14/site-packages/cocotb/libs -L/Users/Dilan/Projects/from-rtl-to-pixels/.venv/lib/python3.14/site-packages/cocotb/libs -lcocotbvpi_verilator  -pthread -lpthread -ldl   -o Vtop
rm Vtop__ALL.verilator_deplist.tmp
rm -f /var/folders/78/xn7s20w54m75pf1x_198zh980000gn/T/tmpccc9a4a8/results.xml
COCOTB_TEST_MODULES=test_apb_regs COCOTB_TESTCASE=  COCOTB_TOPLEVEL=apb_regs TOPLEVEL_LANG=verilog       \
         /var/folders/78/xn7s20w54m75pf1x_198zh980000gn/T/tmpccc9a4a8/Vtop
     -.--ns INFO     gpi                                ../gpi/GpiCommon.cpp:242  in gpi_load_users                  Loaded entry library: '/Library/Frameworks/Python.framework/Versions/3.14/Python'
     -.--ns INFO     gpi                                ../gpi/GpiCommon.cpp:234  in gpi_load_users                  Running entry func 'initialize' from loaded library '/Users/Dilan/Projects/from-rtl-to-pixels/.venv/lib/python3.14/site-packages/cocotb/simulator.cpython-314-darwin.so'
     -.--ns INFO     pygpi                              ..ib/pygpi/embed.cpp:115  in initialize                      Using Python 3.14.6 interpreter at /Users/Dilan/Projects/from-rtl-to-pixels/.venv/bin/python
     -.--ns INFO     gpi                                ../gpi/GpiCommon.cpp:74   in gpi_print_registered_impl       GPI: VPI support registered
     0.00ns INFO     cocotb.initialize                  Seeding Python random module with 1789909159
     0.00ns INFO     cocotb.initialize                  Initialized cocotb v2.1.0 from /Users/Dilan/Projects/from-rtl-to-pixels/.venv/lib/python3.14/site-packages/cocotb
     0.00ns INFO     cocotb.initialize                  Running on Verilator version 5.052 2026-09-05
     0.00ns INFO     cocotb.regression                  Running tests
     0.00ns INFO     cocotb.regression                  running test_apb_regs.reset_defaults_and_valid_reads (1/7)
    92.00ns INFO     cocotb.regression                  test_apb_regs.reset_defaults_and_valid_reads passed
    92.00ns INFO     cocotb.regression                  running test_apb_regs.valid_writes_shadow_then_sof_updates_active (2/7)
   244.00ns INFO     cocotb.regression                  test_apb_regs.valid_writes_shadow_then_sof_updates_active passed
   244.00ns INFO     cocotb.regression                  running test_apb_regs.simultaneous_config_write_and_sof_uses_preedge_shadow (3/7)
   456.00ns INFO     cocotb.regression                  test_apb_regs.simultaneous_config_write_and_sof_uses_preedge_shadow passed
   456.00ns INFO     cocotb.regression                  running test_apb_regs.busy_draining_and_run_enable_storage (4/7)
   598.00ns INFO     cocotb.regression                  test_apb_regs.busy_draining_and_run_enable_storage passed
   598.00ns INFO     cocotb.regression                  running test_apb_regs.invalid_and_misaligned_accesses_error_without_side_effect (5/7)
   800.00ns INFO     cocotb.regression                  test_apb_regs.invalid_and_misaligned_accesses_error_without_side_effect passed
   800.00ns INFO     cocotb.regression                  running test_apb_regs.frame_error_is_sticky_w1c_and_set_wins (6/7)
  1012.00ns INFO     cocotb.regression                  test_apb_regs.frame_error_is_sticky_w1c_and_set_wins passed
  1012.00ns INFO     cocotb.regression                  running test_apb_regs.frame_count_increments_and_wraps (7/7)
  1164.01ns INFO     cocotb.regression                  test_apb_regs.frame_count_increments_and_wraps passed
  1164.01ns INFO     cocotb.regression                  *********************************************************************************************************************************
                                                        ** TEST                                                                     STATUS  SIM TIME (ns)  REAL TIME (s)  RATIO (ns/s) **
                                                        *********************************************************************************************************************************
                                                        ** test_apb_regs.reset_defaults_and_valid_reads                              PASS          92.00           0.00     179075.43  **
                                                        ** test_apb_regs.valid_writes_shadow_then_sof_updates_active                 PASS         152.00           0.00     574488.92  **
                                                        ** test_apb_regs.simultaneous_config_write_and_sof_uses_preedge_shadow       PASS         212.00           0.00     717226.64  **
                                                        ** test_apb_regs.busy_draining_and_run_enable_storage                        PASS         142.00           0.00     663681.65  **
                                                        ** test_apb_regs.invalid_and_misaligned_accesses_error_without_side_effect   PASS         202.00           0.00     759635.53  **
                                                        ** test_apb_regs.frame_error_is_sticky_w1c_and_set_wins                      PASS         212.00           0.00     716821.65  **
                                                        ** test_apb_regs.frame_count_increments_and_wraps                            PASS         152.00           0.00     716558.63  **
                                                        *********************************************************************************************************************************
                                                        ** TESTS=7 PASS=7 FAIL=0 SKIP=0                                                          1164.01           0.00     384795.37  **
                                                        *********************************************************************************************************************************
- :0: Verilog $finish

exit_code=0

=== CASE 5/17: pixel_control 3x3 ===
$ make -f tb/tests/Makefile.pixel_control
Environment: IMG_WIDTH=3 IMG_HEIGHT=3
rm -f /var/folders/78/xn7s20w54m75pf1x_198zh980000gn/T/tmp46lzc_5j/results.xml
/opt/homebrew/bin/verilator -cc --exe -Mdir /var/folders/78/xn7s20w54m75pf1x_198zh980000gn/T/tmp46lzc_5j --top-module pixel_control -GIMG_WIDTH=3 -GIMG_HEIGHT=3 --timescale 1ns/1ps --vpi --public-flat-rw --prefix Vtop -o Vtop -LDFLAGS "-Wl,-rpath,/Users/Dilan/Projects/from-rtl-to-pixels/.venv/lib/python3.14/site-packages/cocotb/libs -L/Users/Dilan/Projects/from-rtl-to-pixels/.venv/lib/python3.14/site-packages/cocotb/libs -lcocotbvpi_verilator"  /Users/Dilan/Projects/from-rtl-to-pixels/rtl/pixel_control.sv /Users/Dilan/Projects/from-rtl-to-pixels/.venv/lib/python3.14/site-packages/cocotb/share/lib/verilator/verilator.cpp
- V e r i l a t i o n   R e p o r t: Verilator 5.052 2026-09-05 rev vUNKNOWN-built20260905
- Verilator: Built from 0.035 MB sources in 2 modules, into 0.055 MB in 7 C++ files needing 0.000 MB
- Verilator: Walltime 0.009 s (elab=0.000, cvt=0.004, bld=0.000); cpu 0.008 s on 1 threads; allocated 10.453 MB
/Applications/Xcode.app/Contents/Developer/usr/bin/make -C /var/folders/78/xn7s20w54m75pf1x_198zh980000gn/T/tmp46lzc_5j  -f Vtop.mk
c++  -I.  -MMD -I/opt/homebrew/Cellar/verilator/5.052/share/verilator/include -I/opt/homebrew/Cellar/verilator/5.052/share/verilator/include/vltstd -DVERILATOR=1 -DVM_COVERAGE=0 -DVM_SC=0 -DVM_TIMING=0 -DVM_TRACE=0 -DVM_TRACE_FST=0 -DVM_TRACE_VCD=0 -DVM_TRACE_SAIF=0 -DVM_VPI=1 -faligned-new -fbracket-depth=4096 -fcf-protection=none -Xclang -fno-pch-timestamp -Qunused-arguments -Wno-bool-operation -Wno-c++11-narrowing -Wno-constant-logical-operand -Wno-int-in-bool-context -Wno-non-pod-varargs -Wno-parentheses-equality -Wno-shadow -Wno-sign-compare -Wno-tautological-bitwise-compare -Wno-tautological-compare -Wno-uninitialized -Wno-unnecessary-virtual-specifier -Wno-unused-but-set-parameter -Wno-unused-but-set-variable -Wno-unused-parameter -Wno-unused-variable -Wno-vla-cxx-extension      -Os  -c -o verilator.o /Users/Dilan/Projects/from-rtl-to-pixels/.venv/lib/python3.14/site-packages/cocotb/share/lib/verilator/verilator.cpp
c++ -Os  -I.  -MMD -I/opt/homebrew/Cellar/verilator/5.052/share/verilator/include -I/opt/homebrew/Cellar/verilator/5.052/share/verilator/include/vltstd -DVERILATOR=1 -DVM_COVERAGE=0 -DVM_SC=0 -DVM_TIMING=0 -DVM_TRACE=0 -DVM_TRACE_FST=0 -DVM_TRACE_VCD=0 -DVM_TRACE_SAIF=0 -DVM_VPI=1 -faligned-new -fbracket-depth=4096 -fcf-protection=none -Xclang -fno-pch-timestamp -Qunused-arguments -Wno-bool-operation -Wno-c++11-narrowing -Wno-constant-logical-operand -Wno-int-in-bool-context -Wno-non-pod-varargs -Wno-parentheses-equality -Wno-shadow -Wno-sign-compare -Wno-tautological-bitwise-compare -Wno-tautological-compare -Wno-uninitialized -Wno-unnecessary-virtual-specifier -Wno-unused-but-set-parameter -Wno-unused-but-set-variable -Wno-unused-parameter -Wno-unused-variable -Wno-vla-cxx-extension      -c -o verilated.o /opt/homebrew/Cellar/verilator/5.052/share/verilator/include/verilated.cpp
c++ -Os  -I.  -MMD -I/opt/homebrew/Cellar/verilator/5.052/share/verilator/include -I/opt/homebrew/Cellar/verilator/5.052/share/verilator/include/vltstd -DVERILATOR=1 -DVM_COVERAGE=0 -DVM_SC=0 -DVM_TIMING=0 -DVM_TRACE=0 -DVM_TRACE_FST=0 -DVM_TRACE_VCD=0 -DVM_TRACE_SAIF=0 -DVM_VPI=1 -faligned-new -fbracket-depth=4096 -fcf-protection=none -Xclang -fno-pch-timestamp -Qunused-arguments -Wno-bool-operation -Wno-c++11-narrowing -Wno-constant-logical-operand -Wno-int-in-bool-context -Wno-non-pod-varargs -Wno-parentheses-equality -Wno-shadow -Wno-sign-compare -Wno-tautological-bitwise-compare -Wno-tautological-compare -Wno-uninitialized -Wno-unnecessary-virtual-specifier -Wno-unused-but-set-parameter -Wno-unused-but-set-variable -Wno-unused-parameter -Wno-unused-variable -Wno-vla-cxx-extension      -c -o verilated_dpi.o /opt/homebrew/Cellar/verilator/5.052/share/verilator/include/verilated_dpi.cpp
c++ -Os  -I.  -MMD -I/opt/homebrew/Cellar/verilator/5.052/share/verilator/include -I/opt/homebrew/Cellar/verilator/5.052/share/verilator/include/vltstd -DVERILATOR=1 -DVM_COVERAGE=0 -DVM_SC=0 -DVM_TIMING=0 -DVM_TRACE=0 -DVM_TRACE_FST=0 -DVM_TRACE_VCD=0 -DVM_TRACE_SAIF=0 -DVM_VPI=1 -faligned-new -fbracket-depth=4096 -fcf-protection=none -Xclang -fno-pch-timestamp -Qunused-arguments -Wno-bool-operation -Wno-c++11-narrowing -Wno-constant-logical-operand -Wno-int-in-bool-context -Wno-non-pod-varargs -Wno-parentheses-equality -Wno-shadow -Wno-sign-compare -Wno-tautological-bitwise-compare -Wno-tautological-compare -Wno-uninitialized -Wno-unnecessary-virtual-specifier -Wno-unused-but-set-parameter -Wno-unused-but-set-variable -Wno-unused-parameter -Wno-unused-variable -Wno-vla-cxx-extension      -c -o verilated_vpi.o /opt/homebrew/Cellar/verilator/5.052/share/verilator/include/verilated_vpi.cpp
c++ -Os  -I.  -MMD -I/opt/homebrew/Cellar/verilator/5.052/share/verilator/include -I/opt/homebrew/Cellar/verilator/5.052/share/verilator/include/vltstd -DVERILATOR=1 -DVM_COVERAGE=0 -DVM_SC=0 -DVM_TIMING=0 -DVM_TRACE=0 -DVM_TRACE_FST=0 -DVM_TRACE_VCD=0 -DVM_TRACE_SAIF=0 -DVM_VPI=1 -faligned-new -fbracket-depth=4096 -fcf-protection=none -Xclang -fno-pch-timestamp -Qunused-arguments -Wno-bool-operation -Wno-c++11-narrowing -Wno-constant-logical-operand -Wno-int-in-bool-context -Wno-non-pod-varargs -Wno-parentheses-equality -Wno-shadow -Wno-sign-compare -Wno-tautological-bitwise-compare -Wno-tautological-compare -Wno-uninitialized -Wno-unnecessary-virtual-specifier -Wno-unused-but-set-parameter -Wno-unused-but-set-variable -Wno-unused-parameter -Wno-unused-variable -Wno-vla-cxx-extension      -c -o verilated_threads.o /opt/homebrew/Cellar/verilator/5.052/share/verilator/include/verilated_threads.cpp
python3 /opt/homebrew/Cellar/verilator/5.052/share/verilator/bin/verilator_includer -DVL_INCLUDE_OPT=include Vtop.cpp Vtop___024root__0.cpp Vtop__Dpi.cpp Vtop__ConstPool__0__Slow.cpp Vtop___024root__Slow.cpp Vtop___024root__0__Slow.cpp Vtop__Syms__Slow.cpp > Vtop__ALL.cpp
c++ -Os  -I.  -MMD -I/opt/homebrew/Cellar/verilator/5.052/share/verilator/include -I/opt/homebrew/Cellar/verilator/5.052/share/verilator/include/vltstd -DVERILATOR=1 -DVM_COVERAGE=0 -DVM_SC=0 -DVM_TIMING=0 -DVM_TRACE=0 -DVM_TRACE_FST=0 -DVM_TRACE_VCD=0 -DVM_TRACE_SAIF=0 -DVM_VPI=1 -faligned-new -fbracket-depth=4096 -fcf-protection=none -Xclang -fno-pch-timestamp -Qunused-arguments -Wno-bool-operation -Wno-c++11-narrowing -Wno-constant-logical-operand -Wno-int-in-bool-context -Wno-non-pod-varargs -Wno-parentheses-equality -Wno-shadow -Wno-sign-compare -Wno-tautological-bitwise-compare -Wno-tautological-compare -Wno-uninitialized -Wno-unnecessary-virtual-specifier -Wno-unused-but-set-parameter -Wno-unused-but-set-variable -Wno-unused-parameter -Wno-unused-variable -Wno-vla-cxx-extension      -c -o Vtop__ALL.o Vtop__ALL.cpp
c++  -Wl,-U,__Z15vl_time_stamp64v,-U,__Z13sc_time_stampv,-U,_vlog_startup_routines   -rdynamic verilator.o verilated.o verilated_dpi.o verilated_vpi.o verilated_threads.o Vtop__ALL.a   -Wl,-rpath,/Users/Dilan/Projects/from-rtl-to-pixels/.venv/lib/python3.14/site-packages/cocotb/libs -L/Users/Dilan/Projects/from-rtl-to-pixels/.venv/lib/python3.14/site-packages/cocotb/libs -lcocotbvpi_verilator  -pthread -lpthread -ldl   -o Vtop
rm Vtop__ALL.verilator_deplist.tmp
rm -f /var/folders/78/xn7s20w54m75pf1x_198zh980000gn/T/tmp46lzc_5j/results.xml
COCOTB_TEST_MODULES=test_pixel_control COCOTB_TESTCASE=  COCOTB_TOPLEVEL=pixel_control TOPLEVEL_LANG=verilog       \
         /var/folders/78/xn7s20w54m75pf1x_198zh980000gn/T/tmp46lzc_5j/Vtop
     -.--ns INFO     gpi                                ../gpi/GpiCommon.cpp:242  in gpi_load_users                  Loaded entry library: '/Library/Frameworks/Python.framework/Versions/3.14/Python'
     -.--ns INFO     gpi                                ../gpi/GpiCommon.cpp:234  in gpi_load_users                  Running entry func 'initialize' from loaded library '/Users/Dilan/Projects/from-rtl-to-pixels/.venv/lib/python3.14/site-packages/cocotb/simulator.cpython-314-darwin.so'
     -.--ns INFO     pygpi                              ..ib/pygpi/embed.cpp:115  in initialize                      Using Python 3.14.6 interpreter at /Users/Dilan/Projects/from-rtl-to-pixels/.venv/bin/python
     -.--ns INFO     gpi                                ../gpi/GpiCommon.cpp:74   in gpi_print_registered_impl       GPI: VPI support registered
     0.00ns INFO     cocotb.initialize                  Seeding Python random module with 1789909165
     0.00ns INFO     cocotb.initialize                  Initialized cocotb v2.1.0 from /Users/Dilan/Projects/from-rtl-to-pixels/.venv/lib/python3.14/site-packages/cocotb
     0.00ns INFO     cocotb.initialize                  Running on Verilator version 5.052 2026-09-05
     0.00ns INFO     cocotb.regression                  Running tests
     0.00ns INFO     cocotb.regression                  running test_pixel_control.correct_frame_tracks_coordinates (1/7)
   101.00ns INFO     cocotb.regression                  test_pixel_control.correct_frame_tracks_coordinates passed
   101.00ns INFO     cocotb.regression                  running test_pixel_control.non_accept_cycles_hold_position (2/7)
   202.00ns INFO     cocotb.regression                  test_pixel_control.non_accept_cycles_hold_position passed
   202.00ns INFO     cocotb.regression                  running test_pixel_control.missing_and_unexpected_sof_abort (3/7)
   253.00ns INFO     cocotb.regression                  test_pixel_control.missing_and_unexpected_sof_abort passed
   253.00ns INFO     cocotb.regression                  running test_pixel_control.premature_and_missing_eol_abort (4/7)
   324.00ns INFO     cocotb.regression                  test_pixel_control.premature_and_missing_eol_abort passed
   324.00ns INFO     cocotb.regression                  running test_pixel_control.recovery_requires_new_valid_sof (5/7)
   465.00ns INFO     cocotb.regression                  test_pixel_control.recovery_requires_new_valid_sof passed
   465.00ns INFO     cocotb.regression                  running test_pixel_control.synchronous_reset_aborts_partial_frame (6/7)
   526.00ns INFO     cocotb.regression                  test_pixel_control.synchronous_reset_aborts_partial_frame passed
   526.00ns INFO     cocotb.regression                  running test_pixel_control.exact_last_pixel_event_and_return_to_wait_sof (7/7)
   637.01ns INFO     cocotb.regression                  test_pixel_control.exact_last_pixel_event_and_return_to_wait_sof passed
   637.01ns INFO     cocotb.regression                  **************************************************************************************************************************
                                                        ** TEST                                                              STATUS  SIM TIME (ns)  REAL TIME (s)  RATIO (ns/s) **
                                                        **************************************************************************************************************************
                                                        ** test_pixel_control.correct_frame_tracks_coordinates                PASS         101.00           0.00     186662.33  **
                                                        ** test_pixel_control.non_accept_cycles_hold_position                 PASS         101.00           0.00     402124.47  **
                                                        ** test_pixel_control.missing_and_unexpected_sof_abort                PASS          51.00           0.00     442036.87  **
                                                        ** test_pixel_control.premature_and_missing_eol_abort                 PASS          71.00           0.00     476379.01  **
                                                        ** test_pixel_control.recovery_requires_new_valid_sof                 PASS         141.00           0.00     525791.76  **
                                                        ** test_pixel_control.synchronous_reset_aborts_partial_frame          PASS          61.00           0.00     483969.48  **
                                                        ** test_pixel_control.exact_last_pixel_event_and_return_to_wait_sof   PASS         111.00           0.00     517784.29  **
                                                        **************************************************************************************************************************
                                                        ** TESTS=7 PASS=7 FAIL=0 SKIP=0                                                    637.01           0.00     241172.12  **
                                                        **************************************************************************************************************************
- :0: Verilog $finish

exit_code=0

=== CASE 6/17: pixel_control 5x4 ===
$ make -f tb/tests/Makefile.pixel_control
Environment: IMG_WIDTH=5 IMG_HEIGHT=4
rm -f /var/folders/78/xn7s20w54m75pf1x_198zh980000gn/T/tmpe859ep11/results.xml
/opt/homebrew/bin/verilator -cc --exe -Mdir /var/folders/78/xn7s20w54m75pf1x_198zh980000gn/T/tmpe859ep11 --top-module pixel_control -GIMG_WIDTH=5 -GIMG_HEIGHT=4 --timescale 1ns/1ps --vpi --public-flat-rw --prefix Vtop -o Vtop -LDFLAGS "-Wl,-rpath,/Users/Dilan/Projects/from-rtl-to-pixels/.venv/lib/python3.14/site-packages/cocotb/libs -L/Users/Dilan/Projects/from-rtl-to-pixels/.venv/lib/python3.14/site-packages/cocotb/libs -lcocotbvpi_verilator"  /Users/Dilan/Projects/from-rtl-to-pixels/rtl/pixel_control.sv /Users/Dilan/Projects/from-rtl-to-pixels/.venv/lib/python3.14/site-packages/cocotb/share/lib/verilator/verilator.cpp
- V e r i l a t i o n   R e p o r t: Verilator 5.052 2026-09-05 rev vUNKNOWN-built20260905
- Verilator: Built from 0.035 MB sources in 2 modules, into 0.052 MB in 6 C++ files needing 0.000 MB
- Verilator: Walltime 0.007 s (elab=0.000, cvt=0.004, bld=0.000); cpu 0.007 s on 1 threads; allocated 10.250 MB
/Applications/Xcode.app/Contents/Developer/usr/bin/make -C /var/folders/78/xn7s20w54m75pf1x_198zh980000gn/T/tmpe859ep11  -f Vtop.mk
c++  -I.  -MMD -I/opt/homebrew/Cellar/verilator/5.052/share/verilator/include -I/opt/homebrew/Cellar/verilator/5.052/share/verilator/include/vltstd -DVERILATOR=1 -DVM_COVERAGE=0 -DVM_SC=0 -DVM_TIMING=0 -DVM_TRACE=0 -DVM_TRACE_FST=0 -DVM_TRACE_VCD=0 -DVM_TRACE_SAIF=0 -DVM_VPI=1 -faligned-new -fbracket-depth=4096 -fcf-protection=none -Xclang -fno-pch-timestamp -Qunused-arguments -Wno-bool-operation -Wno-c++11-narrowing -Wno-constant-logical-operand -Wno-int-in-bool-context -Wno-non-pod-varargs -Wno-parentheses-equality -Wno-shadow -Wno-sign-compare -Wno-tautological-bitwise-compare -Wno-tautological-compare -Wno-uninitialized -Wno-unnecessary-virtual-specifier -Wno-unused-but-set-parameter -Wno-unused-but-set-variable -Wno-unused-parameter -Wno-unused-variable -Wno-vla-cxx-extension      -Os  -c -o verilator.o /Users/Dilan/Projects/from-rtl-to-pixels/.venv/lib/python3.14/site-packages/cocotb/share/lib/verilator/verilator.cpp
c++ -Os  -I.  -MMD -I/opt/homebrew/Cellar/verilator/5.052/share/verilator/include -I/opt/homebrew/Cellar/verilator/5.052/share/verilator/include/vltstd -DVERILATOR=1 -DVM_COVERAGE=0 -DVM_SC=0 -DVM_TIMING=0 -DVM_TRACE=0 -DVM_TRACE_FST=0 -DVM_TRACE_VCD=0 -DVM_TRACE_SAIF=0 -DVM_VPI=1 -faligned-new -fbracket-depth=4096 -fcf-protection=none -Xclang -fno-pch-timestamp -Qunused-arguments -Wno-bool-operation -Wno-c++11-narrowing -Wno-constant-logical-operand -Wno-int-in-bool-context -Wno-non-pod-varargs -Wno-parentheses-equality -Wno-shadow -Wno-sign-compare -Wno-tautological-bitwise-compare -Wno-tautological-compare -Wno-uninitialized -Wno-unnecessary-virtual-specifier -Wno-unused-but-set-parameter -Wno-unused-but-set-variable -Wno-unused-parameter -Wno-unused-variable -Wno-vla-cxx-extension      -c -o verilated.o /opt/homebrew/Cellar/verilator/5.052/share/verilator/include/verilated.cpp
c++ -Os  -I.  -MMD -I/opt/homebrew/Cellar/verilator/5.052/share/verilator/include -I/opt/homebrew/Cellar/verilator/5.052/share/verilator/include/vltstd -DVERILATOR=1 -DVM_COVERAGE=0 -DVM_SC=0 -DVM_TIMING=0 -DVM_TRACE=0 -DVM_TRACE_FST=0 -DVM_TRACE_VCD=0 -DVM_TRACE_SAIF=0 -DVM_VPI=1 -faligned-new -fbracket-depth=4096 -fcf-protection=none -Xclang -fno-pch-timestamp -Qunused-arguments -Wno-bool-operation -Wno-c++11-narrowing -Wno-constant-logical-operand -Wno-int-in-bool-context -Wno-non-pod-varargs -Wno-parentheses-equality -Wno-shadow -Wno-sign-compare -Wno-tautological-bitwise-compare -Wno-tautological-compare -Wno-uninitialized -Wno-unnecessary-virtual-specifier -Wno-unused-but-set-parameter -Wno-unused-but-set-variable -Wno-unused-parameter -Wno-unused-variable -Wno-vla-cxx-extension      -c -o verilated_dpi.o /opt/homebrew/Cellar/verilator/5.052/share/verilator/include/verilated_dpi.cpp
c++ -Os  -I.  -MMD -I/opt/homebrew/Cellar/verilator/5.052/share/verilator/include -I/opt/homebrew/Cellar/verilator/5.052/share/verilator/include/vltstd -DVERILATOR=1 -DVM_COVERAGE=0 -DVM_SC=0 -DVM_TIMING=0 -DVM_TRACE=0 -DVM_TRACE_FST=0 -DVM_TRACE_VCD=0 -DVM_TRACE_SAIF=0 -DVM_VPI=1 -faligned-new -fbracket-depth=4096 -fcf-protection=none -Xclang -fno-pch-timestamp -Qunused-arguments -Wno-bool-operation -Wno-c++11-narrowing -Wno-constant-logical-operand -Wno-int-in-bool-context -Wno-non-pod-varargs -Wno-parentheses-equality -Wno-shadow -Wno-sign-compare -Wno-tautological-bitwise-compare -Wno-tautological-compare -Wno-uninitialized -Wno-unnecessary-virtual-specifier -Wno-unused-but-set-parameter -Wno-unused-but-set-variable -Wno-unused-parameter -Wno-unused-variable -Wno-vla-cxx-extension      -c -o verilated_vpi.o /opt/homebrew/Cellar/verilator/5.052/share/verilator/include/verilated_vpi.cpp
c++ -Os  -I.  -MMD -I/opt/homebrew/Cellar/verilator/5.052/share/verilator/include -I/opt/homebrew/Cellar/verilator/5.052/share/verilator/include/vltstd -DVERILATOR=1 -DVM_COVERAGE=0 -DVM_SC=0 -DVM_TIMING=0 -DVM_TRACE=0 -DVM_TRACE_FST=0 -DVM_TRACE_VCD=0 -DVM_TRACE_SAIF=0 -DVM_VPI=1 -faligned-new -fbracket-depth=4096 -fcf-protection=none -Xclang -fno-pch-timestamp -Qunused-arguments -Wno-bool-operation -Wno-c++11-narrowing -Wno-constant-logical-operand -Wno-int-in-bool-context -Wno-non-pod-varargs -Wno-parentheses-equality -Wno-shadow -Wno-sign-compare -Wno-tautological-bitwise-compare -Wno-tautological-compare -Wno-uninitialized -Wno-unnecessary-virtual-specifier -Wno-unused-but-set-parameter -Wno-unused-but-set-variable -Wno-unused-parameter -Wno-unused-variable -Wno-vla-cxx-extension      -c -o verilated_threads.o /opt/homebrew/Cellar/verilator/5.052/share/verilator/include/verilated_threads.cpp
python3 /opt/homebrew/Cellar/verilator/5.052/share/verilator/bin/verilator_includer -DVL_INCLUDE_OPT=include Vtop.cpp Vtop___024root__0.cpp Vtop__Dpi.cpp Vtop___024root__Slow.cpp Vtop___024root__0__Slow.cpp Vtop__Syms__Slow.cpp > Vtop__ALL.cpp
c++ -Os  -I.  -MMD -I/opt/homebrew/Cellar/verilator/5.052/share/verilator/include -I/opt/homebrew/Cellar/verilator/5.052/share/verilator/include/vltstd -DVERILATOR=1 -DVM_COVERAGE=0 -DVM_SC=0 -DVM_TIMING=0 -DVM_TRACE=0 -DVM_TRACE_FST=0 -DVM_TRACE_VCD=0 -DVM_TRACE_SAIF=0 -DVM_VPI=1 -faligned-new -fbracket-depth=4096 -fcf-protection=none -Xclang -fno-pch-timestamp -Qunused-arguments -Wno-bool-operation -Wno-c++11-narrowing -Wno-constant-logical-operand -Wno-int-in-bool-context -Wno-non-pod-varargs -Wno-parentheses-equality -Wno-shadow -Wno-sign-compare -Wno-tautological-bitwise-compare -Wno-tautological-compare -Wno-uninitialized -Wno-unnecessary-virtual-specifier -Wno-unused-but-set-parameter -Wno-unused-but-set-variable -Wno-unused-parameter -Wno-unused-variable -Wno-vla-cxx-extension      -c -o Vtop__ALL.o Vtop__ALL.cpp
c++  -Wl,-U,__Z15vl_time_stamp64v,-U,__Z13sc_time_stampv,-U,_vlog_startup_routines   -rdynamic verilator.o verilated.o verilated_dpi.o verilated_vpi.o verilated_threads.o Vtop__ALL.a   -Wl,-rpath,/Users/Dilan/Projects/from-rtl-to-pixels/.venv/lib/python3.14/site-packages/cocotb/libs -L/Users/Dilan/Projects/from-rtl-to-pixels/.venv/lib/python3.14/site-packages/cocotb/libs -lcocotbvpi_verilator  -pthread -lpthread -ldl   -o Vtop
rm Vtop__ALL.verilator_deplist.tmp
rm -f /var/folders/78/xn7s20w54m75pf1x_198zh980000gn/T/tmpe859ep11/results.xml
COCOTB_TEST_MODULES=test_pixel_control COCOTB_TESTCASE=  COCOTB_TOPLEVEL=pixel_control TOPLEVEL_LANG=verilog       \
         /var/folders/78/xn7s20w54m75pf1x_198zh980000gn/T/tmpe859ep11/Vtop
     -.--ns INFO     gpi                                ../gpi/GpiCommon.cpp:242  in gpi_load_users                  Loaded entry library: '/Library/Frameworks/Python.framework/Versions/3.14/Python'
     -.--ns INFO     gpi                                ../gpi/GpiCommon.cpp:234  in gpi_load_users                  Running entry func 'initialize' from loaded library '/Users/Dilan/Projects/from-rtl-to-pixels/.venv/lib/python3.14/site-packages/cocotb/simulator.cpython-314-darwin.so'
     -.--ns INFO     pygpi                              ..ib/pygpi/embed.cpp:115  in initialize                      Using Python 3.14.6 interpreter at /Users/Dilan/Projects/from-rtl-to-pixels/.venv/bin/python
     -.--ns INFO     gpi                                ../gpi/GpiCommon.cpp:74   in gpi_print_registered_impl       GPI: VPI support registered
     0.00ns INFO     cocotb.initialize                  Seeding Python random module with 1789909171
     0.00ns INFO     cocotb.initialize                  Initialized cocotb v2.1.0 from /Users/Dilan/Projects/from-rtl-to-pixels/.venv/lib/python3.14/site-packages/cocotb
     0.00ns INFO     cocotb.initialize                  Running on Verilator version 5.052 2026-09-05
     0.00ns INFO     cocotb.regression                  Running tests
     0.00ns INFO     cocotb.regression                  running test_pixel_control.correct_frame_tracks_coordinates (1/7)
   211.00ns INFO     cocotb.regression                  test_pixel_control.correct_frame_tracks_coordinates passed
   211.00ns INFO     cocotb.regression                  running test_pixel_control.non_accept_cycles_hold_position (2/7)
   312.00ns INFO     cocotb.regression                  test_pixel_control.non_accept_cycles_hold_position passed
   312.00ns INFO     cocotb.regression                  running test_pixel_control.missing_and_unexpected_sof_abort (3/7)
   363.00ns INFO     cocotb.regression                  test_pixel_control.missing_and_unexpected_sof_abort passed
   363.00ns INFO     cocotb.regression                  running test_pixel_control.premature_and_missing_eol_abort (4/7)
   454.00ns INFO     cocotb.regression                  test_pixel_control.premature_and_missing_eol_abort passed
   454.00ns INFO     cocotb.regression                  running test_pixel_control.recovery_requires_new_valid_sof (5/7)
   705.00ns INFO     cocotb.regression                  test_pixel_control.recovery_requires_new_valid_sof passed
   705.00ns INFO     cocotb.regression                  running test_pixel_control.synchronous_reset_aborts_partial_frame (6/7)
   766.00ns INFO     cocotb.regression                  test_pixel_control.synchronous_reset_aborts_partial_frame passed
   766.00ns INFO     cocotb.regression                  running test_pixel_control.exact_last_pixel_event_and_return_to_wait_sof (7/7)
   987.01ns INFO     cocotb.regression                  test_pixel_control.exact_last_pixel_event_and_return_to_wait_sof passed
   987.01ns INFO     cocotb.regression                  **************************************************************************************************************************
                                                        ** TEST                                                              STATUS  SIM TIME (ns)  REAL TIME (s)  RATIO (ns/s) **
                                                        **************************************************************************************************************************
                                                        ** test_pixel_control.correct_frame_tracks_coordinates                PASS         211.00           0.00     249310.85  **
                                                        ** test_pixel_control.non_accept_cycles_hold_position                 PASS         101.00           0.00     424816.00  **
                                                        ** test_pixel_control.missing_and_unexpected_sof_abort                PASS          51.00           0.00     437456.56  **
                                                        ** test_pixel_control.premature_and_missing_eol_abort                 PASS          91.00           0.00     468871.57  **
                                                        ** test_pixel_control.recovery_requires_new_valid_sof                 PASS         251.00           0.00     523233.88  **
                                                        ** test_pixel_control.synchronous_reset_aborts_partial_frame          PASS          61.00           0.00     504132.21  **
                                                        ** test_pixel_control.exact_last_pixel_event_and_return_to_wait_sof   PASS         221.00           0.00     530347.40  **
                                                        **************************************************************************************************************************
                                                        ** TESTS=7 PASS=7 FAIL=0 SKIP=0                                                    987.01           0.00     285292.77  **
                                                        **************************************************************************************************************************
- :0: Verilog $finish

exit_code=0

=== CASE 7/17: line_buffer width3 ===
$ make -f tb/tests/Makefile.line_buffer
Environment: IMG_WIDTH=3
rm -f /var/folders/78/xn7s20w54m75pf1x_198zh980000gn/T/tmpiiub5nr0/results.xml
/opt/homebrew/bin/verilator -cc --exe -Mdir /var/folders/78/xn7s20w54m75pf1x_198zh980000gn/T/tmpiiub5nr0 --top-module line_buffer -GIMG_WIDTH=3 --timescale 1ns/1ps --vpi --public-flat-rw --prefix Vtop -o Vtop -LDFLAGS "-Wl,-rpath,/Users/Dilan/Projects/from-rtl-to-pixels/.venv/lib/python3.14/site-packages/cocotb/libs -L/Users/Dilan/Projects/from-rtl-to-pixels/.venv/lib/python3.14/site-packages/cocotb/libs -lcocotbvpi_verilator"  /Users/Dilan/Projects/from-rtl-to-pixels/rtl/line_buffer.sv /Users/Dilan/Projects/from-rtl-to-pixels/.venv/lib/python3.14/site-packages/cocotb/share/lib/verilator/verilator.cpp
- V e r i l a t i o n   R e p o r t: Verilator 5.052 2026-09-05 rev vUNKNOWN-built20260905
- Verilator: Built from 0.034 MB sources in 2 modules, into 0.053 MB in 6 C++ files needing 0.000 MB
- Verilator: Walltime 0.007 s (elab=0.000, cvt=0.003, bld=0.000); cpu 0.007 s on 1 threads; allocated 10.234 MB
/Applications/Xcode.app/Contents/Developer/usr/bin/make -C /var/folders/78/xn7s20w54m75pf1x_198zh980000gn/T/tmpiiub5nr0  -f Vtop.mk
c++  -I.  -MMD -I/opt/homebrew/Cellar/verilator/5.052/share/verilator/include -I/opt/homebrew/Cellar/verilator/5.052/share/verilator/include/vltstd -DVERILATOR=1 -DVM_COVERAGE=0 -DVM_SC=0 -DVM_TIMING=0 -DVM_TRACE=0 -DVM_TRACE_FST=0 -DVM_TRACE_VCD=0 -DVM_TRACE_SAIF=0 -DVM_VPI=1 -faligned-new -fbracket-depth=4096 -fcf-protection=none -Xclang -fno-pch-timestamp -Qunused-arguments -Wno-bool-operation -Wno-c++11-narrowing -Wno-constant-logical-operand -Wno-int-in-bool-context -Wno-non-pod-varargs -Wno-parentheses-equality -Wno-shadow -Wno-sign-compare -Wno-tautological-bitwise-compare -Wno-tautological-compare -Wno-uninitialized -Wno-unnecessary-virtual-specifier -Wno-unused-but-set-parameter -Wno-unused-but-set-variable -Wno-unused-parameter -Wno-unused-variable -Wno-vla-cxx-extension      -Os  -c -o verilator.o /Users/Dilan/Projects/from-rtl-to-pixels/.venv/lib/python3.14/site-packages/cocotb/share/lib/verilator/verilator.cpp
c++ -Os  -I.  -MMD -I/opt/homebrew/Cellar/verilator/5.052/share/verilator/include -I/opt/homebrew/Cellar/verilator/5.052/share/verilator/include/vltstd -DVERILATOR=1 -DVM_COVERAGE=0 -DVM_SC=0 -DVM_TIMING=0 -DVM_TRACE=0 -DVM_TRACE_FST=0 -DVM_TRACE_VCD=0 -DVM_TRACE_SAIF=0 -DVM_VPI=1 -faligned-new -fbracket-depth=4096 -fcf-protection=none -Xclang -fno-pch-timestamp -Qunused-arguments -Wno-bool-operation -Wno-c++11-narrowing -Wno-constant-logical-operand -Wno-int-in-bool-context -Wno-non-pod-varargs -Wno-parentheses-equality -Wno-shadow -Wno-sign-compare -Wno-tautological-bitwise-compare -Wno-tautological-compare -Wno-uninitialized -Wno-unnecessary-virtual-specifier -Wno-unused-but-set-parameter -Wno-unused-but-set-variable -Wno-unused-parameter -Wno-unused-variable -Wno-vla-cxx-extension      -c -o verilated.o /opt/homebrew/Cellar/verilator/5.052/share/verilator/include/verilated.cpp
c++ -Os  -I.  -MMD -I/opt/homebrew/Cellar/verilator/5.052/share/verilator/include -I/opt/homebrew/Cellar/verilator/5.052/share/verilator/include/vltstd -DVERILATOR=1 -DVM_COVERAGE=0 -DVM_SC=0 -DVM_TIMING=0 -DVM_TRACE=0 -DVM_TRACE_FST=0 -DVM_TRACE_VCD=0 -DVM_TRACE_SAIF=0 -DVM_VPI=1 -faligned-new -fbracket-depth=4096 -fcf-protection=none -Xclang -fno-pch-timestamp -Qunused-arguments -Wno-bool-operation -Wno-c++11-narrowing -Wno-constant-logical-operand -Wno-int-in-bool-context -Wno-non-pod-varargs -Wno-parentheses-equality -Wno-shadow -Wno-sign-compare -Wno-tautological-bitwise-compare -Wno-tautological-compare -Wno-uninitialized -Wno-unnecessary-virtual-specifier -Wno-unused-but-set-parameter -Wno-unused-but-set-variable -Wno-unused-parameter -Wno-unused-variable -Wno-vla-cxx-extension      -c -o verilated_dpi.o /opt/homebrew/Cellar/verilator/5.052/share/verilator/include/verilated_dpi.cpp
c++ -Os  -I.  -MMD -I/opt/homebrew/Cellar/verilator/5.052/share/verilator/include -I/opt/homebrew/Cellar/verilator/5.052/share/verilator/include/vltstd -DVERILATOR=1 -DVM_COVERAGE=0 -DVM_SC=0 -DVM_TIMING=0 -DVM_TRACE=0 -DVM_TRACE_FST=0 -DVM_TRACE_VCD=0 -DVM_TRACE_SAIF=0 -DVM_VPI=1 -faligned-new -fbracket-depth=4096 -fcf-protection=none -Xclang -fno-pch-timestamp -Qunused-arguments -Wno-bool-operation -Wno-c++11-narrowing -Wno-constant-logical-operand -Wno-int-in-bool-context -Wno-non-pod-varargs -Wno-parentheses-equality -Wno-shadow -Wno-sign-compare -Wno-tautological-bitwise-compare -Wno-tautological-compare -Wno-uninitialized -Wno-unnecessary-virtual-specifier -Wno-unused-but-set-parameter -Wno-unused-but-set-variable -Wno-unused-parameter -Wno-unused-variable -Wno-vla-cxx-extension      -c -o verilated_vpi.o /opt/homebrew/Cellar/verilator/5.052/share/verilator/include/verilated_vpi.cpp
c++ -Os  -I.  -MMD -I/opt/homebrew/Cellar/verilator/5.052/share/verilator/include -I/opt/homebrew/Cellar/verilator/5.052/share/verilator/include/vltstd -DVERILATOR=1 -DVM_COVERAGE=0 -DVM_SC=0 -DVM_TIMING=0 -DVM_TRACE=0 -DVM_TRACE_FST=0 -DVM_TRACE_VCD=0 -DVM_TRACE_SAIF=0 -DVM_VPI=1 -faligned-new -fbracket-depth=4096 -fcf-protection=none -Xclang -fno-pch-timestamp -Qunused-arguments -Wno-bool-operation -Wno-c++11-narrowing -Wno-constant-logical-operand -Wno-int-in-bool-context -Wno-non-pod-varargs -Wno-parentheses-equality -Wno-shadow -Wno-sign-compare -Wno-tautological-bitwise-compare -Wno-tautological-compare -Wno-uninitialized -Wno-unnecessary-virtual-specifier -Wno-unused-but-set-parameter -Wno-unused-but-set-variable -Wno-unused-parameter -Wno-unused-variable -Wno-vla-cxx-extension      -c -o verilated_threads.o /opt/homebrew/Cellar/verilator/5.052/share/verilator/include/verilated_threads.cpp
python3 /opt/homebrew/Cellar/verilator/5.052/share/verilator/bin/verilator_includer -DVL_INCLUDE_OPT=include Vtop.cpp Vtop___024root__0.cpp Vtop__Dpi.cpp Vtop___024root__Slow.cpp Vtop___024root__0__Slow.cpp Vtop__Syms__Slow.cpp > Vtop__ALL.cpp
c++ -Os  -I.  -MMD -I/opt/homebrew/Cellar/verilator/5.052/share/verilator/include -I/opt/homebrew/Cellar/verilator/5.052/share/verilator/include/vltstd -DVERILATOR=1 -DVM_COVERAGE=0 -DVM_SC=0 -DVM_TIMING=0 -DVM_TRACE=0 -DVM_TRACE_FST=0 -DVM_TRACE_VCD=0 -DVM_TRACE_SAIF=0 -DVM_VPI=1 -faligned-new -fbracket-depth=4096 -fcf-protection=none -Xclang -fno-pch-timestamp -Qunused-arguments -Wno-bool-operation -Wno-c++11-narrowing -Wno-constant-logical-operand -Wno-int-in-bool-context -Wno-non-pod-varargs -Wno-parentheses-equality -Wno-shadow -Wno-sign-compare -Wno-tautological-bitwise-compare -Wno-tautological-compare -Wno-uninitialized -Wno-unnecessary-virtual-specifier -Wno-unused-but-set-parameter -Wno-unused-but-set-variable -Wno-unused-parameter -Wno-unused-variable -Wno-vla-cxx-extension      -c -o Vtop__ALL.o Vtop__ALL.cpp
c++  -Wl,-U,__Z15vl_time_stamp64v,-U,__Z13sc_time_stampv,-U,_vlog_startup_routines   -rdynamic verilator.o verilated.o verilated_dpi.o verilated_vpi.o verilated_threads.o Vtop__ALL.a   -Wl,-rpath,/Users/Dilan/Projects/from-rtl-to-pixels/.venv/lib/python3.14/site-packages/cocotb/libs -L/Users/Dilan/Projects/from-rtl-to-pixels/.venv/lib/python3.14/site-packages/cocotb/libs -lcocotbvpi_verilator  -pthread -lpthread -ldl   -o Vtop
rm Vtop__ALL.verilator_deplist.tmp
rm -f /var/folders/78/xn7s20w54m75pf1x_198zh980000gn/T/tmpiiub5nr0/results.xml
COCOTB_TEST_MODULES=test_line_buffer COCOTB_TESTCASE=  COCOTB_TOPLEVEL=line_buffer TOPLEVEL_LANG=verilog       \
         /var/folders/78/xn7s20w54m75pf1x_198zh980000gn/T/tmpiiub5nr0/Vtop
     -.--ns INFO     gpi                                ../gpi/GpiCommon.cpp:242  in gpi_load_users                  Loaded entry library: '/Library/Frameworks/Python.framework/Versions/3.14/Python'
     -.--ns INFO     gpi                                ../gpi/GpiCommon.cpp:234  in gpi_load_users                  Running entry func 'initialize' from loaded library '/Users/Dilan/Projects/from-rtl-to-pixels/.venv/lib/python3.14/site-packages/cocotb/simulator.cpython-314-darwin.so'
     -.--ns INFO     pygpi                              ..ib/pygpi/embed.cpp:115  in initialize                      Using Python 3.14.6 interpreter at /Users/Dilan/Projects/from-rtl-to-pixels/.venv/bin/python
     -.--ns INFO     gpi                                ../gpi/GpiCommon.cpp:74   in gpi_print_registered_impl       GPI: VPI support registered
     0.00ns INFO     cocotb.initialize                  Seeding Python random module with 1789909177
     0.00ns INFO     cocotb.initialize                  Initialized cocotb v2.1.0 from /Users/Dilan/Projects/from-rtl-to-pixels/.venv/lib/python3.14/site-packages/cocotb
     0.00ns INFO     cocotb.initialize                  Running on Verilator version 5.052 2026-09-05
     0.00ns INFO     cocotb.regression                  Running tests
     0.00ns INFO     cocotb.regression                  running test_line_buffer.first_row_has_no_valid_history (1/7)
    41.00ns INFO     cocotb.regression                  test_line_buffer.first_row_has_no_valid_history passed
    41.00ns INFO     cocotb.regression                  running test_line_buffer.second_row_exposes_one_previous_row (2/7)
   122.00ns INFO     cocotb.regression                  test_line_buffer.second_row_exposes_one_previous_row passed
   122.00ns INFO     cocotb.regression                  running test_line_buffer.third_and_later_rows_expose_two_previous_rows (3/7)
   263.00ns INFO     cocotb.regression                  test_line_buffer.third_and_later_rows_expose_two_previous_rows passed
   263.00ns INFO     cocotb.regression                  running test_line_buffer.exact_column_correspondence_across_row_boundary (4/7)
   354.00ns INFO     cocotb.regression                  test_line_buffer.exact_column_correspondence_across_row_boundary passed
   354.00ns INFO     cocotb.regression                  running test_line_buffer.non_commit_cycles_do_not_modify_history (5/7)
   495.00ns INFO     cocotb.regression                  test_line_buffer.non_commit_cycles_do_not_modify_history passed
   495.00ns INFO     cocotb.regression                  running test_line_buffer.reset_invalidates_old_memory_without_clearing_ram (6/7)
   706.00ns INFO     cocotb.regression                  test_line_buffer.reset_invalidates_old_memory_without_clearing_ram passed
   706.00ns INFO     cocotb.regression                  running test_line_buffer.new_frame_start_invalidates_prior_frame_history (7/7)
   907.01ns INFO     cocotb.regression                  test_line_buffer.new_frame_start_invalidates_prior_frame_history passed
   907.01ns INFO     cocotb.regression                  ****************************************************************************************************************************
                                                        ** TEST                                                                STATUS  SIM TIME (ns)  REAL TIME (s)  RATIO (ns/s) **
                                                        ****************************************************************************************************************************
                                                        ** test_line_buffer.first_row_has_no_valid_history                      PASS          41.00           0.00     123015.62  **
                                                        ** test_line_buffer.second_row_exposes_one_previous_row                 PASS          81.00           0.00     367902.55  **
                                                        ** test_line_buffer.third_and_later_rows_expose_two_previous_rows       PASS         141.00           0.00     441256.55  **
                                                        ** test_line_buffer.exact_column_correspondence_across_row_boundary     PASS          91.00           0.00     402432.30  **
                                                        ** test_line_buffer.non_commit_cycles_do_not_modify_history             PASS         141.00           0.00     466757.58  **
                                                        ** test_line_buffer.reset_invalidates_old_memory_without_clearing_ram   PASS         211.00           0.00     452627.50  **
                                                        ** test_line_buffer.new_frame_start_invalidates_prior_frame_history     PASS         201.00           0.00     367403.11  **
                                                        ****************************************************************************************************************************
                                                        ** TESTS=7 PASS=7 FAIL=0 SKIP=0                                                      907.01           0.00     259654.61  **
                                                        ****************************************************************************************************************************
- :0: Verilog $finish

exit_code=0

=== CASE 8/17: line_buffer width7 ===
$ make -f tb/tests/Makefile.line_buffer
Environment: IMG_WIDTH=7
rm -f /var/folders/78/xn7s20w54m75pf1x_198zh980000gn/T/tmp1fxyz1qw/results.xml
/opt/homebrew/bin/verilator -cc --exe -Mdir /var/folders/78/xn7s20w54m75pf1x_198zh980000gn/T/tmp1fxyz1qw --top-module line_buffer -GIMG_WIDTH=7 --timescale 1ns/1ps --vpi --public-flat-rw --prefix Vtop -o Vtop -LDFLAGS "-Wl,-rpath,/Users/Dilan/Projects/from-rtl-to-pixels/.venv/lib/python3.14/site-packages/cocotb/libs -L/Users/Dilan/Projects/from-rtl-to-pixels/.venv/lib/python3.14/site-packages/cocotb/libs -lcocotbvpi_verilator"  /Users/Dilan/Projects/from-rtl-to-pixels/rtl/line_buffer.sv /Users/Dilan/Projects/from-rtl-to-pixels/.venv/lib/python3.14/site-packages/cocotb/share/lib/verilator/verilator.cpp
- V e r i l a t i o n   R e p o r t: Verilator 5.052 2026-09-05 rev vUNKNOWN-built20260905
- Verilator: Built from 0.034 MB sources in 2 modules, into 0.053 MB in 6 C++ files needing 0.000 MB
- Verilator: Walltime 0.007 s (elab=0.000, cvt=0.003, bld=0.000); cpu 0.007 s on 1 threads; allocated 10.172 MB
/Applications/Xcode.app/Contents/Developer/usr/bin/make -C /var/folders/78/xn7s20w54m75pf1x_198zh980000gn/T/tmp1fxyz1qw  -f Vtop.mk
c++  -I.  -MMD -I/opt/homebrew/Cellar/verilator/5.052/share/verilator/include -I/opt/homebrew/Cellar/verilator/5.052/share/verilator/include/vltstd -DVERILATOR=1 -DVM_COVERAGE=0 -DVM_SC=0 -DVM_TIMING=0 -DVM_TRACE=0 -DVM_TRACE_FST=0 -DVM_TRACE_VCD=0 -DVM_TRACE_SAIF=0 -DVM_VPI=1 -faligned-new -fbracket-depth=4096 -fcf-protection=none -Xclang -fno-pch-timestamp -Qunused-arguments -Wno-bool-operation -Wno-c++11-narrowing -Wno-constant-logical-operand -Wno-int-in-bool-context -Wno-non-pod-varargs -Wno-parentheses-equality -Wno-shadow -Wno-sign-compare -Wno-tautological-bitwise-compare -Wno-tautological-compare -Wno-uninitialized -Wno-unnecessary-virtual-specifier -Wno-unused-but-set-parameter -Wno-unused-but-set-variable -Wno-unused-parameter -Wno-unused-variable -Wno-vla-cxx-extension      -Os  -c -o verilator.o /Users/Dilan/Projects/from-rtl-to-pixels/.venv/lib/python3.14/site-packages/cocotb/share/lib/verilator/verilator.cpp
c++ -Os  -I.  -MMD -I/opt/homebrew/Cellar/verilator/5.052/share/verilator/include -I/opt/homebrew/Cellar/verilator/5.052/share/verilator/include/vltstd -DVERILATOR=1 -DVM_COVERAGE=0 -DVM_SC=0 -DVM_TIMING=0 -DVM_TRACE=0 -DVM_TRACE_FST=0 -DVM_TRACE_VCD=0 -DVM_TRACE_SAIF=0 -DVM_VPI=1 -faligned-new -fbracket-depth=4096 -fcf-protection=none -Xclang -fno-pch-timestamp -Qunused-arguments -Wno-bool-operation -Wno-c++11-narrowing -Wno-constant-logical-operand -Wno-int-in-bool-context -Wno-non-pod-varargs -Wno-parentheses-equality -Wno-shadow -Wno-sign-compare -Wno-tautological-bitwise-compare -Wno-tautological-compare -Wno-uninitialized -Wno-unnecessary-virtual-specifier -Wno-unused-but-set-parameter -Wno-unused-but-set-variable -Wno-unused-parameter -Wno-unused-variable -Wno-vla-cxx-extension      -c -o verilated.o /opt/homebrew/Cellar/verilator/5.052/share/verilator/include/verilated.cpp
c++ -Os  -I.  -MMD -I/opt/homebrew/Cellar/verilator/5.052/share/verilator/include -I/opt/homebrew/Cellar/verilator/5.052/share/verilator/include/vltstd -DVERILATOR=1 -DVM_COVERAGE=0 -DVM_SC=0 -DVM_TIMING=0 -DVM_TRACE=0 -DVM_TRACE_FST=0 -DVM_TRACE_VCD=0 -DVM_TRACE_SAIF=0 -DVM_VPI=1 -faligned-new -fbracket-depth=4096 -fcf-protection=none -Xclang -fno-pch-timestamp -Qunused-arguments -Wno-bool-operation -Wno-c++11-narrowing -Wno-constant-logical-operand -Wno-int-in-bool-context -Wno-non-pod-varargs -Wno-parentheses-equality -Wno-shadow -Wno-sign-compare -Wno-tautological-bitwise-compare -Wno-tautological-compare -Wno-uninitialized -Wno-unnecessary-virtual-specifier -Wno-unused-but-set-parameter -Wno-unused-but-set-variable -Wno-unused-parameter -Wno-unused-variable -Wno-vla-cxx-extension      -c -o verilated_dpi.o /opt/homebrew/Cellar/verilator/5.052/share/verilator/include/verilated_dpi.cpp
c++ -Os  -I.  -MMD -I/opt/homebrew/Cellar/verilator/5.052/share/verilator/include -I/opt/homebrew/Cellar/verilator/5.052/share/verilator/include/vltstd -DVERILATOR=1 -DVM_COVERAGE=0 -DVM_SC=0 -DVM_TIMING=0 -DVM_TRACE=0 -DVM_TRACE_FST=0 -DVM_TRACE_VCD=0 -DVM_TRACE_SAIF=0 -DVM_VPI=1 -faligned-new -fbracket-depth=4096 -fcf-protection=none -Xclang -fno-pch-timestamp -Qunused-arguments -Wno-bool-operation -Wno-c++11-narrowing -Wno-constant-logical-operand -Wno-int-in-bool-context -Wno-non-pod-varargs -Wno-parentheses-equality -Wno-shadow -Wno-sign-compare -Wno-tautological-bitwise-compare -Wno-tautological-compare -Wno-uninitialized -Wno-unnecessary-virtual-specifier -Wno-unused-but-set-parameter -Wno-unused-but-set-variable -Wno-unused-parameter -Wno-unused-variable -Wno-vla-cxx-extension      -c -o verilated_vpi.o /opt/homebrew/Cellar/verilator/5.052/share/verilator/include/verilated_vpi.cpp
c++ -Os  -I.  -MMD -I/opt/homebrew/Cellar/verilator/5.052/share/verilator/include -I/opt/homebrew/Cellar/verilator/5.052/share/verilator/include/vltstd -DVERILATOR=1 -DVM_COVERAGE=0 -DVM_SC=0 -DVM_TIMING=0 -DVM_TRACE=0 -DVM_TRACE_FST=0 -DVM_TRACE_VCD=0 -DVM_TRACE_SAIF=0 -DVM_VPI=1 -faligned-new -fbracket-depth=4096 -fcf-protection=none -Xclang -fno-pch-timestamp -Qunused-arguments -Wno-bool-operation -Wno-c++11-narrowing -Wno-constant-logical-operand -Wno-int-in-bool-context -Wno-non-pod-varargs -Wno-parentheses-equality -Wno-shadow -Wno-sign-compare -Wno-tautological-bitwise-compare -Wno-tautological-compare -Wno-uninitialized -Wno-unnecessary-virtual-specifier -Wno-unused-but-set-parameter -Wno-unused-but-set-variable -Wno-unused-parameter -Wno-unused-variable -Wno-vla-cxx-extension      -c -o verilated_threads.o /opt/homebrew/Cellar/verilator/5.052/share/verilator/include/verilated_threads.cpp
python3 /opt/homebrew/Cellar/verilator/5.052/share/verilator/bin/verilator_includer -DVL_INCLUDE_OPT=include Vtop.cpp Vtop___024root__0.cpp Vtop__Dpi.cpp Vtop___024root__Slow.cpp Vtop___024root__0__Slow.cpp Vtop__Syms__Slow.cpp > Vtop__ALL.cpp
c++ -Os  -I.  -MMD -I/opt/homebrew/Cellar/verilator/5.052/share/verilator/include -I/opt/homebrew/Cellar/verilator/5.052/share/verilator/include/vltstd -DVERILATOR=1 -DVM_COVERAGE=0 -DVM_SC=0 -DVM_TIMING=0 -DVM_TRACE=0 -DVM_TRACE_FST=0 -DVM_TRACE_VCD=0 -DVM_TRACE_SAIF=0 -DVM_VPI=1 -faligned-new -fbracket-depth=4096 -fcf-protection=none -Xclang -fno-pch-timestamp -Qunused-arguments -Wno-bool-operation -Wno-c++11-narrowing -Wno-constant-logical-operand -Wno-int-in-bool-context -Wno-non-pod-varargs -Wno-parentheses-equality -Wno-shadow -Wno-sign-compare -Wno-tautological-bitwise-compare -Wno-tautological-compare -Wno-uninitialized -Wno-unnecessary-virtual-specifier -Wno-unused-but-set-parameter -Wno-unused-but-set-variable -Wno-unused-parameter -Wno-unused-variable -Wno-vla-cxx-extension      -c -o Vtop__ALL.o Vtop__ALL.cpp
c++  -Wl,-U,__Z15vl_time_stamp64v,-U,__Z13sc_time_stampv,-U,_vlog_startup_routines   -rdynamic verilator.o verilated.o verilated_dpi.o verilated_vpi.o verilated_threads.o Vtop__ALL.a   -Wl,-rpath,/Users/Dilan/Projects/from-rtl-to-pixels/.venv/lib/python3.14/site-packages/cocotb/libs -L/Users/Dilan/Projects/from-rtl-to-pixels/.venv/lib/python3.14/site-packages/cocotb/libs -lcocotbvpi_verilator  -pthread -lpthread -ldl   -o Vtop
rm Vtop__ALL.verilator_deplist.tmp
rm -f /var/folders/78/xn7s20w54m75pf1x_198zh980000gn/T/tmp1fxyz1qw/results.xml
COCOTB_TEST_MODULES=test_line_buffer COCOTB_TESTCASE=  COCOTB_TOPLEVEL=line_buffer TOPLEVEL_LANG=verilog       \
         /var/folders/78/xn7s20w54m75pf1x_198zh980000gn/T/tmp1fxyz1qw/Vtop
     -.--ns INFO     gpi                                ../gpi/GpiCommon.cpp:242  in gpi_load_users                  Loaded entry library: '/Library/Frameworks/Python.framework/Versions/3.14/Python'
     -.--ns INFO     gpi                                ../gpi/GpiCommon.cpp:234  in gpi_load_users                  Running entry func 'initialize' from loaded library '/Users/Dilan/Projects/from-rtl-to-pixels/.venv/lib/python3.14/site-packages/cocotb/simulator.cpython-314-darwin.so'
     -.--ns INFO     pygpi                              ..ib/pygpi/embed.cpp:115  in initialize                      Using Python 3.14.6 interpreter at /Users/Dilan/Projects/from-rtl-to-pixels/.venv/bin/python
     -.--ns INFO     gpi                                ../gpi/GpiCommon.cpp:74   in gpi_print_registered_impl       GPI: VPI support registered
     0.00ns INFO     cocotb.initialize                  Seeding Python random module with 1789909184
     0.00ns INFO     cocotb.initialize                  Initialized cocotb v2.1.0 from /Users/Dilan/Projects/from-rtl-to-pixels/.venv/lib/python3.14/site-packages/cocotb
     0.00ns INFO     cocotb.initialize                  Running on Verilator version 5.052 2026-09-05
     0.00ns INFO     cocotb.regression                  Running tests
     0.00ns INFO     cocotb.regression                  running test_line_buffer.first_row_has_no_valid_history (1/7)
    81.00ns INFO     cocotb.regression                  test_line_buffer.first_row_has_no_valid_history passed
    81.00ns INFO     cocotb.regression                  running test_line_buffer.second_row_exposes_one_previous_row (2/7)
   242.00ns INFO     cocotb.regression                  test_line_buffer.second_row_exposes_one_previous_row passed
   242.00ns INFO     cocotb.regression                  running test_line_buffer.third_and_later_rows_expose_two_previous_rows (3/7)
   543.00ns INFO     cocotb.regression                  test_line_buffer.third_and_later_rows_expose_two_previous_rows passed
   543.00ns INFO     cocotb.regression                  running test_line_buffer.exact_column_correspondence_across_row_boundary (4/7)
   714.00ns INFO     cocotb.regression                  test_line_buffer.exact_column_correspondence_across_row_boundary passed
   714.00ns INFO     cocotb.regression                  running test_line_buffer.non_commit_cycles_do_not_modify_history (5/7)
   975.00ns INFO     cocotb.regression                  test_line_buffer.non_commit_cycles_do_not_modify_history passed
   975.00ns INFO     cocotb.regression                  running test_line_buffer.reset_invalidates_old_memory_without_clearing_ram (6/7)
  1426.01ns INFO     cocotb.regression                  test_line_buffer.reset_invalidates_old_memory_without_clearing_ram passed
  1426.01ns INFO     cocotb.regression                  running test_line_buffer.new_frame_start_invalidates_prior_frame_history (7/7)
  1867.01ns INFO     cocotb.regression                  test_line_buffer.new_frame_start_invalidates_prior_frame_history passed
  1867.01ns INFO     cocotb.regression                  ****************************************************************************************************************************
                                                        ** TEST                                                                STATUS  SIM TIME (ns)  REAL TIME (s)  RATIO (ns/s) **
                                                        ****************************************************************************************************************************
                                                        ** test_line_buffer.first_row_has_no_valid_history                      PASS          81.00           0.00     196443.17  **
                                                        ** test_line_buffer.second_row_exposes_one_previous_row                 PASS         161.00           0.00     400000.01  **
                                                        ** test_line_buffer.third_and_later_rows_expose_two_previous_rows       PASS         301.00           0.00     473953.80  **
                                                        ** test_line_buffer.exact_column_correspondence_across_row_boundary     PASS         171.00           0.00     475439.78  **
                                                        ** test_line_buffer.non_commit_cycles_do_not_modify_history             PASS         261.00           0.00     500599.38  **
                                                        ** test_line_buffer.reset_invalidates_old_memory_without_clearing_ram   PASS         451.00           0.00     490084.21  **
                                                        ** test_line_buffer.new_frame_start_invalidates_prior_frame_history     PASS         441.00           0.00     488124.52  **
                                                        ****************************************************************************************************************************
                                                        ** TESTS=7 PASS=7 FAIL=0 SKIP=0                                                     1867.01           0.01     355188.89  **
                                                        ****************************************************************************************************************************
- :0: Verilog $finish

exit_code=0

=== CASE 9/17: window_3x3 3x3 ===
$ make -f tb/tests/Makefile.window_3x3
Environment: IMG_WIDTH=3 IMG_HEIGHT=3
rm -f /var/folders/78/xn7s20w54m75pf1x_198zh980000gn/T/tmpm6aiifbo/results.xml
/opt/homebrew/bin/verilator -cc --exe -Mdir /var/folders/78/xn7s20w54m75pf1x_198zh980000gn/T/tmpm6aiifbo --top-module window_3x3 -GIMG_WIDTH=3 -GIMG_HEIGHT=3 --timescale 1ns/1ps --vpi --public-flat-rw --prefix Vtop -o Vtop -LDFLAGS "-Wl,-rpath,/Users/Dilan/Projects/from-rtl-to-pixels/.venv/lib/python3.14/site-packages/cocotb/libs -L/Users/Dilan/Projects/from-rtl-to-pixels/.venv/lib/python3.14/site-packages/cocotb/libs -lcocotbvpi_verilator"  /Users/Dilan/Projects/from-rtl-to-pixels/rtl/window_3x3.sv /Users/Dilan/Projects/from-rtl-to-pixels/.venv/lib/python3.14/site-packages/cocotb/share/lib/verilator/verilator.cpp
- V e r i l a t i o n   R e p o r t: Verilator 5.052 2026-09-05 rev vUNKNOWN-built20260905
- Verilator: Built from 0.036 MB sources in 2 modules, into 0.057 MB in 6 C++ files needing 0.000 MB
- Verilator: Walltime 0.009 s (elab=0.001, cvt=0.004, bld=0.000); cpu 0.008 s on 1 threads; allocated 10.328 MB
/Applications/Xcode.app/Contents/Developer/usr/bin/make -C /var/folders/78/xn7s20w54m75pf1x_198zh980000gn/T/tmpm6aiifbo  -f Vtop.mk
c++  -I.  -MMD -I/opt/homebrew/Cellar/verilator/5.052/share/verilator/include -I/opt/homebrew/Cellar/verilator/5.052/share/verilator/include/vltstd -DVERILATOR=1 -DVM_COVERAGE=0 -DVM_SC=0 -DVM_TIMING=0 -DVM_TRACE=0 -DVM_TRACE_FST=0 -DVM_TRACE_VCD=0 -DVM_TRACE_SAIF=0 -DVM_VPI=1 -faligned-new -fbracket-depth=4096 -fcf-protection=none -Xclang -fno-pch-timestamp -Qunused-arguments -Wno-bool-operation -Wno-c++11-narrowing -Wno-constant-logical-operand -Wno-int-in-bool-context -Wno-non-pod-varargs -Wno-parentheses-equality -Wno-shadow -Wno-sign-compare -Wno-tautological-bitwise-compare -Wno-tautological-compare -Wno-uninitialized -Wno-unnecessary-virtual-specifier -Wno-unused-but-set-parameter -Wno-unused-but-set-variable -Wno-unused-parameter -Wno-unused-variable -Wno-vla-cxx-extension      -Os  -c -o verilator.o /Users/Dilan/Projects/from-rtl-to-pixels/.venv/lib/python3.14/site-packages/cocotb/share/lib/verilator/verilator.cpp
c++ -Os  -I.  -MMD -I/opt/homebrew/Cellar/verilator/5.052/share/verilator/include -I/opt/homebrew/Cellar/verilator/5.052/share/verilator/include/vltstd -DVERILATOR=1 -DVM_COVERAGE=0 -DVM_SC=0 -DVM_TIMING=0 -DVM_TRACE=0 -DVM_TRACE_FST=0 -DVM_TRACE_VCD=0 -DVM_TRACE_SAIF=0 -DVM_VPI=1 -faligned-new -fbracket-depth=4096 -fcf-protection=none -Xclang -fno-pch-timestamp -Qunused-arguments -Wno-bool-operation -Wno-c++11-narrowing -Wno-constant-logical-operand -Wno-int-in-bool-context -Wno-non-pod-varargs -Wno-parentheses-equality -Wno-shadow -Wno-sign-compare -Wno-tautological-bitwise-compare -Wno-tautological-compare -Wno-uninitialized -Wno-unnecessary-virtual-specifier -Wno-unused-but-set-parameter -Wno-unused-but-set-variable -Wno-unused-parameter -Wno-unused-variable -Wno-vla-cxx-extension      -c -o verilated.o /opt/homebrew/Cellar/verilator/5.052/share/verilator/include/verilated.cpp
c++ -Os  -I.  -MMD -I/opt/homebrew/Cellar/verilator/5.052/share/verilator/include -I/opt/homebrew/Cellar/verilator/5.052/share/verilator/include/vltstd -DVERILATOR=1 -DVM_COVERAGE=0 -DVM_SC=0 -DVM_TIMING=0 -DVM_TRACE=0 -DVM_TRACE_FST=0 -DVM_TRACE_VCD=0 -DVM_TRACE_SAIF=0 -DVM_VPI=1 -faligned-new -fbracket-depth=4096 -fcf-protection=none -Xclang -fno-pch-timestamp -Qunused-arguments -Wno-bool-operation -Wno-c++11-narrowing -Wno-constant-logical-operand -Wno-int-in-bool-context -Wno-non-pod-varargs -Wno-parentheses-equality -Wno-shadow -Wno-sign-compare -Wno-tautological-bitwise-compare -Wno-tautological-compare -Wno-uninitialized -Wno-unnecessary-virtual-specifier -Wno-unused-but-set-parameter -Wno-unused-but-set-variable -Wno-unused-parameter -Wno-unused-variable -Wno-vla-cxx-extension      -c -o verilated_dpi.o /opt/homebrew/Cellar/verilator/5.052/share/verilator/include/verilated_dpi.cpp
c++ -Os  -I.  -MMD -I/opt/homebrew/Cellar/verilator/5.052/share/verilator/include -I/opt/homebrew/Cellar/verilator/5.052/share/verilator/include/vltstd -DVERILATOR=1 -DVM_COVERAGE=0 -DVM_SC=0 -DVM_TIMING=0 -DVM_TRACE=0 -DVM_TRACE_FST=0 -DVM_TRACE_VCD=0 -DVM_TRACE_SAIF=0 -DVM_VPI=1 -faligned-new -fbracket-depth=4096 -fcf-protection=none -Xclang -fno-pch-timestamp -Qunused-arguments -Wno-bool-operation -Wno-c++11-narrowing -Wno-constant-logical-operand -Wno-int-in-bool-context -Wno-non-pod-varargs -Wno-parentheses-equality -Wno-shadow -Wno-sign-compare -Wno-tautological-bitwise-compare -Wno-tautological-compare -Wno-uninitialized -Wno-unnecessary-virtual-specifier -Wno-unused-but-set-parameter -Wno-unused-but-set-variable -Wno-unused-parameter -Wno-unused-variable -Wno-vla-cxx-extension      -c -o verilated_vpi.o /opt/homebrew/Cellar/verilator/5.052/share/verilator/include/verilated_vpi.cpp
c++ -Os  -I.  -MMD -I/opt/homebrew/Cellar/verilator/5.052/share/verilator/include -I/opt/homebrew/Cellar/verilator/5.052/share/verilator/include/vltstd -DVERILATOR=1 -DVM_COVERAGE=0 -DVM_SC=0 -DVM_TIMING=0 -DVM_TRACE=0 -DVM_TRACE_FST=0 -DVM_TRACE_VCD=0 -DVM_TRACE_SAIF=0 -DVM_VPI=1 -faligned-new -fbracket-depth=4096 -fcf-protection=none -Xclang -fno-pch-timestamp -Qunused-arguments -Wno-bool-operation -Wno-c++11-narrowing -Wno-constant-logical-operand -Wno-int-in-bool-context -Wno-non-pod-varargs -Wno-parentheses-equality -Wno-shadow -Wno-sign-compare -Wno-tautological-bitwise-compare -Wno-tautological-compare -Wno-uninitialized -Wno-unnecessary-virtual-specifier -Wno-unused-but-set-parameter -Wno-unused-but-set-variable -Wno-unused-parameter -Wno-unused-variable -Wno-vla-cxx-extension      -c -o verilated_threads.o /opt/homebrew/Cellar/verilator/5.052/share/verilator/include/verilated_threads.cpp
python3 /opt/homebrew/Cellar/verilator/5.052/share/verilator/bin/verilator_includer -DVL_INCLUDE_OPT=include Vtop.cpp Vtop___024root__0.cpp Vtop__Dpi.cpp Vtop___024root__Slow.cpp Vtop___024root__0__Slow.cpp Vtop__Syms__Slow.cpp > Vtop__ALL.cpp
c++ -Os  -I.  -MMD -I/opt/homebrew/Cellar/verilator/5.052/share/verilator/include -I/opt/homebrew/Cellar/verilator/5.052/share/verilator/include/vltstd -DVERILATOR=1 -DVM_COVERAGE=0 -DVM_SC=0 -DVM_TIMING=0 -DVM_TRACE=0 -DVM_TRACE_FST=0 -DVM_TRACE_VCD=0 -DVM_TRACE_SAIF=0 -DVM_VPI=1 -faligned-new -fbracket-depth=4096 -fcf-protection=none -Xclang -fno-pch-timestamp -Qunused-arguments -Wno-bool-operation -Wno-c++11-narrowing -Wno-constant-logical-operand -Wno-int-in-bool-context -Wno-non-pod-varargs -Wno-parentheses-equality -Wno-shadow -Wno-sign-compare -Wno-tautological-bitwise-compare -Wno-tautological-compare -Wno-uninitialized -Wno-unnecessary-virtual-specifier -Wno-unused-but-set-parameter -Wno-unused-but-set-variable -Wno-unused-parameter -Wno-unused-variable -Wno-vla-cxx-extension      -c -o Vtop__ALL.o Vtop__ALL.cpp
c++  -Wl,-U,__Z15vl_time_stamp64v,-U,__Z13sc_time_stampv,-U,_vlog_startup_routines   -rdynamic verilator.o verilated.o verilated_dpi.o verilated_vpi.o verilated_threads.o Vtop__ALL.a   -Wl,-rpath,/Users/Dilan/Projects/from-rtl-to-pixels/.venv/lib/python3.14/site-packages/cocotb/libs -L/Users/Dilan/Projects/from-rtl-to-pixels/.venv/lib/python3.14/site-packages/cocotb/libs -lcocotbvpi_verilator  -pthread -lpthread -ldl   -o Vtop
rm Vtop__ALL.verilator_deplist.tmp
rm -f /var/folders/78/xn7s20w54m75pf1x_198zh980000gn/T/tmpm6aiifbo/results.xml
COCOTB_TEST_MODULES=test_window_3x3 COCOTB_TESTCASE=  COCOTB_TOPLEVEL=window_3x3 TOPLEVEL_LANG=verilog       \
         /var/folders/78/xn7s20w54m75pf1x_198zh980000gn/T/tmpm6aiifbo/Vtop
     -.--ns INFO     gpi                                ../gpi/GpiCommon.cpp:242  in gpi_load_users                  Loaded entry library: '/Library/Frameworks/Python.framework/Versions/3.14/Python'
     -.--ns INFO     gpi                                ../gpi/GpiCommon.cpp:234  in gpi_load_users                  Running entry func 'initialize' from loaded library '/Users/Dilan/Projects/from-rtl-to-pixels/.venv/lib/python3.14/site-packages/cocotb/simulator.cpython-314-darwin.so'
     -.--ns INFO     pygpi                              ..ib/pygpi/embed.cpp:115  in initialize                      Using Python 3.14.6 interpreter at /Users/Dilan/Projects/from-rtl-to-pixels/.venv/bin/python
     -.--ns INFO     gpi                                ../gpi/GpiCommon.cpp:74   in gpi_print_registered_impl       GPI: VPI support registered
     0.00ns INFO     cocotb.initialize                  Seeding Python random module with 1789909190
     0.00ns INFO     cocotb.initialize                  Initialized cocotb v2.1.0 from /Users/Dilan/Projects/from-rtl-to-pixels/.venv/lib/python3.14/site-packages/cocotb
     0.00ns INFO     cocotb.initialize                  Running on Verilator version 5.052 2026-09-05
     0.00ns INFO     cocotb.regression                  Running tests
     0.00ns INFO     cocotb.regression                  running test_window_3x3.first_valid_window_has_exact_taps (1/7)
   101.00ns INFO     cocotb.regression                  test_window_3x3.first_valid_window_has_exact_taps passed
   101.00ns INFO     cocotb.regression                  running test_window_3x3.every_interior_window_has_exact_taps (2/7)
   212.00ns INFO     cocotb.regression                  test_window_3x3.every_interior_window_has_exact_taps passed
   212.00ns INFO     cocotb.regression                  running test_window_3x3.row_transition_clears_horizontal_history (3/7)
   323.00ns INFO     cocotb.regression                  test_window_3x3.row_transition_clears_horizontal_history passed
   323.00ns INFO     cocotb.regression                  running test_window_3x3.non_commit_cycles_hold_horizontal_history (4/7)
   514.00ns INFO     cocotb.regression                  test_window_3x3.non_commit_cycles_hold_horizontal_history passed
   514.00ns INFO     cocotb.regression                  running test_window_3x3.reset_invalidates_horizontal_history (5/7)
   715.00ns INFO     cocotb.regression                  test_window_3x3.reset_invalidates_horizontal_history passed
   715.00ns INFO     cocotb.regression                  running test_window_3x3.new_frame_start_invalidates_old_horizontal_history (6/7)
   916.00ns INFO     cocotb.regression                  test_window_3x3.new_frame_start_invalidates_old_horizontal_history passed
   916.00ns INFO     cocotb.regression                  running test_window_3x3.rows_zero_one_and_cols_zero_one_never_valid (7/7)
  1027.01ns INFO     cocotb.regression                  test_window_3x3.rows_zero_one_and_cols_zero_one_never_valid passed
  1027.01ns INFO     cocotb.regression                  ****************************************************************************************************************************
                                                        ** TEST                                                                STATUS  SIM TIME (ns)  REAL TIME (s)  RATIO (ns/s) **
                                                        ****************************************************************************************************************************
                                                        ** test_window_3x3.first_valid_window_has_exact_taps                    PASS         101.00           0.00     113049.11  **
                                                        ** test_window_3x3.every_interior_window_has_exact_taps                 PASS         111.00           0.00     235793.94  **
                                                        ** test_window_3x3.row_transition_clears_horizontal_history             PASS         111.00           0.00     263033.18  **
                                                        ** test_window_3x3.non_commit_cycles_hold_horizontal_history            PASS         191.00           0.00     274573.23  **
                                                        ** test_window_3x3.reset_invalidates_horizontal_history                 PASS         201.00           0.00     268686.77  **
                                                        ** test_window_3x3.new_frame_start_invalidates_old_horizontal_history   PASS         201.00           0.00     266166.64  **
                                                        ** test_window_3x3.rows_zero_one_and_cols_zero_one_never_valid          PASS         111.00           0.00     272169.56  **
                                                        ****************************************************************************************************************************
                                                        ** TESTS=7 PASS=7 FAIL=0 SKIP=0                                                     1027.01           0.01     189872.76  **
                                                        ****************************************************************************************************************************
- :0: Verilog $finish

exit_code=0

=== CASE 10/17: window_3x3 5x4 ===
$ make -f tb/tests/Makefile.window_3x3
Environment: IMG_WIDTH=5 IMG_HEIGHT=4
rm -f /var/folders/78/xn7s20w54m75pf1x_198zh980000gn/T/tmpzn1t4s8o/results.xml
/opt/homebrew/bin/verilator -cc --exe -Mdir /var/folders/78/xn7s20w54m75pf1x_198zh980000gn/T/tmpzn1t4s8o --top-module window_3x3 -GIMG_WIDTH=5 -GIMG_HEIGHT=4 --timescale 1ns/1ps --vpi --public-flat-rw --prefix Vtop -o Vtop -LDFLAGS "-Wl,-rpath,/Users/Dilan/Projects/from-rtl-to-pixels/.venv/lib/python3.14/site-packages/cocotb/libs -L/Users/Dilan/Projects/from-rtl-to-pixels/.venv/lib/python3.14/site-packages/cocotb/libs -lcocotbvpi_verilator"  /Users/Dilan/Projects/from-rtl-to-pixels/rtl/window_3x3.sv /Users/Dilan/Projects/from-rtl-to-pixels/.venv/lib/python3.14/site-packages/cocotb/share/lib/verilator/verilator.cpp
- V e r i l a t i o n   R e p o r t: Verilator 5.052 2026-09-05 rev vUNKNOWN-built20260905
- Verilator: Built from 0.036 MB sources in 2 modules, into 0.057 MB in 6 C++ files needing 0.000 MB
- Verilator: Walltime 0.010 s (elab=0.001, cvt=0.004, bld=0.000); cpu 0.008 s on 1 threads; allocated 10.375 MB
/Applications/Xcode.app/Contents/Developer/usr/bin/make -C /var/folders/78/xn7s20w54m75pf1x_198zh980000gn/T/tmpzn1t4s8o  -f Vtop.mk
c++  -I.  -MMD -I/opt/homebrew/Cellar/verilator/5.052/share/verilator/include -I/opt/homebrew/Cellar/verilator/5.052/share/verilator/include/vltstd -DVERILATOR=1 -DVM_COVERAGE=0 -DVM_SC=0 -DVM_TIMING=0 -DVM_TRACE=0 -DVM_TRACE_FST=0 -DVM_TRACE_VCD=0 -DVM_TRACE_SAIF=0 -DVM_VPI=1 -faligned-new -fbracket-depth=4096 -fcf-protection=none -Xclang -fno-pch-timestamp -Qunused-arguments -Wno-bool-operation -Wno-c++11-narrowing -Wno-constant-logical-operand -Wno-int-in-bool-context -Wno-non-pod-varargs -Wno-parentheses-equality -Wno-shadow -Wno-sign-compare -Wno-tautological-bitwise-compare -Wno-tautological-compare -Wno-uninitialized -Wno-unnecessary-virtual-specifier -Wno-unused-but-set-parameter -Wno-unused-but-set-variable -Wno-unused-parameter -Wno-unused-variable -Wno-vla-cxx-extension      -Os  -c -o verilator.o /Users/Dilan/Projects/from-rtl-to-pixels/.venv/lib/python3.14/site-packages/cocotb/share/lib/verilator/verilator.cpp
c++ -Os  -I.  -MMD -I/opt/homebrew/Cellar/verilator/5.052/share/verilator/include -I/opt/homebrew/Cellar/verilator/5.052/share/verilator/include/vltstd -DVERILATOR=1 -DVM_COVERAGE=0 -DVM_SC=0 -DVM_TIMING=0 -DVM_TRACE=0 -DVM_TRACE_FST=0 -DVM_TRACE_VCD=0 -DVM_TRACE_SAIF=0 -DVM_VPI=1 -faligned-new -fbracket-depth=4096 -fcf-protection=none -Xclang -fno-pch-timestamp -Qunused-arguments -Wno-bool-operation -Wno-c++11-narrowing -Wno-constant-logical-operand -Wno-int-in-bool-context -Wno-non-pod-varargs -Wno-parentheses-equality -Wno-shadow -Wno-sign-compare -Wno-tautological-bitwise-compare -Wno-tautological-compare -Wno-uninitialized -Wno-unnecessary-virtual-specifier -Wno-unused-but-set-parameter -Wno-unused-but-set-variable -Wno-unused-parameter -Wno-unused-variable -Wno-vla-cxx-extension      -c -o verilated.o /opt/homebrew/Cellar/verilator/5.052/share/verilator/include/verilated.cpp
c++ -Os  -I.  -MMD -I/opt/homebrew/Cellar/verilator/5.052/share/verilator/include -I/opt/homebrew/Cellar/verilator/5.052/share/verilator/include/vltstd -DVERILATOR=1 -DVM_COVERAGE=0 -DVM_SC=0 -DVM_TIMING=0 -DVM_TRACE=0 -DVM_TRACE_FST=0 -DVM_TRACE_VCD=0 -DVM_TRACE_SAIF=0 -DVM_VPI=1 -faligned-new -fbracket-depth=4096 -fcf-protection=none -Xclang -fno-pch-timestamp -Qunused-arguments -Wno-bool-operation -Wno-c++11-narrowing -Wno-constant-logical-operand -Wno-int-in-bool-context -Wno-non-pod-varargs -Wno-parentheses-equality -Wno-shadow -Wno-sign-compare -Wno-tautological-bitwise-compare -Wno-tautological-compare -Wno-uninitialized -Wno-unnecessary-virtual-specifier -Wno-unused-but-set-parameter -Wno-unused-but-set-variable -Wno-unused-parameter -Wno-unused-variable -Wno-vla-cxx-extension      -c -o verilated_dpi.o /opt/homebrew/Cellar/verilator/5.052/share/verilator/include/verilated_dpi.cpp
c++ -Os  -I.  -MMD -I/opt/homebrew/Cellar/verilator/5.052/share/verilator/include -I/opt/homebrew/Cellar/verilator/5.052/share/verilator/include/vltstd -DVERILATOR=1 -DVM_COVERAGE=0 -DVM_SC=0 -DVM_TIMING=0 -DVM_TRACE=0 -DVM_TRACE_FST=0 -DVM_TRACE_VCD=0 -DVM_TRACE_SAIF=0 -DVM_VPI=1 -faligned-new -fbracket-depth=4096 -fcf-protection=none -Xclang -fno-pch-timestamp -Qunused-arguments -Wno-bool-operation -Wno-c++11-narrowing -Wno-constant-logical-operand -Wno-int-in-bool-context -Wno-non-pod-varargs -Wno-parentheses-equality -Wno-shadow -Wno-sign-compare -Wno-tautological-bitwise-compare -Wno-tautological-compare -Wno-uninitialized -Wno-unnecessary-virtual-specifier -Wno-unused-but-set-parameter -Wno-unused-but-set-variable -Wno-unused-parameter -Wno-unused-variable -Wno-vla-cxx-extension      -c -o verilated_vpi.o /opt/homebrew/Cellar/verilator/5.052/share/verilator/include/verilated_vpi.cpp
c++ -Os  -I.  -MMD -I/opt/homebrew/Cellar/verilator/5.052/share/verilator/include -I/opt/homebrew/Cellar/verilator/5.052/share/verilator/include/vltstd -DVERILATOR=1 -DVM_COVERAGE=0 -DVM_SC=0 -DVM_TIMING=0 -DVM_TRACE=0 -DVM_TRACE_FST=0 -DVM_TRACE_VCD=0 -DVM_TRACE_SAIF=0 -DVM_VPI=1 -faligned-new -fbracket-depth=4096 -fcf-protection=none -Xclang -fno-pch-timestamp -Qunused-arguments -Wno-bool-operation -Wno-c++11-narrowing -Wno-constant-logical-operand -Wno-int-in-bool-context -Wno-non-pod-varargs -Wno-parentheses-equality -Wno-shadow -Wno-sign-compare -Wno-tautological-bitwise-compare -Wno-tautological-compare -Wno-uninitialized -Wno-unnecessary-virtual-specifier -Wno-unused-but-set-parameter -Wno-unused-but-set-variable -Wno-unused-parameter -Wno-unused-variable -Wno-vla-cxx-extension      -c -o verilated_threads.o /opt/homebrew/Cellar/verilator/5.052/share/verilator/include/verilated_threads.cpp
python3 /opt/homebrew/Cellar/verilator/5.052/share/verilator/bin/verilator_includer -DVL_INCLUDE_OPT=include Vtop.cpp Vtop___024root__0.cpp Vtop__Dpi.cpp Vtop___024root__Slow.cpp Vtop___024root__0__Slow.cpp Vtop__Syms__Slow.cpp > Vtop__ALL.cpp
c++ -Os  -I.  -MMD -I/opt/homebrew/Cellar/verilator/5.052/share/verilator/include -I/opt/homebrew/Cellar/verilator/5.052/share/verilator/include/vltstd -DVERILATOR=1 -DVM_COVERAGE=0 -DVM_SC=0 -DVM_TIMING=0 -DVM_TRACE=0 -DVM_TRACE_FST=0 -DVM_TRACE_VCD=0 -DVM_TRACE_SAIF=0 -DVM_VPI=1 -faligned-new -fbracket-depth=4096 -fcf-protection=none -Xclang -fno-pch-timestamp -Qunused-arguments -Wno-bool-operation -Wno-c++11-narrowing -Wno-constant-logical-operand -Wno-int-in-bool-context -Wno-non-pod-varargs -Wno-parentheses-equality -Wno-shadow -Wno-sign-compare -Wno-tautological-bitwise-compare -Wno-tautological-compare -Wno-uninitialized -Wno-unnecessary-virtual-specifier -Wno-unused-but-set-parameter -Wno-unused-but-set-variable -Wno-unused-parameter -Wno-unused-variable -Wno-vla-cxx-extension      -c -o Vtop__ALL.o Vtop__ALL.cpp
c++  -Wl,-U,__Z15vl_time_stamp64v,-U,__Z13sc_time_stampv,-U,_vlog_startup_routines   -rdynamic verilator.o verilated.o verilated_dpi.o verilated_vpi.o verilated_threads.o Vtop__ALL.a   -Wl,-rpath,/Users/Dilan/Projects/from-rtl-to-pixels/.venv/lib/python3.14/site-packages/cocotb/libs -L/Users/Dilan/Projects/from-rtl-to-pixels/.venv/lib/python3.14/site-packages/cocotb/libs -lcocotbvpi_verilator  -pthread -lpthread -ldl   -o Vtop
rm Vtop__ALL.verilator_deplist.tmp
rm -f /var/folders/78/xn7s20w54m75pf1x_198zh980000gn/T/tmpzn1t4s8o/results.xml
COCOTB_TEST_MODULES=test_window_3x3 COCOTB_TESTCASE=  COCOTB_TOPLEVEL=window_3x3 TOPLEVEL_LANG=verilog       \
         /var/folders/78/xn7s20w54m75pf1x_198zh980000gn/T/tmpzn1t4s8o/Vtop
     -.--ns INFO     gpi                                ../gpi/GpiCommon.cpp:242  in gpi_load_users                  Loaded entry library: '/Library/Frameworks/Python.framework/Versions/3.14/Python'
     -.--ns INFO     gpi                                ../gpi/GpiCommon.cpp:234  in gpi_load_users                  Running entry func 'initialize' from loaded library '/Users/Dilan/Projects/from-rtl-to-pixels/.venv/lib/python3.14/site-packages/cocotb/simulator.cpython-314-darwin.so'
     -.--ns INFO     pygpi                              ..ib/pygpi/embed.cpp:115  in initialize                      Using Python 3.14.6 interpreter at /Users/Dilan/Projects/from-rtl-to-pixels/.venv/bin/python
     -.--ns INFO     gpi                                ../gpi/GpiCommon.cpp:74   in gpi_print_registered_impl       GPI: VPI support registered
     0.00ns INFO     cocotb.initialize                  Seeding Python random module with 1789909196
     0.00ns INFO     cocotb.initialize                  Initialized cocotb v2.1.0 from /Users/Dilan/Projects/from-rtl-to-pixels/.venv/lib/python3.14/site-packages/cocotb
     0.00ns INFO     cocotb.initialize                  Running on Verilator version 5.052 2026-09-05
     0.00ns INFO     cocotb.regression                  Running tests
     0.00ns INFO     cocotb.regression                  running test_window_3x3.first_valid_window_has_exact_taps (1/7)
   141.00ns INFO     cocotb.regression                  test_window_3x3.first_valid_window_has_exact_taps passed
   141.00ns INFO     cocotb.regression                  running test_window_3x3.every_interior_window_has_exact_taps (2/7)
   362.00ns INFO     cocotb.regression                  test_window_3x3.every_interior_window_has_exact_taps passed
   362.00ns INFO     cocotb.regression                  running test_window_3x3.row_transition_clears_horizontal_history (3/7)
   513.00ns INFO     cocotb.regression                  test_window_3x3.row_transition_clears_horizontal_history passed
   513.00ns INFO     cocotb.regression                  running test_window_3x3.non_commit_cycles_hold_horizontal_history (4/7)
   744.00ns INFO     cocotb.regression                  test_window_3x3.non_commit_cycles_hold_horizontal_history passed
   744.00ns INFO     cocotb.regression                  running test_window_3x3.reset_invalidates_horizontal_history (5/7)
  1025.00ns INFO     cocotb.regression                  test_window_3x3.reset_invalidates_horizontal_history passed
  1025.00ns INFO     cocotb.regression                  running test_window_3x3.new_frame_start_invalidates_old_horizontal_history (6/7)
  1446.01ns INFO     cocotb.regression                  test_window_3x3.new_frame_start_invalidates_old_horizontal_history passed
  1446.01ns INFO     cocotb.regression                  running test_window_3x3.rows_zero_one_and_cols_zero_one_never_valid (7/7)
  1667.01ns INFO     cocotb.regression                  test_window_3x3.rows_zero_one_and_cols_zero_one_never_valid passed
  1667.01ns INFO     cocotb.regression                  ****************************************************************************************************************************
                                                        ** TEST                                                                STATUS  SIM TIME (ns)  REAL TIME (s)  RATIO (ns/s) **
                                                        ****************************************************************************************************************************
                                                        ** test_window_3x3.first_valid_window_has_exact_taps                    PASS         141.00           0.00     141123.48  **
                                                        ** test_window_3x3.every_interior_window_has_exact_taps                 PASS         221.00           0.00     244086.43  **
                                                        ** test_window_3x3.row_transition_clears_horizontal_history             PASS         151.00           0.00     261302.19  **
                                                        ** test_window_3x3.non_commit_cycles_hold_horizontal_history            PASS         231.00           0.00     266461.50  **
                                                        ** test_window_3x3.reset_invalidates_horizontal_history                 PASS         281.00           0.00     260960.33  **
                                                        ** test_window_3x3.new_frame_start_invalidates_old_horizontal_history   PASS         421.00           0.00     256134.76  **
                                                        ** test_window_3x3.rows_zero_one_and_cols_zero_one_never_valid          PASS         221.00           0.00     260587.70  **
                                                        ****************************************************************************************************************************
                                                        ** TESTS=7 PASS=7 FAIL=0 SKIP=0                                                     1667.01           0.01     210802.16  **
                                                        ****************************************************************************************************************************
- :0: Verilog $finish

exit_code=0

=== CASE 11/17: window_3x3 8x5 ===
$ make -f tb/tests/Makefile.window_3x3
Environment: IMG_WIDTH=8 IMG_HEIGHT=5
rm -f /var/folders/78/xn7s20w54m75pf1x_198zh980000gn/T/tmpiqwvlfl8/results.xml
/opt/homebrew/bin/verilator -cc --exe -Mdir /var/folders/78/xn7s20w54m75pf1x_198zh980000gn/T/tmpiqwvlfl8 --top-module window_3x3 -GIMG_WIDTH=8 -GIMG_HEIGHT=5 --timescale 1ns/1ps --vpi --public-flat-rw --prefix Vtop -o Vtop -LDFLAGS "-Wl,-rpath,/Users/Dilan/Projects/from-rtl-to-pixels/.venv/lib/python3.14/site-packages/cocotb/libs -L/Users/Dilan/Projects/from-rtl-to-pixels/.venv/lib/python3.14/site-packages/cocotb/libs -lcocotbvpi_verilator"  /Users/Dilan/Projects/from-rtl-to-pixels/rtl/window_3x3.sv /Users/Dilan/Projects/from-rtl-to-pixels/.venv/lib/python3.14/site-packages/cocotb/share/lib/verilator/verilator.cpp
- V e r i l a t i o n   R e p o r t: Verilator 5.052 2026-09-05 rev vUNKNOWN-built20260905
- Verilator: Built from 0.036 MB sources in 2 modules, into 0.057 MB in 6 C++ files needing 0.000 MB
- Verilator: Walltime 0.007 s (elab=0.000, cvt=0.004, bld=0.000); cpu 0.007 s on 1 threads; allocated 10.391 MB
/Applications/Xcode.app/Contents/Developer/usr/bin/make -C /var/folders/78/xn7s20w54m75pf1x_198zh980000gn/T/tmpiqwvlfl8  -f Vtop.mk
c++  -I.  -MMD -I/opt/homebrew/Cellar/verilator/5.052/share/verilator/include -I/opt/homebrew/Cellar/verilator/5.052/share/verilator/include/vltstd -DVERILATOR=1 -DVM_COVERAGE=0 -DVM_SC=0 -DVM_TIMING=0 -DVM_TRACE=0 -DVM_TRACE_FST=0 -DVM_TRACE_VCD=0 -DVM_TRACE_SAIF=0 -DVM_VPI=1 -faligned-new -fbracket-depth=4096 -fcf-protection=none -Xclang -fno-pch-timestamp -Qunused-arguments -Wno-bool-operation -Wno-c++11-narrowing -Wno-constant-logical-operand -Wno-int-in-bool-context -Wno-non-pod-varargs -Wno-parentheses-equality -Wno-shadow -Wno-sign-compare -Wno-tautological-bitwise-compare -Wno-tautological-compare -Wno-uninitialized -Wno-unnecessary-virtual-specifier -Wno-unused-but-set-parameter -Wno-unused-but-set-variable -Wno-unused-parameter -Wno-unused-variable -Wno-vla-cxx-extension      -Os  -c -o verilator.o /Users/Dilan/Projects/from-rtl-to-pixels/.venv/lib/python3.14/site-packages/cocotb/share/lib/verilator/verilator.cpp
c++ -Os  -I.  -MMD -I/opt/homebrew/Cellar/verilator/5.052/share/verilator/include -I/opt/homebrew/Cellar/verilator/5.052/share/verilator/include/vltstd -DVERILATOR=1 -DVM_COVERAGE=0 -DVM_SC=0 -DVM_TIMING=0 -DVM_TRACE=0 -DVM_TRACE_FST=0 -DVM_TRACE_VCD=0 -DVM_TRACE_SAIF=0 -DVM_VPI=1 -faligned-new -fbracket-depth=4096 -fcf-protection=none -Xclang -fno-pch-timestamp -Qunused-arguments -Wno-bool-operation -Wno-c++11-narrowing -Wno-constant-logical-operand -Wno-int-in-bool-context -Wno-non-pod-varargs -Wno-parentheses-equality -Wno-shadow -Wno-sign-compare -Wno-tautological-bitwise-compare -Wno-tautological-compare -Wno-uninitialized -Wno-unnecessary-virtual-specifier -Wno-unused-but-set-parameter -Wno-unused-but-set-variable -Wno-unused-parameter -Wno-unused-variable -Wno-vla-cxx-extension      -c -o verilated.o /opt/homebrew/Cellar/verilator/5.052/share/verilator/include/verilated.cpp
c++ -Os  -I.  -MMD -I/opt/homebrew/Cellar/verilator/5.052/share/verilator/include -I/opt/homebrew/Cellar/verilator/5.052/share/verilator/include/vltstd -DVERILATOR=1 -DVM_COVERAGE=0 -DVM_SC=0 -DVM_TIMING=0 -DVM_TRACE=0 -DVM_TRACE_FST=0 -DVM_TRACE_VCD=0 -DVM_TRACE_SAIF=0 -DVM_VPI=1 -faligned-new -fbracket-depth=4096 -fcf-protection=none -Xclang -fno-pch-timestamp -Qunused-arguments -Wno-bool-operation -Wno-c++11-narrowing -Wno-constant-logical-operand -Wno-int-in-bool-context -Wno-non-pod-varargs -Wno-parentheses-equality -Wno-shadow -Wno-sign-compare -Wno-tautological-bitwise-compare -Wno-tautological-compare -Wno-uninitialized -Wno-unnecessary-virtual-specifier -Wno-unused-but-set-parameter -Wno-unused-but-set-variable -Wno-unused-parameter -Wno-unused-variable -Wno-vla-cxx-extension      -c -o verilated_dpi.o /opt/homebrew/Cellar/verilator/5.052/share/verilator/include/verilated_dpi.cpp
c++ -Os  -I.  -MMD -I/opt/homebrew/Cellar/verilator/5.052/share/verilator/include -I/opt/homebrew/Cellar/verilator/5.052/share/verilator/include/vltstd -DVERILATOR=1 -DVM_COVERAGE=0 -DVM_SC=0 -DVM_TIMING=0 -DVM_TRACE=0 -DVM_TRACE_FST=0 -DVM_TRACE_VCD=0 -DVM_TRACE_SAIF=0 -DVM_VPI=1 -faligned-new -fbracket-depth=4096 -fcf-protection=none -Xclang -fno-pch-timestamp -Qunused-arguments -Wno-bool-operation -Wno-c++11-narrowing -Wno-constant-logical-operand -Wno-int-in-bool-context -Wno-non-pod-varargs -Wno-parentheses-equality -Wno-shadow -Wno-sign-compare -Wno-tautological-bitwise-compare -Wno-tautological-compare -Wno-uninitialized -Wno-unnecessary-virtual-specifier -Wno-unused-but-set-parameter -Wno-unused-but-set-variable -Wno-unused-parameter -Wno-unused-variable -Wno-vla-cxx-extension      -c -o verilated_vpi.o /opt/homebrew/Cellar/verilator/5.052/share/verilator/include/verilated_vpi.cpp
c++ -Os  -I.  -MMD -I/opt/homebrew/Cellar/verilator/5.052/share/verilator/include -I/opt/homebrew/Cellar/verilator/5.052/share/verilator/include/vltstd -DVERILATOR=1 -DVM_COVERAGE=0 -DVM_SC=0 -DVM_TIMING=0 -DVM_TRACE=0 -DVM_TRACE_FST=0 -DVM_TRACE_VCD=0 -DVM_TRACE_SAIF=0 -DVM_VPI=1 -faligned-new -fbracket-depth=4096 -fcf-protection=none -Xclang -fno-pch-timestamp -Qunused-arguments -Wno-bool-operation -Wno-c++11-narrowing -Wno-constant-logical-operand -Wno-int-in-bool-context -Wno-non-pod-varargs -Wno-parentheses-equality -Wno-shadow -Wno-sign-compare -Wno-tautological-bitwise-compare -Wno-tautological-compare -Wno-uninitialized -Wno-unnecessary-virtual-specifier -Wno-unused-but-set-parameter -Wno-unused-but-set-variable -Wno-unused-parameter -Wno-unused-variable -Wno-vla-cxx-extension      -c -o verilated_threads.o /opt/homebrew/Cellar/verilator/5.052/share/verilator/include/verilated_threads.cpp
python3 /opt/homebrew/Cellar/verilator/5.052/share/verilator/bin/verilator_includer -DVL_INCLUDE_OPT=include Vtop.cpp Vtop___024root__0.cpp Vtop__Dpi.cpp Vtop___024root__Slow.cpp Vtop___024root__0__Slow.cpp Vtop__Syms__Slow.cpp > Vtop__ALL.cpp
c++ -Os  -I.  -MMD -I/opt/homebrew/Cellar/verilator/5.052/share/verilator/include -I/opt/homebrew/Cellar/verilator/5.052/share/verilator/include/vltstd -DVERILATOR=1 -DVM_COVERAGE=0 -DVM_SC=0 -DVM_TIMING=0 -DVM_TRACE=0 -DVM_TRACE_FST=0 -DVM_TRACE_VCD=0 -DVM_TRACE_SAIF=0 -DVM_VPI=1 -faligned-new -fbracket-depth=4096 -fcf-protection=none -Xclang -fno-pch-timestamp -Qunused-arguments -Wno-bool-operation -Wno-c++11-narrowing -Wno-constant-logical-operand -Wno-int-in-bool-context -Wno-non-pod-varargs -Wno-parentheses-equality -Wno-shadow -Wno-sign-compare -Wno-tautological-bitwise-compare -Wno-tautological-compare -Wno-uninitialized -Wno-unnecessary-virtual-specifier -Wno-unused-but-set-parameter -Wno-unused-but-set-variable -Wno-unused-parameter -Wno-unused-variable -Wno-vla-cxx-extension      -c -o Vtop__ALL.o Vtop__ALL.cpp
c++  -Wl,-U,__Z15vl_time_stamp64v,-U,__Z13sc_time_stampv,-U,_vlog_startup_routines   -rdynamic verilator.o verilated.o verilated_dpi.o verilated_vpi.o verilated_threads.o Vtop__ALL.a   -Wl,-rpath,/Users/Dilan/Projects/from-rtl-to-pixels/.venv/lib/python3.14/site-packages/cocotb/libs -L/Users/Dilan/Projects/from-rtl-to-pixels/.venv/lib/python3.14/site-packages/cocotb/libs -lcocotbvpi_verilator  -pthread -lpthread -ldl   -o Vtop
rm Vtop__ALL.verilator_deplist.tmp
rm -f /var/folders/78/xn7s20w54m75pf1x_198zh980000gn/T/tmpiqwvlfl8/results.xml
COCOTB_TEST_MODULES=test_window_3x3 COCOTB_TESTCASE=  COCOTB_TOPLEVEL=window_3x3 TOPLEVEL_LANG=verilog       \
         /var/folders/78/xn7s20w54m75pf1x_198zh980000gn/T/tmpiqwvlfl8/Vtop
     -.--ns INFO     gpi                                ../gpi/GpiCommon.cpp:242  in gpi_load_users                  Loaded entry library: '/Library/Frameworks/Python.framework/Versions/3.14/Python'
     -.--ns INFO     gpi                                ../gpi/GpiCommon.cpp:234  in gpi_load_users                  Running entry func 'initialize' from loaded library '/Users/Dilan/Projects/from-rtl-to-pixels/.venv/lib/python3.14/site-packages/cocotb/simulator.cpython-314-darwin.so'
     -.--ns INFO     pygpi                              ..ib/pygpi/embed.cpp:115  in initialize                      Using Python 3.14.6 interpreter at /Users/Dilan/Projects/from-rtl-to-pixels/.venv/bin/python
     -.--ns INFO     gpi                                ../gpi/GpiCommon.cpp:74   in gpi_print_registered_impl       GPI: VPI support registered
     0.00ns INFO     cocotb.initialize                  Seeding Python random module with 1789909202
     0.00ns INFO     cocotb.initialize                  Initialized cocotb v2.1.0 from /Users/Dilan/Projects/from-rtl-to-pixels/.venv/lib/python3.14/site-packages/cocotb
     0.00ns INFO     cocotb.initialize                  Running on Verilator version 5.052 2026-09-05
     0.00ns INFO     cocotb.regression                  Running tests
     0.00ns INFO     cocotb.regression                  running test_window_3x3.first_valid_window_has_exact_taps (1/7)
   201.00ns INFO     cocotb.regression                  test_window_3x3.first_valid_window_has_exact_taps passed
   201.00ns INFO     cocotb.regression                  running test_window_3x3.every_interior_window_has_exact_taps (2/7)
   622.00ns INFO     cocotb.regression                  test_window_3x3.every_interior_window_has_exact_taps passed
   622.00ns INFO     cocotb.regression                  running test_window_3x3.row_transition_clears_horizontal_history (3/7)
   833.00ns INFO     cocotb.regression                  test_window_3x3.row_transition_clears_horizontal_history passed
   833.00ns INFO     cocotb.regression                  running test_window_3x3.non_commit_cycles_hold_horizontal_history (4/7)
  1124.00ns INFO     cocotb.regression                  test_window_3x3.non_commit_cycles_hold_horizontal_history passed
  1124.00ns INFO     cocotb.regression                  running test_window_3x3.reset_invalidates_horizontal_history (5/7)
  1525.00ns INFO     cocotb.regression                  test_window_3x3.reset_invalidates_horizontal_history passed
  1525.00ns INFO     cocotb.regression                  running test_window_3x3.new_frame_start_invalidates_old_horizontal_history (6/7)
  2346.01ns INFO     cocotb.regression                  test_window_3x3.new_frame_start_invalidates_old_horizontal_history passed
  2346.01ns INFO     cocotb.regression                  running test_window_3x3.rows_zero_one_and_cols_zero_one_never_valid (7/7)
  2767.01ns INFO     cocotb.regression                  test_window_3x3.rows_zero_one_and_cols_zero_one_never_valid passed
  2767.01ns INFO     cocotb.regression                  ****************************************************************************************************************************
                                                        ** TEST                                                                STATUS  SIM TIME (ns)  REAL TIME (s)  RATIO (ns/s) **
                                                        ****************************************************************************************************************************
                                                        ** test_window_3x3.first_valid_window_has_exact_taps                    PASS         201.00           0.00     167738.89  **
                                                        ** test_window_3x3.every_interior_window_has_exact_taps                 PASS         421.00           0.00     244370.91  **
                                                        ** test_window_3x3.row_transition_clears_horizontal_history             PASS         211.00           0.00     240959.18  **
                                                        ** test_window_3x3.non_commit_cycles_hold_horizontal_history            PASS         291.00           0.00     251630.41  **
                                                        ** test_window_3x3.reset_invalidates_horizontal_history                 PASS         401.00           0.00     263880.89  **
                                                        ** test_window_3x3.new_frame_start_invalidates_old_horizontal_history   PASS         821.00           0.00     257151.86  **
                                                        ** test_window_3x3.rows_zero_one_and_cols_zero_one_never_valid          PASS         421.00           0.00     260613.82  **
                                                        ****************************************************************************************************************************
                                                        ** TESTS=7 PASS=7 FAIL=0 SKIP=0                                                     2767.01           0.01     224355.63  **
                                                        ****************************************************************************************************************************
- :0: Verilog $finish

exit_code=0

=== CASE 12/17: output_control 3x3 ===
$ make -f tb/tests/Makefile.output_control
Environment: IMG_WIDTH=3 IMG_HEIGHT=3
rm -f /var/folders/78/xn7s20w54m75pf1x_198zh980000gn/T/tmpek1zxg1e/results.xml
/opt/homebrew/bin/verilator -cc --exe -Mdir /var/folders/78/xn7s20w54m75pf1x_198zh980000gn/T/tmpek1zxg1e --top-module output_control -GIMG_WIDTH=3 -GIMG_HEIGHT=3 --timescale 1ns/1ps --vpi --public-flat-rw --prefix Vtop -o Vtop -LDFLAGS "-Wl,-rpath,/Users/Dilan/Projects/from-rtl-to-pixels/.venv/lib/python3.14/site-packages/cocotb/libs -L/Users/Dilan/Projects/from-rtl-to-pixels/.venv/lib/python3.14/site-packages/cocotb/libs -lcocotbvpi_verilator"  /Users/Dilan/Projects/from-rtl-to-pixels/rtl/output_control.sv /Users/Dilan/Projects/from-rtl-to-pixels/.venv/lib/python3.14/site-packages/cocotb/share/lib/verilator/verilator.cpp
- V e r i l a t i o n   R e p o r t: Verilator 5.052 2026-09-05 rev vUNKNOWN-built20260905
- Verilator: Built from 0.040 MB sources in 2 modules, into 0.059 MB in 6 C++ files needing 0.000 MB
- Verilator: Walltime 0.009 s (elab=0.001, cvt=0.004, bld=0.000); cpu 0.008 s on 1 threads; allocated 10.500 MB
/Applications/Xcode.app/Contents/Developer/usr/bin/make -C /var/folders/78/xn7s20w54m75pf1x_198zh980000gn/T/tmpek1zxg1e  -f Vtop.mk
c++  -I.  -MMD -I/opt/homebrew/Cellar/verilator/5.052/share/verilator/include -I/opt/homebrew/Cellar/verilator/5.052/share/verilator/include/vltstd -DVERILATOR=1 -DVM_COVERAGE=0 -DVM_SC=0 -DVM_TIMING=0 -DVM_TRACE=0 -DVM_TRACE_FST=0 -DVM_TRACE_VCD=0 -DVM_TRACE_SAIF=0 -DVM_VPI=1 -faligned-new -fbracket-depth=4096 -fcf-protection=none -Xclang -fno-pch-timestamp -Qunused-arguments -Wno-bool-operation -Wno-c++11-narrowing -Wno-constant-logical-operand -Wno-int-in-bool-context -Wno-non-pod-varargs -Wno-parentheses-equality -Wno-shadow -Wno-sign-compare -Wno-tautological-bitwise-compare -Wno-tautological-compare -Wno-uninitialized -Wno-unnecessary-virtual-specifier -Wno-unused-but-set-parameter -Wno-unused-but-set-variable -Wno-unused-parameter -Wno-unused-variable -Wno-vla-cxx-extension      -Os  -c -o verilator.o /Users/Dilan/Projects/from-rtl-to-pixels/.venv/lib/python3.14/site-packages/cocotb/share/lib/verilator/verilator.cpp
c++ -Os  -I.  -MMD -I/opt/homebrew/Cellar/verilator/5.052/share/verilator/include -I/opt/homebrew/Cellar/verilator/5.052/share/verilator/include/vltstd -DVERILATOR=1 -DVM_COVERAGE=0 -DVM_SC=0 -DVM_TIMING=0 -DVM_TRACE=0 -DVM_TRACE_FST=0 -DVM_TRACE_VCD=0 -DVM_TRACE_SAIF=0 -DVM_VPI=1 -faligned-new -fbracket-depth=4096 -fcf-protection=none -Xclang -fno-pch-timestamp -Qunused-arguments -Wno-bool-operation -Wno-c++11-narrowing -Wno-constant-logical-operand -Wno-int-in-bool-context -Wno-non-pod-varargs -Wno-parentheses-equality -Wno-shadow -Wno-sign-compare -Wno-tautological-bitwise-compare -Wno-tautological-compare -Wno-uninitialized -Wno-unnecessary-virtual-specifier -Wno-unused-but-set-parameter -Wno-unused-but-set-variable -Wno-unused-parameter -Wno-unused-variable -Wno-vla-cxx-extension      -c -o verilated.o /opt/homebrew/Cellar/verilator/5.052/share/verilator/include/verilated.cpp
c++ -Os  -I.  -MMD -I/opt/homebrew/Cellar/verilator/5.052/share/verilator/include -I/opt/homebrew/Cellar/verilator/5.052/share/verilator/include/vltstd -DVERILATOR=1 -DVM_COVERAGE=0 -DVM_SC=0 -DVM_TIMING=0 -DVM_TRACE=0 -DVM_TRACE_FST=0 -DVM_TRACE_VCD=0 -DVM_TRACE_SAIF=0 -DVM_VPI=1 -faligned-new -fbracket-depth=4096 -fcf-protection=none -Xclang -fno-pch-timestamp -Qunused-arguments -Wno-bool-operation -Wno-c++11-narrowing -Wno-constant-logical-operand -Wno-int-in-bool-context -Wno-non-pod-varargs -Wno-parentheses-equality -Wno-shadow -Wno-sign-compare -Wno-tautological-bitwise-compare -Wno-tautological-compare -Wno-uninitialized -Wno-unnecessary-virtual-specifier -Wno-unused-but-set-parameter -Wno-unused-but-set-variable -Wno-unused-parameter -Wno-unused-variable -Wno-vla-cxx-extension      -c -o verilated_dpi.o /opt/homebrew/Cellar/verilator/5.052/share/verilator/include/verilated_dpi.cpp
c++ -Os  -I.  -MMD -I/opt/homebrew/Cellar/verilator/5.052/share/verilator/include -I/opt/homebrew/Cellar/verilator/5.052/share/verilator/include/vltstd -DVERILATOR=1 -DVM_COVERAGE=0 -DVM_SC=0 -DVM_TIMING=0 -DVM_TRACE=0 -DVM_TRACE_FST=0 -DVM_TRACE_VCD=0 -DVM_TRACE_SAIF=0 -DVM_VPI=1 -faligned-new -fbracket-depth=4096 -fcf-protection=none -Xclang -fno-pch-timestamp -Qunused-arguments -Wno-bool-operation -Wno-c++11-narrowing -Wno-constant-logical-operand -Wno-int-in-bool-context -Wno-non-pod-varargs -Wno-parentheses-equality -Wno-shadow -Wno-sign-compare -Wno-tautological-bitwise-compare -Wno-tautological-compare -Wno-uninitialized -Wno-unnecessary-virtual-specifier -Wno-unused-but-set-parameter -Wno-unused-but-set-variable -Wno-unused-parameter -Wno-unused-variable -Wno-vla-cxx-extension      -c -o verilated_vpi.o /opt/homebrew/Cellar/verilator/5.052/share/verilator/include/verilated_vpi.cpp
c++ -Os  -I.  -MMD -I/opt/homebrew/Cellar/verilator/5.052/share/verilator/include -I/opt/homebrew/Cellar/verilator/5.052/share/verilator/include/vltstd -DVERILATOR=1 -DVM_COVERAGE=0 -DVM_SC=0 -DVM_TIMING=0 -DVM_TRACE=0 -DVM_TRACE_FST=0 -DVM_TRACE_VCD=0 -DVM_TRACE_SAIF=0 -DVM_VPI=1 -faligned-new -fbracket-depth=4096 -fcf-protection=none -Xclang -fno-pch-timestamp -Qunused-arguments -Wno-bool-operation -Wno-c++11-narrowing -Wno-constant-logical-operand -Wno-int-in-bool-context -Wno-non-pod-varargs -Wno-parentheses-equality -Wno-shadow -Wno-sign-compare -Wno-tautological-bitwise-compare -Wno-tautological-compare -Wno-uninitialized -Wno-unnecessary-virtual-specifier -Wno-unused-but-set-parameter -Wno-unused-but-set-variable -Wno-unused-parameter -Wno-unused-variable -Wno-vla-cxx-extension      -c -o verilated_threads.o /opt/homebrew/Cellar/verilator/5.052/share/verilator/include/verilated_threads.cpp
python3 /opt/homebrew/Cellar/verilator/5.052/share/verilator/bin/verilator_includer -DVL_INCLUDE_OPT=include Vtop.cpp Vtop___024root__0.cpp Vtop__Dpi.cpp Vtop___024root__Slow.cpp Vtop___024root__0__Slow.cpp Vtop__Syms__Slow.cpp > Vtop__ALL.cpp
c++ -Os  -I.  -MMD -I/opt/homebrew/Cellar/verilator/5.052/share/verilator/include -I/opt/homebrew/Cellar/verilator/5.052/share/verilator/include/vltstd -DVERILATOR=1 -DVM_COVERAGE=0 -DVM_SC=0 -DVM_TIMING=0 -DVM_TRACE=0 -DVM_TRACE_FST=0 -DVM_TRACE_VCD=0 -DVM_TRACE_SAIF=0 -DVM_VPI=1 -faligned-new -fbracket-depth=4096 -fcf-protection=none -Xclang -fno-pch-timestamp -Qunused-arguments -Wno-bool-operation -Wno-c++11-narrowing -Wno-constant-logical-operand -Wno-int-in-bool-context -Wno-non-pod-varargs -Wno-parentheses-equality -Wno-shadow -Wno-sign-compare -Wno-tautological-bitwise-compare -Wno-tautological-compare -Wno-uninitialized -Wno-unnecessary-virtual-specifier -Wno-unused-but-set-parameter -Wno-unused-but-set-variable -Wno-unused-parameter -Wno-unused-variable -Wno-vla-cxx-extension      -c -o Vtop__ALL.o Vtop__ALL.cpp
c++  -Wl,-U,__Z15vl_time_stamp64v,-U,__Z13sc_time_stampv,-U,_vlog_startup_routines   -rdynamic verilator.o verilated.o verilated_dpi.o verilated_vpi.o verilated_threads.o Vtop__ALL.a   -Wl,-rpath,/Users/Dilan/Projects/from-rtl-to-pixels/.venv/lib/python3.14/site-packages/cocotb/libs -L/Users/Dilan/Projects/from-rtl-to-pixels/.venv/lib/python3.14/site-packages/cocotb/libs -lcocotbvpi_verilator  -pthread -lpthread -ldl   -o Vtop
rm Vtop__ALL.verilator_deplist.tmp
rm -f /var/folders/78/xn7s20w54m75pf1x_198zh980000gn/T/tmpek1zxg1e/results.xml
COCOTB_TEST_MODULES=test_output_control COCOTB_TESTCASE=  COCOTB_TOPLEVEL=output_control TOPLEVEL_LANG=verilog       \
         /var/folders/78/xn7s20w54m75pf1x_198zh980000gn/T/tmpek1zxg1e/Vtop
     -.--ns INFO     gpi                                ../gpi/GpiCommon.cpp:242  in gpi_load_users                  Loaded entry library: '/Library/Frameworks/Python.framework/Versions/3.14/Python'
     -.--ns INFO     gpi                                ../gpi/GpiCommon.cpp:234  in gpi_load_users                  Running entry func 'initialize' from loaded library '/Users/Dilan/Projects/from-rtl-to-pixels/.venv/lib/python3.14/site-packages/cocotb/simulator.cpython-314-darwin.so'
     -.--ns INFO     pygpi                              ..ib/pygpi/embed.cpp:115  in initialize                      Using Python 3.14.6 interpreter at /Users/Dilan/Projects/from-rtl-to-pixels/.venv/bin/python
     -.--ns INFO     gpi                                ../gpi/GpiCommon.cpp:74   in gpi_print_registered_impl       GPI: VPI support registered
     0.00ns INFO     cocotb.initialize                  Seeding Python random module with 1789909208
     0.00ns INFO     cocotb.initialize                  Initialized cocotb v2.1.0 from /Users/Dilan/Projects/from-rtl-to-pixels/.venv/lib/python3.14/site-packages/cocotb
     0.00ns INFO     cocotb.initialize                  Running on Verilator version 5.052 2026-09-05
     0.00ns INFO     cocotb.regression                  Running tests
     0.00ns INFO     cocotb.regression                  running test_output_control.exact_initial_delay_and_first_output (1/7)
    61.00ns INFO     cocotb.regression                  test_output_control.exact_initial_delay_and_first_output passed
    61.00ns INFO     cocotb.regression                  running test_output_control.full_frame_mapping_count_and_border_classification (2/7)
   212.00ns INFO     cocotb.regression                  test_output_control.full_frame_mapping_count_and_border_classification passed
   212.00ns INFO     cocotb.regression                  running test_output_control.live_backpressure_blocks_input_after_fill (3/7)
   333.00ns INFO     cocotb.regression                  test_output_control.live_backpressure_blocks_input_after_fill passed
   333.00ns INFO     cocotb.regression                  running test_output_control.drain_is_exactly_w_plus_one_and_stalls_stably (4/7)
   554.00ns INFO     cocotb.regression                  test_output_control.drain_is_exactly_w_plus_one_and_stalls_stably passed
   554.00ns INFO     cocotb.regression                  running test_output_control.no_new_frame_is_admitted_during_drain (5/7)
   745.00ns INFO     cocotb.regression                  test_output_control.no_new_frame_is_admitted_during_drain passed
   745.00ns INFO     cocotb.regression                  running test_output_control.frame_abort_clears_partial_position_state (6/7)
   876.00ns INFO     cocotb.regression                  test_output_control.frame_abort_clears_partial_position_state passed
   876.00ns INFO     cocotb.regression                  running test_output_control.synchronous_reset_clears_drain_state (7/7)
   998.01ns INFO     cocotb.regression                  test_output_control.synchronous_reset_clears_drain_state passed
   998.01ns INFO     cocotb.regression                  ********************************************************************************************************************************
                                                        ** TEST                                                                    STATUS  SIM TIME (ns)  REAL TIME (s)  RATIO (ns/s) **
                                                        ********************************************************************************************************************************
                                                        ** test_output_control.exact_initial_delay_and_first_output                 PASS          61.00           0.00     118465.69  **
                                                        ** test_output_control.full_frame_mapping_count_and_border_classification   PASS         151.00           0.00     452377.54  **
                                                        ** test_output_control.live_backpressure_blocks_input_after_fill            PASS         121.00           0.00     434211.58  **
                                                        ** test_output_control.drain_is_exactly_w_plus_one_and_stalls_stably        PASS         221.00           0.00     425989.60  **
                                                        ** test_output_control.no_new_frame_is_admitted_during_drain                PASS         191.00           0.00     457485.04  **
                                                        ** test_output_control.frame_abort_clears_partial_position_state            PASS         131.00           0.00     410712.38  **
                                                        ** test_output_control.synchronous_reset_clears_drain_state                 PASS         122.00           0.00     421537.09  **
                                                        ********************************************************************************************************************************
                                                        ** TESTS=7 PASS=7 FAIL=0 SKIP=0                                                          998.01           0.00     277525.85  **
                                                        ********************************************************************************************************************************
- :0: Verilog $finish

exit_code=0

=== CASE 13/17: output_control 5x4 ===
$ make -f tb/tests/Makefile.output_control
Environment: IMG_WIDTH=5 IMG_HEIGHT=4
rm -f /var/folders/78/xn7s20w54m75pf1x_198zh980000gn/T/tmp_u1xd_gn/results.xml
/opt/homebrew/bin/verilator -cc --exe -Mdir /var/folders/78/xn7s20w54m75pf1x_198zh980000gn/T/tmp_u1xd_gn --top-module output_control -GIMG_WIDTH=5 -GIMG_HEIGHT=4 --timescale 1ns/1ps --vpi --public-flat-rw --prefix Vtop -o Vtop -LDFLAGS "-Wl,-rpath,/Users/Dilan/Projects/from-rtl-to-pixels/.venv/lib/python3.14/site-packages/cocotb/libs -L/Users/Dilan/Projects/from-rtl-to-pixels/.venv/lib/python3.14/site-packages/cocotb/libs -lcocotbvpi_verilator"  /Users/Dilan/Projects/from-rtl-to-pixels/rtl/output_control.sv /Users/Dilan/Projects/from-rtl-to-pixels/.venv/lib/python3.14/site-packages/cocotb/share/lib/verilator/verilator.cpp
- V e r i l a t i o n   R e p o r t: Verilator 5.052 2026-09-05 rev vUNKNOWN-built20260905
- Verilator: Built from 0.040 MB sources in 2 modules, into 0.059 MB in 6 C++ files needing 0.000 MB
- Verilator: Walltime 0.010 s (elab=0.001, cvt=0.005, bld=0.000); cpu 0.009 s on 1 threads; allocated 10.375 MB
/Applications/Xcode.app/Contents/Developer/usr/bin/make -C /var/folders/78/xn7s20w54m75pf1x_198zh980000gn/T/tmp_u1xd_gn  -f Vtop.mk
c++  -I.  -MMD -I/opt/homebrew/Cellar/verilator/5.052/share/verilator/include -I/opt/homebrew/Cellar/verilator/5.052/share/verilator/include/vltstd -DVERILATOR=1 -DVM_COVERAGE=0 -DVM_SC=0 -DVM_TIMING=0 -DVM_TRACE=0 -DVM_TRACE_FST=0 -DVM_TRACE_VCD=0 -DVM_TRACE_SAIF=0 -DVM_VPI=1 -faligned-new -fbracket-depth=4096 -fcf-protection=none -Xclang -fno-pch-timestamp -Qunused-arguments -Wno-bool-operation -Wno-c++11-narrowing -Wno-constant-logical-operand -Wno-int-in-bool-context -Wno-non-pod-varargs -Wno-parentheses-equality -Wno-shadow -Wno-sign-compare -Wno-tautological-bitwise-compare -Wno-tautological-compare -Wno-uninitialized -Wno-unnecessary-virtual-specifier -Wno-unused-but-set-parameter -Wno-unused-but-set-variable -Wno-unused-parameter -Wno-unused-variable -Wno-vla-cxx-extension      -Os  -c -o verilator.o /Users/Dilan/Projects/from-rtl-to-pixels/.venv/lib/python3.14/site-packages/cocotb/share/lib/verilator/verilator.cpp
c++ -Os  -I.  -MMD -I/opt/homebrew/Cellar/verilator/5.052/share/verilator/include -I/opt/homebrew/Cellar/verilator/5.052/share/verilator/include/vltstd -DVERILATOR=1 -DVM_COVERAGE=0 -DVM_SC=0 -DVM_TIMING=0 -DVM_TRACE=0 -DVM_TRACE_FST=0 -DVM_TRACE_VCD=0 -DVM_TRACE_SAIF=0 -DVM_VPI=1 -faligned-new -fbracket-depth=4096 -fcf-protection=none -Xclang -fno-pch-timestamp -Qunused-arguments -Wno-bool-operation -Wno-c++11-narrowing -Wno-constant-logical-operand -Wno-int-in-bool-context -Wno-non-pod-varargs -Wno-parentheses-equality -Wno-shadow -Wno-sign-compare -Wno-tautological-bitwise-compare -Wno-tautological-compare -Wno-uninitialized -Wno-unnecessary-virtual-specifier -Wno-unused-but-set-parameter -Wno-unused-but-set-variable -Wno-unused-parameter -Wno-unused-variable -Wno-vla-cxx-extension      -c -o verilated.o /opt/homebrew/Cellar/verilator/5.052/share/verilator/include/verilated.cpp
c++ -Os  -I.  -MMD -I/opt/homebrew/Cellar/verilator/5.052/share/verilator/include -I/opt/homebrew/Cellar/verilator/5.052/share/verilator/include/vltstd -DVERILATOR=1 -DVM_COVERAGE=0 -DVM_SC=0 -DVM_TIMING=0 -DVM_TRACE=0 -DVM_TRACE_FST=0 -DVM_TRACE_VCD=0 -DVM_TRACE_SAIF=0 -DVM_VPI=1 -faligned-new -fbracket-depth=4096 -fcf-protection=none -Xclang -fno-pch-timestamp -Qunused-arguments -Wno-bool-operation -Wno-c++11-narrowing -Wno-constant-logical-operand -Wno-int-in-bool-context -Wno-non-pod-varargs -Wno-parentheses-equality -Wno-shadow -Wno-sign-compare -Wno-tautological-bitwise-compare -Wno-tautological-compare -Wno-uninitialized -Wno-unnecessary-virtual-specifier -Wno-unused-but-set-parameter -Wno-unused-but-set-variable -Wno-unused-parameter -Wno-unused-variable -Wno-vla-cxx-extension      -c -o verilated_dpi.o /opt/homebrew/Cellar/verilator/5.052/share/verilator/include/verilated_dpi.cpp
c++ -Os  -I.  -MMD -I/opt/homebrew/Cellar/verilator/5.052/share/verilator/include -I/opt/homebrew/Cellar/verilator/5.052/share/verilator/include/vltstd -DVERILATOR=1 -DVM_COVERAGE=0 -DVM_SC=0 -DVM_TIMING=0 -DVM_TRACE=0 -DVM_TRACE_FST=0 -DVM_TRACE_VCD=0 -DVM_TRACE_SAIF=0 -DVM_VPI=1 -faligned-new -fbracket-depth=4096 -fcf-protection=none -Xclang -fno-pch-timestamp -Qunused-arguments -Wno-bool-operation -Wno-c++11-narrowing -Wno-constant-logical-operand -Wno-int-in-bool-context -Wno-non-pod-varargs -Wno-parentheses-equality -Wno-shadow -Wno-sign-compare -Wno-tautological-bitwise-compare -Wno-tautological-compare -Wno-uninitialized -Wno-unnecessary-virtual-specifier -Wno-unused-but-set-parameter -Wno-unused-but-set-variable -Wno-unused-parameter -Wno-unused-variable -Wno-vla-cxx-extension      -c -o verilated_vpi.o /opt/homebrew/Cellar/verilator/5.052/share/verilator/include/verilated_vpi.cpp
c++ -Os  -I.  -MMD -I/opt/homebrew/Cellar/verilator/5.052/share/verilator/include -I/opt/homebrew/Cellar/verilator/5.052/share/verilator/include/vltstd -DVERILATOR=1 -DVM_COVERAGE=0 -DVM_SC=0 -DVM_TIMING=0 -DVM_TRACE=0 -DVM_TRACE_FST=0 -DVM_TRACE_VCD=0 -DVM_TRACE_SAIF=0 -DVM_VPI=1 -faligned-new -fbracket-depth=4096 -fcf-protection=none -Xclang -fno-pch-timestamp -Qunused-arguments -Wno-bool-operation -Wno-c++11-narrowing -Wno-constant-logical-operand -Wno-int-in-bool-context -Wno-non-pod-varargs -Wno-parentheses-equality -Wno-shadow -Wno-sign-compare -Wno-tautological-bitwise-compare -Wno-tautological-compare -Wno-uninitialized -Wno-unnecessary-virtual-specifier -Wno-unused-but-set-parameter -Wno-unused-but-set-variable -Wno-unused-parameter -Wno-unused-variable -Wno-vla-cxx-extension      -c -o verilated_threads.o /opt/homebrew/Cellar/verilator/5.052/share/verilator/include/verilated_threads.cpp
python3 /opt/homebrew/Cellar/verilator/5.052/share/verilator/bin/verilator_includer -DVL_INCLUDE_OPT=include Vtop.cpp Vtop___024root__0.cpp Vtop__Dpi.cpp Vtop___024root__Slow.cpp Vtop___024root__0__Slow.cpp Vtop__Syms__Slow.cpp > Vtop__ALL.cpp
c++ -Os  -I.  -MMD -I/opt/homebrew/Cellar/verilator/5.052/share/verilator/include -I/opt/homebrew/Cellar/verilator/5.052/share/verilator/include/vltstd -DVERILATOR=1 -DVM_COVERAGE=0 -DVM_SC=0 -DVM_TIMING=0 -DVM_TRACE=0 -DVM_TRACE_FST=0 -DVM_TRACE_VCD=0 -DVM_TRACE_SAIF=0 -DVM_VPI=1 -faligned-new -fbracket-depth=4096 -fcf-protection=none -Xclang -fno-pch-timestamp -Qunused-arguments -Wno-bool-operation -Wno-c++11-narrowing -Wno-constant-logical-operand -Wno-int-in-bool-context -Wno-non-pod-varargs -Wno-parentheses-equality -Wno-shadow -Wno-sign-compare -Wno-tautological-bitwise-compare -Wno-tautological-compare -Wno-uninitialized -Wno-unnecessary-virtual-specifier -Wno-unused-but-set-parameter -Wno-unused-but-set-variable -Wno-unused-parameter -Wno-unused-variable -Wno-vla-cxx-extension      -c -o Vtop__ALL.o Vtop__ALL.cpp
c++  -Wl,-U,__Z15vl_time_stamp64v,-U,__Z13sc_time_stampv,-U,_vlog_startup_routines   -rdynamic verilator.o verilated.o verilated_dpi.o verilated_vpi.o verilated_threads.o Vtop__ALL.a   -Wl,-rpath,/Users/Dilan/Projects/from-rtl-to-pixels/.venv/lib/python3.14/site-packages/cocotb/libs -L/Users/Dilan/Projects/from-rtl-to-pixels/.venv/lib/python3.14/site-packages/cocotb/libs -lcocotbvpi_verilator  -pthread -lpthread -ldl   -o Vtop
rm Vtop__ALL.verilator_deplist.tmp
rm -f /var/folders/78/xn7s20w54m75pf1x_198zh980000gn/T/tmp_u1xd_gn/results.xml
COCOTB_TEST_MODULES=test_output_control COCOTB_TESTCASE=  COCOTB_TOPLEVEL=output_control TOPLEVEL_LANG=verilog       \
         /var/folders/78/xn7s20w54m75pf1x_198zh980000gn/T/tmp_u1xd_gn/Vtop
     -.--ns INFO     gpi                                ../gpi/GpiCommon.cpp:242  in gpi_load_users                  Loaded entry library: '/Library/Frameworks/Python.framework/Versions/3.14/Python'
     -.--ns INFO     gpi                                ../gpi/GpiCommon.cpp:234  in gpi_load_users                  Running entry func 'initialize' from loaded library '/Users/Dilan/Projects/from-rtl-to-pixels/.venv/lib/python3.14/site-packages/cocotb/simulator.cpython-314-darwin.so'
     -.--ns INFO     pygpi                              ..ib/pygpi/embed.cpp:115  in initialize                      Using Python 3.14.6 interpreter at /Users/Dilan/Projects/from-rtl-to-pixels/.venv/bin/python
     -.--ns INFO     gpi                                ../gpi/GpiCommon.cpp:74   in gpi_print_registered_impl       GPI: VPI support registered
     0.00ns INFO     cocotb.initialize                  Seeding Python random module with 1789909214
     0.00ns INFO     cocotb.initialize                  Initialized cocotb v2.1.0 from /Users/Dilan/Projects/from-rtl-to-pixels/.venv/lib/python3.14/site-packages/cocotb
     0.00ns INFO     cocotb.initialize                  Running on Verilator version 5.052 2026-09-05
     0.00ns INFO     cocotb.regression                  Running tests
     0.00ns INFO     cocotb.regression                  running test_output_control.exact_initial_delay_and_first_output (1/7)
    81.00ns INFO     cocotb.regression                  test_output_control.exact_initial_delay_and_first_output passed
    81.00ns INFO     cocotb.regression                  running test_output_control.full_frame_mapping_count_and_border_classification (2/7)
   362.00ns INFO     cocotb.regression                  test_output_control.full_frame_mapping_count_and_border_classification passed
   362.00ns INFO     cocotb.regression                  running test_output_control.live_backpressure_blocks_input_after_fill (3/7)
   503.00ns INFO     cocotb.regression                  test_output_control.live_backpressure_blocks_input_after_fill passed
   503.00ns INFO     cocotb.regression                  running test_output_control.drain_is_exactly_w_plus_one_and_stalls_stably (4/7)
   874.00ns INFO     cocotb.regression                  test_output_control.drain_is_exactly_w_plus_one_and_stalls_stably passed
   874.00ns INFO     cocotb.regression                  running test_output_control.no_new_frame_is_admitted_during_drain (5/7)
  1195.00ns INFO     cocotb.regression                  test_output_control.no_new_frame_is_admitted_during_drain passed
  1195.00ns INFO     cocotb.regression                  running test_output_control.frame_abort_clears_partial_position_state (6/7)
  1366.01ns INFO     cocotb.regression                  test_output_control.frame_abort_clears_partial_position_state passed
  1366.01ns INFO     cocotb.regression                  running test_output_control.synchronous_reset_clears_drain_state (7/7)
  1598.01ns INFO     cocotb.regression                  test_output_control.synchronous_reset_clears_drain_state passed
  1598.01ns INFO     cocotb.regression                  ********************************************************************************************************************************
                                                        ** TEST                                                                    STATUS  SIM TIME (ns)  REAL TIME (s)  RATIO (ns/s) **
                                                        ********************************************************************************************************************************
                                                        ** test_output_control.exact_initial_delay_and_first_output                 PASS          81.00           0.00     126340.42  **
                                                        ** test_output_control.full_frame_mapping_count_and_border_classification   PASS         281.00           0.00     390006.94  **
                                                        ** test_output_control.live_backpressure_blocks_input_after_fill            PASS         141.00           0.00     415368.03  **
                                                        ** test_output_control.drain_is_exactly_w_plus_one_and_stalls_stably        PASS         371.00           0.00     446092.54  **
                                                        ** test_output_control.no_new_frame_is_admitted_during_drain                PASS         321.00           0.00     470357.93  **
                                                        ** test_output_control.frame_abort_clears_partial_position_state            PASS         171.00           0.00     425858.32  **
                                                        ** test_output_control.synchronous_reset_clears_drain_state                 PASS         232.00           0.00     438011.05  **
                                                        ********************************************************************************************************************************
                                                        ** TESTS=7 PASS=7 FAIL=0 SKIP=0                                                         1598.01           0.01     304008.14  **
                                                        ********************************************************************************************************************************
- :0: Verilog $finish

exit_code=0

=== CASE 14/17: output_control 8x5 ===
$ make -f tb/tests/Makefile.output_control
Environment: IMG_WIDTH=8 IMG_HEIGHT=5
rm -f /var/folders/78/xn7s20w54m75pf1x_198zh980000gn/T/tmpvb5a9sqe/results.xml
/opt/homebrew/bin/verilator -cc --exe -Mdir /var/folders/78/xn7s20w54m75pf1x_198zh980000gn/T/tmpvb5a9sqe --top-module output_control -GIMG_WIDTH=8 -GIMG_HEIGHT=5 --timescale 1ns/1ps --vpi --public-flat-rw --prefix Vtop -o Vtop -LDFLAGS "-Wl,-rpath,/Users/Dilan/Projects/from-rtl-to-pixels/.venv/lib/python3.14/site-packages/cocotb/libs -L/Users/Dilan/Projects/from-rtl-to-pixels/.venv/lib/python3.14/site-packages/cocotb/libs -lcocotbvpi_verilator"  /Users/Dilan/Projects/from-rtl-to-pixels/rtl/output_control.sv /Users/Dilan/Projects/from-rtl-to-pixels/.venv/lib/python3.14/site-packages/cocotb/share/lib/verilator/verilator.cpp
- V e r i l a t i o n   R e p o r t: Verilator 5.052 2026-09-05 rev vUNKNOWN-built20260905
- Verilator: Built from 0.040 MB sources in 2 modules, into 0.059 MB in 6 C++ files needing 0.000 MB
- Verilator: Walltime 0.009 s (elab=0.001, cvt=0.004, bld=0.000); cpu 0.009 s on 1 threads; allocated 10.562 MB
/Applications/Xcode.app/Contents/Developer/usr/bin/make -C /var/folders/78/xn7s20w54m75pf1x_198zh980000gn/T/tmpvb5a9sqe  -f Vtop.mk
c++  -I.  -MMD -I/opt/homebrew/Cellar/verilator/5.052/share/verilator/include -I/opt/homebrew/Cellar/verilator/5.052/share/verilator/include/vltstd -DVERILATOR=1 -DVM_COVERAGE=0 -DVM_SC=0 -DVM_TIMING=0 -DVM_TRACE=0 -DVM_TRACE_FST=0 -DVM_TRACE_VCD=0 -DVM_TRACE_SAIF=0 -DVM_VPI=1 -faligned-new -fbracket-depth=4096 -fcf-protection=none -Xclang -fno-pch-timestamp -Qunused-arguments -Wno-bool-operation -Wno-c++11-narrowing -Wno-constant-logical-operand -Wno-int-in-bool-context -Wno-non-pod-varargs -Wno-parentheses-equality -Wno-shadow -Wno-sign-compare -Wno-tautological-bitwise-compare -Wno-tautological-compare -Wno-uninitialized -Wno-unnecessary-virtual-specifier -Wno-unused-but-set-parameter -Wno-unused-but-set-variable -Wno-unused-parameter -Wno-unused-variable -Wno-vla-cxx-extension      -Os  -c -o verilator.o /Users/Dilan/Projects/from-rtl-to-pixels/.venv/lib/python3.14/site-packages/cocotb/share/lib/verilator/verilator.cpp
c++ -Os  -I.  -MMD -I/opt/homebrew/Cellar/verilator/5.052/share/verilator/include -I/opt/homebrew/Cellar/verilator/5.052/share/verilator/include/vltstd -DVERILATOR=1 -DVM_COVERAGE=0 -DVM_SC=0 -DVM_TIMING=0 -DVM_TRACE=0 -DVM_TRACE_FST=0 -DVM_TRACE_VCD=0 -DVM_TRACE_SAIF=0 -DVM_VPI=1 -faligned-new -fbracket-depth=4096 -fcf-protection=none -Xclang -fno-pch-timestamp -Qunused-arguments -Wno-bool-operation -Wno-c++11-narrowing -Wno-constant-logical-operand -Wno-int-in-bool-context -Wno-non-pod-varargs -Wno-parentheses-equality -Wno-shadow -Wno-sign-compare -Wno-tautological-bitwise-compare -Wno-tautological-compare -Wno-uninitialized -Wno-unnecessary-virtual-specifier -Wno-unused-but-set-parameter -Wno-unused-but-set-variable -Wno-unused-parameter -Wno-unused-variable -Wno-vla-cxx-extension      -c -o verilated.o /opt/homebrew/Cellar/verilator/5.052/share/verilator/include/verilated.cpp
c++ -Os  -I.  -MMD -I/opt/homebrew/Cellar/verilator/5.052/share/verilator/include -I/opt/homebrew/Cellar/verilator/5.052/share/verilator/include/vltstd -DVERILATOR=1 -DVM_COVERAGE=0 -DVM_SC=0 -DVM_TIMING=0 -DVM_TRACE=0 -DVM_TRACE_FST=0 -DVM_TRACE_VCD=0 -DVM_TRACE_SAIF=0 -DVM_VPI=1 -faligned-new -fbracket-depth=4096 -fcf-protection=none -Xclang -fno-pch-timestamp -Qunused-arguments -Wno-bool-operation -Wno-c++11-narrowing -Wno-constant-logical-operand -Wno-int-in-bool-context -Wno-non-pod-varargs -Wno-parentheses-equality -Wno-shadow -Wno-sign-compare -Wno-tautological-bitwise-compare -Wno-tautological-compare -Wno-uninitialized -Wno-unnecessary-virtual-specifier -Wno-unused-but-set-parameter -Wno-unused-but-set-variable -Wno-unused-parameter -Wno-unused-variable -Wno-vla-cxx-extension      -c -o verilated_dpi.o /opt/homebrew/Cellar/verilator/5.052/share/verilator/include/verilated_dpi.cpp
c++ -Os  -I.  -MMD -I/opt/homebrew/Cellar/verilator/5.052/share/verilator/include -I/opt/homebrew/Cellar/verilator/5.052/share/verilator/include/vltstd -DVERILATOR=1 -DVM_COVERAGE=0 -DVM_SC=0 -DVM_TIMING=0 -DVM_TRACE=0 -DVM_TRACE_FST=0 -DVM_TRACE_VCD=0 -DVM_TRACE_SAIF=0 -DVM_VPI=1 -faligned-new -fbracket-depth=4096 -fcf-protection=none -Xclang -fno-pch-timestamp -Qunused-arguments -Wno-bool-operation -Wno-c++11-narrowing -Wno-constant-logical-operand -Wno-int-in-bool-context -Wno-non-pod-varargs -Wno-parentheses-equality -Wno-shadow -Wno-sign-compare -Wno-tautological-bitwise-compare -Wno-tautological-compare -Wno-uninitialized -Wno-unnecessary-virtual-specifier -Wno-unused-but-set-parameter -Wno-unused-but-set-variable -Wno-unused-parameter -Wno-unused-variable -Wno-vla-cxx-extension      -c -o verilated_vpi.o /opt/homebrew/Cellar/verilator/5.052/share/verilator/include/verilated_vpi.cpp
c++ -Os  -I.  -MMD -I/opt/homebrew/Cellar/verilator/5.052/share/verilator/include -I/opt/homebrew/Cellar/verilator/5.052/share/verilator/include/vltstd -DVERILATOR=1 -DVM_COVERAGE=0 -DVM_SC=0 -DVM_TIMING=0 -DVM_TRACE=0 -DVM_TRACE_FST=0 -DVM_TRACE_VCD=0 -DVM_TRACE_SAIF=0 -DVM_VPI=1 -faligned-new -fbracket-depth=4096 -fcf-protection=none -Xclang -fno-pch-timestamp -Qunused-arguments -Wno-bool-operation -Wno-c++11-narrowing -Wno-constant-logical-operand -Wno-int-in-bool-context -Wno-non-pod-varargs -Wno-parentheses-equality -Wno-shadow -Wno-sign-compare -Wno-tautological-bitwise-compare -Wno-tautological-compare -Wno-uninitialized -Wno-unnecessary-virtual-specifier -Wno-unused-but-set-parameter -Wno-unused-but-set-variable -Wno-unused-parameter -Wno-unused-variable -Wno-vla-cxx-extension      -c -o verilated_threads.o /opt/homebrew/Cellar/verilator/5.052/share/verilator/include/verilated_threads.cpp
python3 /opt/homebrew/Cellar/verilator/5.052/share/verilator/bin/verilator_includer -DVL_INCLUDE_OPT=include Vtop.cpp Vtop___024root__0.cpp Vtop__Dpi.cpp Vtop___024root__Slow.cpp Vtop___024root__0__Slow.cpp Vtop__Syms__Slow.cpp > Vtop__ALL.cpp
c++ -Os  -I.  -MMD -I/opt/homebrew/Cellar/verilator/5.052/share/verilator/include -I/opt/homebrew/Cellar/verilator/5.052/share/verilator/include/vltstd -DVERILATOR=1 -DVM_COVERAGE=0 -DVM_SC=0 -DVM_TIMING=0 -DVM_TRACE=0 -DVM_TRACE_FST=0 -DVM_TRACE_VCD=0 -DVM_TRACE_SAIF=0 -DVM_VPI=1 -faligned-new -fbracket-depth=4096 -fcf-protection=none -Xclang -fno-pch-timestamp -Qunused-arguments -Wno-bool-operation -Wno-c++11-narrowing -Wno-constant-logical-operand -Wno-int-in-bool-context -Wno-non-pod-varargs -Wno-parentheses-equality -Wno-shadow -Wno-sign-compare -Wno-tautological-bitwise-compare -Wno-tautological-compare -Wno-uninitialized -Wno-unnecessary-virtual-specifier -Wno-unused-but-set-parameter -Wno-unused-but-set-variable -Wno-unused-parameter -Wno-unused-variable -Wno-vla-cxx-extension      -c -o Vtop__ALL.o Vtop__ALL.cpp
c++  -Wl,-U,__Z15vl_time_stamp64v,-U,__Z13sc_time_stampv,-U,_vlog_startup_routines   -rdynamic verilator.o verilated.o verilated_dpi.o verilated_vpi.o verilated_threads.o Vtop__ALL.a   -Wl,-rpath,/Users/Dilan/Projects/from-rtl-to-pixels/.venv/lib/python3.14/site-packages/cocotb/libs -L/Users/Dilan/Projects/from-rtl-to-pixels/.venv/lib/python3.14/site-packages/cocotb/libs -lcocotbvpi_verilator  -pthread -lpthread -ldl   -o Vtop
rm Vtop__ALL.verilator_deplist.tmp
rm -f /var/folders/78/xn7s20w54m75pf1x_198zh980000gn/T/tmpvb5a9sqe/results.xml
COCOTB_TEST_MODULES=test_output_control COCOTB_TESTCASE=  COCOTB_TOPLEVEL=output_control TOPLEVEL_LANG=verilog       \
         /var/folders/78/xn7s20w54m75pf1x_198zh980000gn/T/tmpvb5a9sqe/Vtop
     -.--ns INFO     gpi                                ../gpi/GpiCommon.cpp:242  in gpi_load_users                  Loaded entry library: '/Library/Frameworks/Python.framework/Versions/3.14/Python'
     -.--ns INFO     gpi                                ../gpi/GpiCommon.cpp:234  in gpi_load_users                  Running entry func 'initialize' from loaded library '/Users/Dilan/Projects/from-rtl-to-pixels/.venv/lib/python3.14/site-packages/cocotb/simulator.cpython-314-darwin.so'
     -.--ns INFO     pygpi                              ..ib/pygpi/embed.cpp:115  in initialize                      Using Python 3.14.6 interpreter at /Users/Dilan/Projects/from-rtl-to-pixels/.venv/bin/python
     -.--ns INFO     gpi                                ../gpi/GpiCommon.cpp:74   in gpi_print_registered_impl       GPI: VPI support registered
     0.00ns INFO     cocotb.initialize                  Seeding Python random module with 1789909221
     0.00ns INFO     cocotb.initialize                  Initialized cocotb v2.1.0 from /Users/Dilan/Projects/from-rtl-to-pixels/.venv/lib/python3.14/site-packages/cocotb
     0.00ns INFO     cocotb.initialize                  Running on Verilator version 5.052 2026-09-05
     0.00ns INFO     cocotb.regression                  Running tests
     0.00ns INFO     cocotb.regression                  running test_output_control.exact_initial_delay_and_first_output (1/7)
   111.00ns INFO     cocotb.regression                  test_output_control.exact_initial_delay_and_first_output passed
   111.00ns INFO     cocotb.regression                  running test_output_control.full_frame_mapping_count_and_border_classification (2/7)
   622.00ns INFO     cocotb.regression                  test_output_control.full_frame_mapping_count_and_border_classification passed
   622.00ns INFO     cocotb.regression                  running test_output_control.live_backpressure_blocks_input_after_fill (3/7)
   793.00ns INFO     cocotb.regression                  test_output_control.live_backpressure_blocks_input_after_fill passed
   793.00ns INFO     cocotb.regression                  running test_output_control.drain_is_exactly_w_plus_one_and_stalls_stably (4/7)
  1424.00ns INFO     cocotb.regression                  test_output_control.drain_is_exactly_w_plus_one_and_stalls_stably passed
  1424.00ns INFO     cocotb.regression                  running test_output_control.no_new_frame_is_admitted_during_drain (5/7)
  1975.00ns INFO     cocotb.regression                  test_output_control.no_new_frame_is_admitted_during_drain passed
  1975.00ns INFO     cocotb.regression                  running test_output_control.frame_abort_clears_partial_position_state (6/7)
  2206.01ns INFO     cocotb.regression                  test_output_control.frame_abort_clears_partial_position_state passed
  2206.01ns INFO     cocotb.regression                  running test_output_control.synchronous_reset_clears_drain_state (7/7)
  2638.01ns INFO     cocotb.regression                  test_output_control.synchronous_reset_clears_drain_state passed
  2638.01ns INFO     cocotb.regression                  ********************************************************************************************************************************
                                                        ** TEST                                                                    STATUS  SIM TIME (ns)  REAL TIME (s)  RATIO (ns/s) **
                                                        ********************************************************************************************************************************
                                                        ** test_output_control.exact_initial_delay_and_first_output                 PASS         111.00           0.00     167294.65  **
                                                        ** test_output_control.full_frame_mapping_count_and_border_classification   PASS         511.00           0.00     540311.92  **
                                                        ** test_output_control.live_backpressure_blocks_input_after_fill            PASS         171.00           0.00     426168.22  **
                                                        ** test_output_control.drain_is_exactly_w_plus_one_and_stalls_stably        PASS         631.00           0.00     447941.21  **
                                                        ** test_output_control.no_new_frame_is_admitted_during_drain                PASS         551.00           0.00     455466.01  **
                                                        ** test_output_control.frame_abort_clears_partial_position_state            PASS         231.00           0.00     423432.89  **
                                                        ** test_output_control.synchronous_reset_clears_drain_state                 PASS         432.00           0.00     435593.65  **
                                                        ********************************************************************************************************************************
                                                        ** TESTS=7 PASS=7 FAIL=0 SKIP=0                                                         2638.01           0.01     368971.24  **
                                                        ********************************************************************************************************************************
- :0: Verilog $finish

exit_code=0

=== CASE 15/17: sobel_compact ===
$ make -f tb/tests/Makefile.sobel_compact
rm -f /var/folders/78/xn7s20w54m75pf1x_198zh980000gn/T/tmpksvc1pvu/results.xml
/opt/homebrew/bin/verilator -cc --exe -Mdir /var/folders/78/xn7s20w54m75pf1x_198zh980000gn/T/tmpksvc1pvu --top-module sobel_compact --timescale 1ns/1ps --vpi --public-flat-rw --prefix Vtop -o Vtop -LDFLAGS "-Wl,-rpath,/Users/Dilan/Projects/from-rtl-to-pixels/.venv/lib/python3.14/site-packages/cocotb/libs -L/Users/Dilan/Projects/from-rtl-to-pixels/.venv/lib/python3.14/site-packages/cocotb/libs -lcocotbvpi_verilator"  /Users/Dilan/Projects/from-rtl-to-pixels/rtl/sobel_compact.sv /Users/Dilan/Projects/from-rtl-to-pixels/.venv/lib/python3.14/site-packages/cocotb/share/lib/verilator/verilator.cpp
- V e r i l a t i o n   R e p o r t: Verilator 5.052 2026-09-05 rev vUNKNOWN-built20260905
- Verilator: Built from 0.033 MB sources in 2 modules, into 0.040 MB in 6 C++ files needing 0.000 MB
- Verilator: Walltime 0.007 s (elab=0.000, cvt=0.002, bld=0.000); cpu 0.006 s on 1 threads; allocated 9.906 MB
/Applications/Xcode.app/Contents/Developer/usr/bin/make -C /var/folders/78/xn7s20w54m75pf1x_198zh980000gn/T/tmpksvc1pvu  -f Vtop.mk
c++  -I.  -MMD -I/opt/homebrew/Cellar/verilator/5.052/share/verilator/include -I/opt/homebrew/Cellar/verilator/5.052/share/verilator/include/vltstd -DVERILATOR=1 -DVM_COVERAGE=0 -DVM_SC=0 -DVM_TIMING=0 -DVM_TRACE=0 -DVM_TRACE_FST=0 -DVM_TRACE_VCD=0 -DVM_TRACE_SAIF=0 -DVM_VPI=1 -faligned-new -fbracket-depth=4096 -fcf-protection=none -Xclang -fno-pch-timestamp -Qunused-arguments -Wno-bool-operation -Wno-c++11-narrowing -Wno-constant-logical-operand -Wno-int-in-bool-context -Wno-non-pod-varargs -Wno-parentheses-equality -Wno-shadow -Wno-sign-compare -Wno-tautological-bitwise-compare -Wno-tautological-compare -Wno-uninitialized -Wno-unnecessary-virtual-specifier -Wno-unused-but-set-parameter -Wno-unused-but-set-variable -Wno-unused-parameter -Wno-unused-variable -Wno-vla-cxx-extension      -Os  -c -o verilator.o /Users/Dilan/Projects/from-rtl-to-pixels/.venv/lib/python3.14/site-packages/cocotb/share/lib/verilator/verilator.cpp
c++ -Os  -I.  -MMD -I/opt/homebrew/Cellar/verilator/5.052/share/verilator/include -I/opt/homebrew/Cellar/verilator/5.052/share/verilator/include/vltstd -DVERILATOR=1 -DVM_COVERAGE=0 -DVM_SC=0 -DVM_TIMING=0 -DVM_TRACE=0 -DVM_TRACE_FST=0 -DVM_TRACE_VCD=0 -DVM_TRACE_SAIF=0 -DVM_VPI=1 -faligned-new -fbracket-depth=4096 -fcf-protection=none -Xclang -fno-pch-timestamp -Qunused-arguments -Wno-bool-operation -Wno-c++11-narrowing -Wno-constant-logical-operand -Wno-int-in-bool-context -Wno-non-pod-varargs -Wno-parentheses-equality -Wno-shadow -Wno-sign-compare -Wno-tautological-bitwise-compare -Wno-tautological-compare -Wno-uninitialized -Wno-unnecessary-virtual-specifier -Wno-unused-but-set-parameter -Wno-unused-but-set-variable -Wno-unused-parameter -Wno-unused-variable -Wno-vla-cxx-extension      -c -o verilated.o /opt/homebrew/Cellar/verilator/5.052/share/verilator/include/verilated.cpp
c++ -Os  -I.  -MMD -I/opt/homebrew/Cellar/verilator/5.052/share/verilator/include -I/opt/homebrew/Cellar/verilator/5.052/share/verilator/include/vltstd -DVERILATOR=1 -DVM_COVERAGE=0 -DVM_SC=0 -DVM_TIMING=0 -DVM_TRACE=0 -DVM_TRACE_FST=0 -DVM_TRACE_VCD=0 -DVM_TRACE_SAIF=0 -DVM_VPI=1 -faligned-new -fbracket-depth=4096 -fcf-protection=none -Xclang -fno-pch-timestamp -Qunused-arguments -Wno-bool-operation -Wno-c++11-narrowing -Wno-constant-logical-operand -Wno-int-in-bool-context -Wno-non-pod-varargs -Wno-parentheses-equality -Wno-shadow -Wno-sign-compare -Wno-tautological-bitwise-compare -Wno-tautological-compare -Wno-uninitialized -Wno-unnecessary-virtual-specifier -Wno-unused-but-set-parameter -Wno-unused-but-set-variable -Wno-unused-parameter -Wno-unused-variable -Wno-vla-cxx-extension      -c -o verilated_dpi.o /opt/homebrew/Cellar/verilator/5.052/share/verilator/include/verilated_dpi.cpp
c++ -Os  -I.  -MMD -I/opt/homebrew/Cellar/verilator/5.052/share/verilator/include -I/opt/homebrew/Cellar/verilator/5.052/share/verilator/include/vltstd -DVERILATOR=1 -DVM_COVERAGE=0 -DVM_SC=0 -DVM_TIMING=0 -DVM_TRACE=0 -DVM_TRACE_FST=0 -DVM_TRACE_VCD=0 -DVM_TRACE_SAIF=0 -DVM_VPI=1 -faligned-new -fbracket-depth=4096 -fcf-protection=none -Xclang -fno-pch-timestamp -Qunused-arguments -Wno-bool-operation -Wno-c++11-narrowing -Wno-constant-logical-operand -Wno-int-in-bool-context -Wno-non-pod-varargs -Wno-parentheses-equality -Wno-shadow -Wno-sign-compare -Wno-tautological-bitwise-compare -Wno-tautological-compare -Wno-uninitialized -Wno-unnecessary-virtual-specifier -Wno-unused-but-set-parameter -Wno-unused-but-set-variable -Wno-unused-parameter -Wno-unused-variable -Wno-vla-cxx-extension      -c -o verilated_vpi.o /opt/homebrew/Cellar/verilator/5.052/share/verilator/include/verilated_vpi.cpp
c++ -Os  -I.  -MMD -I/opt/homebrew/Cellar/verilator/5.052/share/verilator/include -I/opt/homebrew/Cellar/verilator/5.052/share/verilator/include/vltstd -DVERILATOR=1 -DVM_COVERAGE=0 -DVM_SC=0 -DVM_TIMING=0 -DVM_TRACE=0 -DVM_TRACE_FST=0 -DVM_TRACE_VCD=0 -DVM_TRACE_SAIF=0 -DVM_VPI=1 -faligned-new -fbracket-depth=4096 -fcf-protection=none -Xclang -fno-pch-timestamp -Qunused-arguments -Wno-bool-operation -Wno-c++11-narrowing -Wno-constant-logical-operand -Wno-int-in-bool-context -Wno-non-pod-varargs -Wno-parentheses-equality -Wno-shadow -Wno-sign-compare -Wno-tautological-bitwise-compare -Wno-tautological-compare -Wno-uninitialized -Wno-unnecessary-virtual-specifier -Wno-unused-but-set-parameter -Wno-unused-but-set-variable -Wno-unused-parameter -Wno-unused-variable -Wno-vla-cxx-extension      -c -o verilated_threads.o /opt/homebrew/Cellar/verilator/5.052/share/verilator/include/verilated_threads.cpp
python3 /opt/homebrew/Cellar/verilator/5.052/share/verilator/bin/verilator_includer -DVL_INCLUDE_OPT=include Vtop.cpp Vtop___024root__0.cpp Vtop__Dpi.cpp Vtop___024root__Slow.cpp Vtop___024root__0__Slow.cpp Vtop__Syms__Slow.cpp > Vtop__ALL.cpp
c++ -Os  -I.  -MMD -I/opt/homebrew/Cellar/verilator/5.052/share/verilator/include -I/opt/homebrew/Cellar/verilator/5.052/share/verilator/include/vltstd -DVERILATOR=1 -DVM_COVERAGE=0 -DVM_SC=0 -DVM_TIMING=0 -DVM_TRACE=0 -DVM_TRACE_FST=0 -DVM_TRACE_VCD=0 -DVM_TRACE_SAIF=0 -DVM_VPI=1 -faligned-new -fbracket-depth=4096 -fcf-protection=none -Xclang -fno-pch-timestamp -Qunused-arguments -Wno-bool-operation -Wno-c++11-narrowing -Wno-constant-logical-operand -Wno-int-in-bool-context -Wno-non-pod-varargs -Wno-parentheses-equality -Wno-shadow -Wno-sign-compare -Wno-tautological-bitwise-compare -Wno-tautological-compare -Wno-uninitialized -Wno-unnecessary-virtual-specifier -Wno-unused-but-set-parameter -Wno-unused-but-set-variable -Wno-unused-parameter -Wno-unused-variable -Wno-vla-cxx-extension      -c -o Vtop__ALL.o Vtop__ALL.cpp
c++  -Wl,-U,__Z15vl_time_stamp64v,-U,__Z13sc_time_stampv,-U,_vlog_startup_routines   -rdynamic verilator.o verilated.o verilated_dpi.o verilated_vpi.o verilated_threads.o Vtop__ALL.a   -Wl,-rpath,/Users/Dilan/Projects/from-rtl-to-pixels/.venv/lib/python3.14/site-packages/cocotb/libs -L/Users/Dilan/Projects/from-rtl-to-pixels/.venv/lib/python3.14/site-packages/cocotb/libs -lcocotbvpi_verilator  -pthread -lpthread -ldl   -o Vtop
rm Vtop__ALL.verilator_deplist.tmp
rm -f /var/folders/78/xn7s20w54m75pf1x_198zh980000gn/T/tmpksvc1pvu/results.xml
COCOTB_TEST_MODULES=test_sobel_compact COCOTB_TESTCASE=  COCOTB_TOPLEVEL=sobel_compact TOPLEVEL_LANG=verilog       \
         /var/folders/78/xn7s20w54m75pf1x_198zh980000gn/T/tmpksvc1pvu/Vtop
     -.--ns INFO     gpi                                ../gpi/GpiCommon.cpp:242  in gpi_load_users                  Loaded entry library: '/Library/Frameworks/Python.framework/Versions/3.14/Python'
     -.--ns INFO     gpi                                ../gpi/GpiCommon.cpp:234  in gpi_load_users                  Running entry func 'initialize' from loaded library '/Users/Dilan/Projects/from-rtl-to-pixels/.venv/lib/python3.14/site-packages/cocotb/simulator.cpython-314-darwin.so'
     -.--ns INFO     pygpi                              ..ib/pygpi/embed.cpp:115  in initialize                      Using Python 3.14.6 interpreter at /Users/Dilan/Projects/from-rtl-to-pixels/.venv/bin/python
     -.--ns INFO     gpi                                ../gpi/GpiCommon.cpp:74   in gpi_print_registered_impl       GPI: VPI support registered
     0.00ns INFO     cocotb.initialize                  Seeding Python random module with 1789909227
     0.00ns INFO     cocotb.initialize                  Initialized cocotb v2.1.0 from /Users/Dilan/Projects/from-rtl-to-pixels/.venv/lib/python3.14/site-packages/cocotb
     0.00ns INFO     cocotb.initialize                  Running on Verilator version 5.052 2026-09-05
     0.00ns INFO     cocotb.regression                  Running tests
     0.00ns INFO     cocotb.regression                  running test_sobel_compact.flat_windows_have_zero_gradient (1/7)
     4.00ns INFO     cocotb.regression                  test_sobel_compact.flat_windows_have_zero_gradient passed
     4.00ns INFO     cocotb.regression                  running test_sobel_compact.individual_tap_coefficients_are_exact (2/7)
    12.00ns INFO     cocotb.regression                  test_sobel_compact.individual_tap_coefficients_are_exact passed
    12.00ns INFO     cocotb.regression                  running test_sobel_compact.vertical_edges_reach_both_gx_extremes (3/7)
    14.00ns INFO     cocotb.regression                  test_sobel_compact.vertical_edges_reach_both_gx_extremes passed
    14.00ns INFO     cocotb.regression                  running test_sobel_compact.horizontal_edges_reach_both_gy_extremes (4/7)
    16.00ns INFO     cocotb.regression                  test_sobel_compact.horizontal_edges_reach_both_gy_extremes passed
    16.00ns INFO     cocotb.regression                  running test_sobel_compact.asymmetric_window_checks_kernel_orientation (5/7)
    17.00ns INFO     cocotb.regression                  test_sobel_compact.asymmetric_window_checks_kernel_orientation passed
    17.00ns INFO     cocotb.regression                  running test_sobel_compact.exhaustive_binary_extreme_windows (6/7)
   273.00ns INFO     cocotb.regression                  test_sobel_compact.exhaustive_binary_extreme_windows passed
   273.00ns INFO     cocotb.regression                  running test_sobel_compact.deterministic_random_windows_match_oracle (7/7)
  4369.01ns INFO     cocotb.regression                  test_sobel_compact.deterministic_random_windows_match_oracle passed
  4369.01ns INFO     cocotb.regression                  ************************************************************************************************************************
                                                        ** TEST                                                            STATUS  SIM TIME (ns)  REAL TIME (s)  RATIO (ns/s) **
                                                        ************************************************************************************************************************
                                                        ** test_sobel_compact.flat_windows_have_zero_gradient               PASS           4.00           0.00      18753.72  **
                                                        ** test_sobel_compact.individual_tap_coefficients_are_exact         PASS           8.00           0.00      60396.50  **
                                                        ** test_sobel_compact.vertical_edges_reach_both_gx_extremes         PASS           2.00           0.00      52345.05  **
                                                        ** test_sobel_compact.horizontal_edges_reach_both_gy_extremes       PASS           2.00           0.00      11344.81  **
                                                        ** test_sobel_compact.asymmetric_window_checks_kernel_orientation   PASS           1.00           0.00      41813.01  **
                                                        ** test_sobel_compact.exhaustive_binary_extreme_windows             PASS         256.00           0.00      83446.52  **
                                                        ** test_sobel_compact.deterministic_random_windows_match_oracle     PASS        4096.00           0.05      81528.12  **
                                                        ************************************************************************************************************************
                                                        ** TESTS=7 PASS=7 FAIL=0 SKIP=0                                                 4369.01           0.06      79267.25  **
                                                        ************************************************************************************************************************
- :0: Verilog $finish

exit_code=0

=== CASE 16/17: magnitude_clamp ===
$ make -f tb/tests/Makefile.magnitude_clamp
rm -f /var/folders/78/xn7s20w54m75pf1x_198zh980000gn/T/tmpmgixxkg6/results.xml
/opt/homebrew/bin/verilator -cc --exe -Mdir /var/folders/78/xn7s20w54m75pf1x_198zh980000gn/T/tmpmgixxkg6 --top-module magnitude_clamp --timescale 1ns/1ps --vpi --public-flat-rw --prefix Vtop -o Vtop -LDFLAGS "-Wl,-rpath,/Users/Dilan/Projects/from-rtl-to-pixels/.venv/lib/python3.14/site-packages/cocotb/libs -L/Users/Dilan/Projects/from-rtl-to-pixels/.venv/lib/python3.14/site-packages/cocotb/libs -lcocotbvpi_verilator"  /Users/Dilan/Projects/from-rtl-to-pixels/rtl/magnitude_clamp.sv /Users/Dilan/Projects/from-rtl-to-pixels/.venv/lib/python3.14/site-packages/cocotb/share/lib/verilator/verilator.cpp
- V e r i l a t i o n   R e p o r t: Verilator 5.052 2026-09-05 rev vUNKNOWN-built20260905
- Verilator: Built from 0.032 MB sources in 2 modules, into 0.033 MB in 6 C++ files needing 0.000 MB
- Verilator: Walltime 0.007 s (elab=0.000, cvt=0.002, bld=0.000); cpu 0.006 s on 1 threads; allocated 9.828 MB
/Applications/Xcode.app/Contents/Developer/usr/bin/make -C /var/folders/78/xn7s20w54m75pf1x_198zh980000gn/T/tmpmgixxkg6  -f Vtop.mk
c++  -I.  -MMD -I/opt/homebrew/Cellar/verilator/5.052/share/verilator/include -I/opt/homebrew/Cellar/verilator/5.052/share/verilator/include/vltstd -DVERILATOR=1 -DVM_COVERAGE=0 -DVM_SC=0 -DVM_TIMING=0 -DVM_TRACE=0 -DVM_TRACE_FST=0 -DVM_TRACE_VCD=0 -DVM_TRACE_SAIF=0 -DVM_VPI=1 -faligned-new -fbracket-depth=4096 -fcf-protection=none -Xclang -fno-pch-timestamp -Qunused-arguments -Wno-bool-operation -Wno-c++11-narrowing -Wno-constant-logical-operand -Wno-int-in-bool-context -Wno-non-pod-varargs -Wno-parentheses-equality -Wno-shadow -Wno-sign-compare -Wno-tautological-bitwise-compare -Wno-tautological-compare -Wno-uninitialized -Wno-unnecessary-virtual-specifier -Wno-unused-but-set-parameter -Wno-unused-but-set-variable -Wno-unused-parameter -Wno-unused-variable -Wno-vla-cxx-extension      -Os  -c -o verilator.o /Users/Dilan/Projects/from-rtl-to-pixels/.venv/lib/python3.14/site-packages/cocotb/share/lib/verilator/verilator.cpp
c++ -Os  -I.  -MMD -I/opt/homebrew/Cellar/verilator/5.052/share/verilator/include -I/opt/homebrew/Cellar/verilator/5.052/share/verilator/include/vltstd -DVERILATOR=1 -DVM_COVERAGE=0 -DVM_SC=0 -DVM_TIMING=0 -DVM_TRACE=0 -DVM_TRACE_FST=0 -DVM_TRACE_VCD=0 -DVM_TRACE_SAIF=0 -DVM_VPI=1 -faligned-new -fbracket-depth=4096 -fcf-protection=none -Xclang -fno-pch-timestamp -Qunused-arguments -Wno-bool-operation -Wno-c++11-narrowing -Wno-constant-logical-operand -Wno-int-in-bool-context -Wno-non-pod-varargs -Wno-parentheses-equality -Wno-shadow -Wno-sign-compare -Wno-tautological-bitwise-compare -Wno-tautological-compare -Wno-uninitialized -Wno-unnecessary-virtual-specifier -Wno-unused-but-set-parameter -Wno-unused-but-set-variable -Wno-unused-parameter -Wno-unused-variable -Wno-vla-cxx-extension      -c -o verilated.o /opt/homebrew/Cellar/verilator/5.052/share/verilator/include/verilated.cpp
c++ -Os  -I.  -MMD -I/opt/homebrew/Cellar/verilator/5.052/share/verilator/include -I/opt/homebrew/Cellar/verilator/5.052/share/verilator/include/vltstd -DVERILATOR=1 -DVM_COVERAGE=0 -DVM_SC=0 -DVM_TIMING=0 -DVM_TRACE=0 -DVM_TRACE_FST=0 -DVM_TRACE_VCD=0 -DVM_TRACE_SAIF=0 -DVM_VPI=1 -faligned-new -fbracket-depth=4096 -fcf-protection=none -Xclang -fno-pch-timestamp -Qunused-arguments -Wno-bool-operation -Wno-c++11-narrowing -Wno-constant-logical-operand -Wno-int-in-bool-context -Wno-non-pod-varargs -Wno-parentheses-equality -Wno-shadow -Wno-sign-compare -Wno-tautological-bitwise-compare -Wno-tautological-compare -Wno-uninitialized -Wno-unnecessary-virtual-specifier -Wno-unused-but-set-parameter -Wno-unused-but-set-variable -Wno-unused-parameter -Wno-unused-variable -Wno-vla-cxx-extension      -c -o verilated_dpi.o /opt/homebrew/Cellar/verilator/5.052/share/verilator/include/verilated_dpi.cpp
c++ -Os  -I.  -MMD -I/opt/homebrew/Cellar/verilator/5.052/share/verilator/include -I/opt/homebrew/Cellar/verilator/5.052/share/verilator/include/vltstd -DVERILATOR=1 -DVM_COVERAGE=0 -DVM_SC=0 -DVM_TIMING=0 -DVM_TRACE=0 -DVM_TRACE_FST=0 -DVM_TRACE_VCD=0 -DVM_TRACE_SAIF=0 -DVM_VPI=1 -faligned-new -fbracket-depth=4096 -fcf-protection=none -Xclang -fno-pch-timestamp -Qunused-arguments -Wno-bool-operation -Wno-c++11-narrowing -Wno-constant-logical-operand -Wno-int-in-bool-context -Wno-non-pod-varargs -Wno-parentheses-equality -Wno-shadow -Wno-sign-compare -Wno-tautological-bitwise-compare -Wno-tautological-compare -Wno-uninitialized -Wno-unnecessary-virtual-specifier -Wno-unused-but-set-parameter -Wno-unused-but-set-variable -Wno-unused-parameter -Wno-unused-variable -Wno-vla-cxx-extension      -c -o verilated_vpi.o /opt/homebrew/Cellar/verilator/5.052/share/verilator/include/verilated_vpi.cpp
c++ -Os  -I.  -MMD -I/opt/homebrew/Cellar/verilator/5.052/share/verilator/include -I/opt/homebrew/Cellar/verilator/5.052/share/verilator/include/vltstd -DVERILATOR=1 -DVM_COVERAGE=0 -DVM_SC=0 -DVM_TIMING=0 -DVM_TRACE=0 -DVM_TRACE_FST=0 -DVM_TRACE_VCD=0 -DVM_TRACE_SAIF=0 -DVM_VPI=1 -faligned-new -fbracket-depth=4096 -fcf-protection=none -Xclang -fno-pch-timestamp -Qunused-arguments -Wno-bool-operation -Wno-c++11-narrowing -Wno-constant-logical-operand -Wno-int-in-bool-context -Wno-non-pod-varargs -Wno-parentheses-equality -Wno-shadow -Wno-sign-compare -Wno-tautological-bitwise-compare -Wno-tautological-compare -Wno-uninitialized -Wno-unnecessary-virtual-specifier -Wno-unused-but-set-parameter -Wno-unused-but-set-variable -Wno-unused-parameter -Wno-unused-variable -Wno-vla-cxx-extension      -c -o verilated_threads.o /opt/homebrew/Cellar/verilator/5.052/share/verilator/include/verilated_threads.cpp
python3 /opt/homebrew/Cellar/verilator/5.052/share/verilator/bin/verilator_includer -DVL_INCLUDE_OPT=include Vtop.cpp Vtop___024root__0.cpp Vtop__Dpi.cpp Vtop___024root__Slow.cpp Vtop___024root__0__Slow.cpp Vtop__Syms__Slow.cpp > Vtop__ALL.cpp
c++ -Os  -I.  -MMD -I/opt/homebrew/Cellar/verilator/5.052/share/verilator/include -I/opt/homebrew/Cellar/verilator/5.052/share/verilator/include/vltstd -DVERILATOR=1 -DVM_COVERAGE=0 -DVM_SC=0 -DVM_TIMING=0 -DVM_TRACE=0 -DVM_TRACE_FST=0 -DVM_TRACE_VCD=0 -DVM_TRACE_SAIF=0 -DVM_VPI=1 -faligned-new -fbracket-depth=4096 -fcf-protection=none -Xclang -fno-pch-timestamp -Qunused-arguments -Wno-bool-operation -Wno-c++11-narrowing -Wno-constant-logical-operand -Wno-int-in-bool-context -Wno-non-pod-varargs -Wno-parentheses-equality -Wno-shadow -Wno-sign-compare -Wno-tautological-bitwise-compare -Wno-tautological-compare -Wno-uninitialized -Wno-unnecessary-virtual-specifier -Wno-unused-but-set-parameter -Wno-unused-but-set-variable -Wno-unused-parameter -Wno-unused-variable -Wno-vla-cxx-extension      -c -o Vtop__ALL.o Vtop__ALL.cpp
c++  -Wl,-U,__Z15vl_time_stamp64v,-U,__Z13sc_time_stampv,-U,_vlog_startup_routines   -rdynamic verilator.o verilated.o verilated_dpi.o verilated_vpi.o verilated_threads.o Vtop__ALL.a   -Wl,-rpath,/Users/Dilan/Projects/from-rtl-to-pixels/.venv/lib/python3.14/site-packages/cocotb/libs -L/Users/Dilan/Projects/from-rtl-to-pixels/.venv/lib/python3.14/site-packages/cocotb/libs -lcocotbvpi_verilator  -pthread -lpthread -ldl   -o Vtop
rm Vtop__ALL.verilator_deplist.tmp
rm -f /var/folders/78/xn7s20w54m75pf1x_198zh980000gn/T/tmpmgixxkg6/results.xml
COCOTB_TEST_MODULES=test_magnitude_clamp COCOTB_TESTCASE=  COCOTB_TOPLEVEL=magnitude_clamp TOPLEVEL_LANG=verilog       \
         /var/folders/78/xn7s20w54m75pf1x_198zh980000gn/T/tmpmgixxkg6/Vtop
     -.--ns INFO     gpi                                ../gpi/GpiCommon.cpp:242  in gpi_load_users                  Loaded entry library: '/Library/Frameworks/Python.framework/Versions/3.14/Python'
     -.--ns INFO     gpi                                ../gpi/GpiCommon.cpp:234  in gpi_load_users                  Running entry func 'initialize' from loaded library '/Users/Dilan/Projects/from-rtl-to-pixels/.venv/lib/python3.14/site-packages/cocotb/simulator.cpython-314-darwin.so'
     -.--ns INFO     pygpi                              ..ib/pygpi/embed.cpp:115  in initialize                      Using Python 3.14.6 interpreter at /Users/Dilan/Projects/from-rtl-to-pixels/.venv/bin/python
     -.--ns INFO     gpi                                ../gpi/GpiCommon.cpp:74   in gpi_print_registered_impl       GPI: VPI support registered
     0.00ns INFO     cocotb.initialize                  Seeding Python random module with 1789909233
     0.00ns INFO     cocotb.initialize                  Initialized cocotb v2.1.0 from /Users/Dilan/Projects/from-rtl-to-pixels/.venv/lib/python3.14/site-packages/cocotb
     0.00ns INFO     cocotb.initialize                  Running on Verilator version 5.052 2026-09-05
     0.00ns INFO     cocotb.regression                  Running tests
     0.00ns INFO     cocotb.regression                  running test_magnitude_clamp.zero_small_values_and_absolute_signs (1/7)
     7.00ns INFO     cocotb.regression                  test_magnitude_clamp.zero_small_values_and_absolute_signs passed
     7.00ns INFO     cocotb.regression                  running test_magnitude_clamp.clamp_boundary_is_exact (2/7)
    14.00ns INFO     cocotb.regression                  test_magnitude_clamp.clamp_boundary_is_exact passed
    14.00ns INFO     cocotb.regression                  running test_magnitude_clamp.maximum_required_gradient_cases (3/7)
    22.00ns INFO     cocotb.regression                  test_magnitude_clamp.maximum_required_gradient_cases passed
    22.00ns INFO     cocotb.regression                  running test_magnitude_clamp.sign_symmetry_is_exact (4/7)
    42.00ns INFO     cocotb.regression                  test_magnitude_clamp.sign_symmetry_is_exact passed
    42.00ns INFO     cocotb.regression                  running test_magnitude_clamp.exhaustive_gx_axis_matches_oracle (5/7)
  2083.00ns INFO     cocotb.regression                  test_magnitude_clamp.exhaustive_gx_axis_matches_oracle passed
  2083.00ns INFO     cocotb.regression                  running test_magnitude_clamp.exhaustive_gy_axis_matches_oracle (6/7)
  4124.01ns INFO     cocotb.regression                  test_magnitude_clamp.exhaustive_gy_axis_matches_oracle passed
  4124.01ns INFO     cocotb.regression                  running test_magnitude_clamp.deterministic_random_gradient_pairs_match_oracle (7/7)
  8220.01ns INFO     cocotb.regression                  test_magnitude_clamp.deterministic_random_gradient_pairs_match_oracle passed
  8220.01ns INFO     cocotb.regression                  *******************************************************************************************************************************
                                                        ** TEST                                                                   STATUS  SIM TIME (ns)  REAL TIME (s)  RATIO (ns/s) **
                                                        *******************************************************************************************************************************
                                                        ** test_magnitude_clamp.zero_small_values_and_absolute_signs               PASS           7.00           0.00      34257.64  **
                                                        ** test_magnitude_clamp.clamp_boundary_is_exact                            PASS           7.00           0.00      79432.62  **
                                                        ** test_magnitude_clamp.maximum_required_gradient_cases                    PASS           8.00           0.00     115315.33  **
                                                        ** test_magnitude_clamp.sign_symmetry_is_exact                             PASS          20.00           0.00     123329.66  **
                                                        ** test_magnitude_clamp.exhaustive_gx_axis_matches_oracle                  PASS        2041.00           0.01     161779.22  **
                                                        ** test_magnitude_clamp.exhaustive_gy_axis_matches_oracle                  PASS        2041.00           0.01     162641.35  **
                                                        ** test_magnitude_clamp.deterministic_random_gradient_pairs_match_oracle   PASS        4096.00           0.03     149966.82  **
                                                        *******************************************************************************************************************************
                                                        ** TESTS=7 PASS=7 FAIL=0 SKIP=0                                                        8220.01           0.05     151880.25  **
                                                        *******************************************************************************************************************************
- :0: Verilog $finish

exit_code=0

=== CASE 17/17: threshold_stage ===
$ make -f tb/tests/Makefile.threshold_stage
rm -f /var/folders/78/xn7s20w54m75pf1x_198zh980000gn/T/tmpfykve389/results.xml
/opt/homebrew/bin/verilator -cc --exe -Mdir /var/folders/78/xn7s20w54m75pf1x_198zh980000gn/T/tmpfykve389 --top-module threshold_stage --timescale 1ns/1ps --vpi --public-flat-rw --prefix Vtop -o Vtop -LDFLAGS "-Wl,-rpath,/Users/Dilan/Projects/from-rtl-to-pixels/.venv/lib/python3.14/site-packages/cocotb/libs -L/Users/Dilan/Projects/from-rtl-to-pixels/.venv/lib/python3.14/site-packages/cocotb/libs -lcocotbvpi_verilator"  /Users/Dilan/Projects/from-rtl-to-pixels/rtl/threshold_stage.sv /Users/Dilan/Projects/from-rtl-to-pixels/.venv/lib/python3.14/site-packages/cocotb/share/lib/verilator/verilator.cpp
- V e r i l a t i o n   R e p o r t: Verilator 5.052 2026-09-05 rev vUNKNOWN-built20260905
- Verilator: Built from 0.032 MB sources in 2 modules, into 0.031 MB in 6 C++ files needing 0.000 MB
- Verilator: Walltime 0.006 s (elab=0.000, cvt=0.002, bld=0.000); cpu 0.005 s on 1 threads; allocated 9.719 MB
/Applications/Xcode.app/Contents/Developer/usr/bin/make -C /var/folders/78/xn7s20w54m75pf1x_198zh980000gn/T/tmpfykve389  -f Vtop.mk
c++  -I.  -MMD -I/opt/homebrew/Cellar/verilator/5.052/share/verilator/include -I/opt/homebrew/Cellar/verilator/5.052/share/verilator/include/vltstd -DVERILATOR=1 -DVM_COVERAGE=0 -DVM_SC=0 -DVM_TIMING=0 -DVM_TRACE=0 -DVM_TRACE_FST=0 -DVM_TRACE_VCD=0 -DVM_TRACE_SAIF=0 -DVM_VPI=1 -faligned-new -fbracket-depth=4096 -fcf-protection=none -Xclang -fno-pch-timestamp -Qunused-arguments -Wno-bool-operation -Wno-c++11-narrowing -Wno-constant-logical-operand -Wno-int-in-bool-context -Wno-non-pod-varargs -Wno-parentheses-equality -Wno-shadow -Wno-sign-compare -Wno-tautological-bitwise-compare -Wno-tautological-compare -Wno-uninitialized -Wno-unnecessary-virtual-specifier -Wno-unused-but-set-parameter -Wno-unused-but-set-variable -Wno-unused-parameter -Wno-unused-variable -Wno-vla-cxx-extension      -Os  -c -o verilator.o /Users/Dilan/Projects/from-rtl-to-pixels/.venv/lib/python3.14/site-packages/cocotb/share/lib/verilator/verilator.cpp
c++ -Os  -I.  -MMD -I/opt/homebrew/Cellar/verilator/5.052/share/verilator/include -I/opt/homebrew/Cellar/verilator/5.052/share/verilator/include/vltstd -DVERILATOR=1 -DVM_COVERAGE=0 -DVM_SC=0 -DVM_TIMING=0 -DVM_TRACE=0 -DVM_TRACE_FST=0 -DVM_TRACE_VCD=0 -DVM_TRACE_SAIF=0 -DVM_VPI=1 -faligned-new -fbracket-depth=4096 -fcf-protection=none -Xclang -fno-pch-timestamp -Qunused-arguments -Wno-bool-operation -Wno-c++11-narrowing -Wno-constant-logical-operand -Wno-int-in-bool-context -Wno-non-pod-varargs -Wno-parentheses-equality -Wno-shadow -Wno-sign-compare -Wno-tautological-bitwise-compare -Wno-tautological-compare -Wno-uninitialized -Wno-unnecessary-virtual-specifier -Wno-unused-but-set-parameter -Wno-unused-but-set-variable -Wno-unused-parameter -Wno-unused-variable -Wno-vla-cxx-extension      -c -o verilated.o /opt/homebrew/Cellar/verilator/5.052/share/verilator/include/verilated.cpp
c++ -Os  -I.  -MMD -I/opt/homebrew/Cellar/verilator/5.052/share/verilator/include -I/opt/homebrew/Cellar/verilator/5.052/share/verilator/include/vltstd -DVERILATOR=1 -DVM_COVERAGE=0 -DVM_SC=0 -DVM_TIMING=0 -DVM_TRACE=0 -DVM_TRACE_FST=0 -DVM_TRACE_VCD=0 -DVM_TRACE_SAIF=0 -DVM_VPI=1 -faligned-new -fbracket-depth=4096 -fcf-protection=none -Xclang -fno-pch-timestamp -Qunused-arguments -Wno-bool-operation -Wno-c++11-narrowing -Wno-constant-logical-operand -Wno-int-in-bool-context -Wno-non-pod-varargs -Wno-parentheses-equality -Wno-shadow -Wno-sign-compare -Wno-tautological-bitwise-compare -Wno-tautological-compare -Wno-uninitialized -Wno-unnecessary-virtual-specifier -Wno-unused-but-set-parameter -Wno-unused-but-set-variable -Wno-unused-parameter -Wno-unused-variable -Wno-vla-cxx-extension      -c -o verilated_dpi.o /opt/homebrew/Cellar/verilator/5.052/share/verilator/include/verilated_dpi.cpp
c++ -Os  -I.  -MMD -I/opt/homebrew/Cellar/verilator/5.052/share/verilator/include -I/opt/homebrew/Cellar/verilator/5.052/share/verilator/include/vltstd -DVERILATOR=1 -DVM_COVERAGE=0 -DVM_SC=0 -DVM_TIMING=0 -DVM_TRACE=0 -DVM_TRACE_FST=0 -DVM_TRACE_VCD=0 -DVM_TRACE_SAIF=0 -DVM_VPI=1 -faligned-new -fbracket-depth=4096 -fcf-protection=none -Xclang -fno-pch-timestamp -Qunused-arguments -Wno-bool-operation -Wno-c++11-narrowing -Wno-constant-logical-operand -Wno-int-in-bool-context -Wno-non-pod-varargs -Wno-parentheses-equality -Wno-shadow -Wno-sign-compare -Wno-tautological-bitwise-compare -Wno-tautological-compare -Wno-uninitialized -Wno-unnecessary-virtual-specifier -Wno-unused-but-set-parameter -Wno-unused-but-set-variable -Wno-unused-parameter -Wno-unused-variable -Wno-vla-cxx-extension      -c -o verilated_vpi.o /opt/homebrew/Cellar/verilator/5.052/share/verilator/include/verilated_vpi.cpp
c++ -Os  -I.  -MMD -I/opt/homebrew/Cellar/verilator/5.052/share/verilator/include -I/opt/homebrew/Cellar/verilator/5.052/share/verilator/include/vltstd -DVERILATOR=1 -DVM_COVERAGE=0 -DVM_SC=0 -DVM_TIMING=0 -DVM_TRACE=0 -DVM_TRACE_FST=0 -DVM_TRACE_VCD=0 -DVM_TRACE_SAIF=0 -DVM_VPI=1 -faligned-new -fbracket-depth=4096 -fcf-protection=none -Xclang -fno-pch-timestamp -Qunused-arguments -Wno-bool-operation -Wno-c++11-narrowing -Wno-constant-logical-operand -Wno-int-in-bool-context -Wno-non-pod-varargs -Wno-parentheses-equality -Wno-shadow -Wno-sign-compare -Wno-tautological-bitwise-compare -Wno-tautological-compare -Wno-uninitialized -Wno-unnecessary-virtual-specifier -Wno-unused-but-set-parameter -Wno-unused-but-set-variable -Wno-unused-parameter -Wno-unused-variable -Wno-vla-cxx-extension      -c -o verilated_threads.o /opt/homebrew/Cellar/verilator/5.052/share/verilator/include/verilated_threads.cpp
python3 /opt/homebrew/Cellar/verilator/5.052/share/verilator/bin/verilator_includer -DVL_INCLUDE_OPT=include Vtop.cpp Vtop___024root__0.cpp Vtop__Dpi.cpp Vtop___024root__Slow.cpp Vtop___024root__0__Slow.cpp Vtop__Syms__Slow.cpp > Vtop__ALL.cpp
c++ -Os  -I.  -MMD -I/opt/homebrew/Cellar/verilator/5.052/share/verilator/include -I/opt/homebrew/Cellar/verilator/5.052/share/verilator/include/vltstd -DVERILATOR=1 -DVM_COVERAGE=0 -DVM_SC=0 -DVM_TIMING=0 -DVM_TRACE=0 -DVM_TRACE_FST=0 -DVM_TRACE_VCD=0 -DVM_TRACE_SAIF=0 -DVM_VPI=1 -faligned-new -fbracket-depth=4096 -fcf-protection=none -Xclang -fno-pch-timestamp -Qunused-arguments -Wno-bool-operation -Wno-c++11-narrowing -Wno-constant-logical-operand -Wno-int-in-bool-context -Wno-non-pod-varargs -Wno-parentheses-equality -Wno-shadow -Wno-sign-compare -Wno-tautological-bitwise-compare -Wno-tautological-compare -Wno-uninitialized -Wno-unnecessary-virtual-specifier -Wno-unused-but-set-parameter -Wno-unused-but-set-variable -Wno-unused-parameter -Wno-unused-variable -Wno-vla-cxx-extension      -c -o Vtop__ALL.o Vtop__ALL.cpp
c++  -Wl,-U,__Z15vl_time_stamp64v,-U,__Z13sc_time_stampv,-U,_vlog_startup_routines   -rdynamic verilator.o verilated.o verilated_dpi.o verilated_vpi.o verilated_threads.o Vtop__ALL.a   -Wl,-rpath,/Users/Dilan/Projects/from-rtl-to-pixels/.venv/lib/python3.14/site-packages/cocotb/libs -L/Users/Dilan/Projects/from-rtl-to-pixels/.venv/lib/python3.14/site-packages/cocotb/libs -lcocotbvpi_verilator  -pthread -lpthread -ldl   -o Vtop
rm Vtop__ALL.verilator_deplist.tmp
rm -f /var/folders/78/xn7s20w54m75pf1x_198zh980000gn/T/tmpfykve389/results.xml
COCOTB_TEST_MODULES=test_threshold_stage COCOTB_TESTCASE=  COCOTB_TOPLEVEL=threshold_stage TOPLEVEL_LANG=verilog       \
         /var/folders/78/xn7s20w54m75pf1x_198zh980000gn/T/tmpfykve389/Vtop
     -.--ns INFO     gpi                                ../gpi/GpiCommon.cpp:242  in gpi_load_users                  Loaded entry library: '/Library/Frameworks/Python.framework/Versions/3.14/Python'
     -.--ns INFO     gpi                                ../gpi/GpiCommon.cpp:234  in gpi_load_users                  Running entry func 'initialize' from loaded library '/Users/Dilan/Projects/from-rtl-to-pixels/.venv/lib/python3.14/site-packages/cocotb/simulator.cpython-314-darwin.so'
     -.--ns INFO     pygpi                              ..ib/pygpi/embed.cpp:115  in initialize                      Using Python 3.14.6 interpreter at /Users/Dilan/Projects/from-rtl-to-pixels/.venv/bin/python
     -.--ns INFO     gpi                                ../gpi/GpiCommon.cpp:74   in gpi_print_registered_impl       GPI: VPI support registered
     0.00ns INFO     cocotb.initialize                  Seeding Python random module with 1789909239
     0.00ns INFO     cocotb.initialize                  Initialized cocotb v2.1.0 from /Users/Dilan/Projects/from-rtl-to-pixels/.venv/lib/python3.14/site-packages/cocotb
     0.00ns INFO     cocotb.initialize                  Running on Verilator version 5.052 2026-09-05
     0.00ns INFO     cocotb.regression                  Running tests
     0.00ns INFO     cocotb.regression                  running test_threshold_stage.directed_boundary_semantics_are_exact (1/4)
    12.00ns INFO     cocotb.regression                  test_threshold_stage.directed_boundary_semantics_are_exact passed
    12.00ns INFO     cocotb.regression                  running test_threshold_stage.exhaustive_threshold_domain_matches_oracle (2/4)
 65548.00ns INFO     cocotb.regression                  test_threshold_stage.exhaustive_threshold_domain_matches_oracle passed
 65548.00ns INFO     cocotb.regression                  running test_threshold_stage.bypass_returns_input_exactly (3/4)
 66572.00ns INFO     cocotb.regression                  test_threshold_stage.bypass_returns_input_exactly passed
 66572.00ns INFO     cocotb.regression                  running test_threshold_stage.deterministic_random_both_modes_match_oracle (4/4)
 70668.00ns INFO     cocotb.regression                  test_threshold_stage.deterministic_random_both_modes_match_oracle passed
 70668.00ns INFO     cocotb.regression                  ***************************************************************************************************************************
                                                        ** TEST                                                               STATUS  SIM TIME (ns)  REAL TIME (s)  RATIO (ns/s) **
                                                        ***************************************************************************************************************************
                                                        ** test_threshold_stage.directed_boundary_semantics_are_exact          PASS          12.00           0.00      53591.29  **
                                                        ** test_threshold_stage.exhaustive_threshold_domain_matches_oracle     PASS       65536.00           0.38     173032.97  **
                                                        ** test_threshold_stage.bypass_returns_input_exactly                   PASS        1024.00           0.01     167734.80  **
                                                        ** test_threshold_stage.deterministic_random_both_modes_match_oracle   PASS        4096.00           0.03     157221.50  **
                                                        ***************************************************************************************************************************
                                                        ** TESTS=4 PASS=4 FAIL=0 SKIP=0                                                   70668.00           0.41     171565.73  **
                                                        ***************************************************************************************************************************
- :0: Verilog $finish

exit_code=0
